bug_id,test_target
1,org.apache.commons.jxpath.util.BasicTypeConverterTest::testPrimitiveToString
1,org.apache.commons.jxpath.util.BasicTypeConverterTest::testArrayToList
1,org.apache.commons.jxpath.util.BasicTypeConverterTest::testArrayToArray
1,org.apache.commons.jxpath.util.BasicTypeConverterTest::testListToArray
1,org.apache.commons.jxpath.util.BasicTypeConverterTest::testInvalidConversion
1,org.apache.commons.jxpath.util.BasicTypeConverterTest::testSingletonCollectionToString
1,org.apache.commons.jxpath.util.BasicTypeConverterTest::testSingletonArrayToString
1,org.apache.commons.jxpath.util.BasicTypeConverterTest::testPointerToString
1,org.apache.commons.jxpath.util.BasicTypeConverterTest::testNodeSetToString
1,org.apache.commons.jxpath.util.BasicTypeConverterTest::testNodeSetToInteger
1,org.apache.commons.jxpath.util.BasicTypeConverterTest::testBeanUtilsConverter
1,org.apache.commons.jxpath.ri.model.jdom.JDOMModelTest::testGetNode
1,org.apache.commons.jxpath.ri.model.jdom.JDOMModelTest::testID
1,org.apache.commons.jxpath.ri.model.dynamic.DynamicPropertiesModelTest::testAxisChild
1,org.apache.commons.jxpath.ri.model.dynamic.DynamicPropertiesModelTest::testAxisDescendant
1,org.apache.commons.jxpath.ri.model.dynamic.DynamicPropertiesModelTest::testAttributeName
1,org.apache.commons.jxpath.ri.model.dynamic.DynamicPropertiesModelTest::testSetPrimitiveValue
1,org.apache.commons.jxpath.ri.model.dynamic.DynamicPropertiesModelTest::testSetCollection
1,org.apache.commons.jxpath.ri.model.dynamic.DynamicPropertiesModelTest::testSetNewKey
1,org.apache.commons.jxpath.ri.model.dynamic.DynamicPropertiesModelTest::testCreatePath
1,org.apache.commons.jxpath.ri.model.dynamic.DynamicPropertiesModelTest::testCreatePathAndSetValue
1,org.apache.commons.jxpath.ri.model.dynamic.DynamicPropertiesModelTest::testCreatePathCreateBean
1,org.apache.commons.jxpath.ri.model.dynamic.DynamicPropertiesModelTest::testCreatePathAndSetValueCreateBean
1,org.apache.commons.jxpath.ri.model.dynamic.DynamicPropertiesModelTest::testCreatePathCollectionElement
1,org.apache.commons.jxpath.ri.model.dynamic.DynamicPropertiesModelTest::testCreatePathAndSetValueCollectionElement
1,org.apache.commons.jxpath.ri.model.dynamic.DynamicPropertiesModelTest::testCreatePathNewCollectionElement
1,org.apache.commons.jxpath.ri.model.dynamic.DynamicPropertiesModelTest::testCreatePathAndSetValueNewCollectionElement
1,org.apache.commons.jxpath.ri.model.dynamic.DynamicPropertiesModelTest::testRemovePath
1,org.apache.commons.jxpath.ri.model.dynamic.DynamicPropertiesModelTest::testRemovePathArrayElement
1,org.apache.commons.jxpath.ri.model.dynamic.DynamicPropertiesModelTest::testCollectionOfMaps
1,org.apache.commons.jxpath.ri.model.dynamic.DynamicPropertiesModelTest::testMapOfMaps
1,org.apache.commons.jxpath.ri.model.dom.DOMModelTest::testGetNode
1,org.apache.commons.jxpath.ri.model.container.ContainerModelTest::testContainerVariableWithCollection
1,org.apache.commons.jxpath.ri.model.container.ContainerModelTest::testContainerPropertyWithCollection
1,org.apache.commons.jxpath.ri.model.container.ContainerModelTest::testContainerMapWithCollection
1,org.apache.commons.jxpath.ri.model.container.ContainerModelTest::testContainerRootWithCollection
1,org.apache.commons.jxpath.ri.model.beans.BeanModelTest::testIndexedProperty
1,org.apache.commons.jxpath.ri.model.for::testDocumentOrder
1,org.apache.commons.jxpath.ri.model.for::testSetValue
1,org.apache.commons.jxpath.ri.model.for::testCreatePath
1,org.apache.commons.jxpath.ri.model.for::testCreatePathAndSetValue
1,org.apache.commons.jxpath.ri.model.for::testRemovePath
1,org.apache.commons.jxpath.ri.model.for::testID
1,org.apache.commons.jxpath.ri.model.for::testAxisChild
1,org.apache.commons.jxpath.ri.model.for::testDefaultNamespaceIgnored
1,org.apache.commons.jxpath.ri.model.for::testAxisChildIndexPredicate
1,org.apache.commons.jxpath.ri.model.for::testAxisDescendant
1,org.apache.commons.jxpath.ri.model.for::testAxisParent
1,org.apache.commons.jxpath.ri.model.for::testAxisFollowingSibling
1,org.apache.commons.jxpath.ri.model.for::testAxisPrecedingSibling
1,org.apache.commons.jxpath.ri.model.for::testAxisAttribute
1,org.apache.commons.jxpath.ri.model.for::testAxisNamespace
1,org.apache.commons.jxpath.ri.model.for::testAxisAncestor
1,org.apache.commons.jxpath.ri.model.for::testAxisAncestorOrSelf
1,org.apache.commons.jxpath.ri.model.for::testAxisFollowing
1,org.apache.commons.jxpath.ri.model.for::testAxisSelf
1,org.apache.commons.jxpath.ri.model.for::testNodeTypeComment
1,org.apache.commons.jxpath.ri.model.for::testNodeTypeText
1,org.apache.commons.jxpath.ri.model.for::testNodeTypeProcessingInstruction
1,org.apache.commons.jxpath.ri.model.for::testLang
1,org.apache.commons.jxpath.ri.model.for::testDocument
1,org.apache.commons.jxpath.ri.model.for::testContainer
1,org.apache.commons.jxpath.ri.model.for::testElementInVariable
1,org.apache.commons.jxpath.ri.model.for::testTypeConversions
1,org.apache.commons.jxpath.ri.model.for::testBooleanFunction
1,org.apache.commons.jxpath.ri.model.for::testFunctionsLastAndPosition
1,org.apache.commons.jxpath.ri.model.for::testNamespaceMapping
1,org.apache.commons.jxpath.ri.model.MixedModelTest::testVar
1,org.apache.commons.jxpath.ri.model.MixedModelTest::testVarPrimitive
1,org.apache.commons.jxpath.ri.model.MixedModelTest::testVarBean
1,org.apache.commons.jxpath.ri.model.MixedModelTest::testVarMap
1,org.apache.commons.jxpath.ri.model.MixedModelTest::testVarList
1,org.apache.commons.jxpath.ri.model.MixedModelTest::testVarDocument
1,org.apache.commons.jxpath.ri.model.MixedModelTest::testVarElement
1,org.apache.commons.jxpath.ri.model.MixedModelTest::testVarContainer
1,org.apache.commons.jxpath.ri.model.MixedModelTest::testBeanPrimitive
1,org.apache.commons.jxpath.ri.model.MixedModelTest::testBeanBean
1,org.apache.commons.jxpath.ri.model.MixedModelTest::testBeanMap
1,org.apache.commons.jxpath.ri.model.MixedModelTest::testBeanList
1,org.apache.commons.jxpath.ri.model.MixedModelTest::testBeanDocument
1,org.apache.commons.jxpath.ri.model.MixedModelTest::testBeanElement
1,org.apache.commons.jxpath.ri.model.MixedModelTest::testBeanContainer
1,org.apache.commons.jxpath.ri.model.MixedModelTest::testMapPrimitive
1,org.apache.commons.jxpath.ri.model.MixedModelTest::testMapBean
1,org.apache.commons.jxpath.ri.model.MixedModelTest::testMapMap
1,org.apache.commons.jxpath.ri.model.MixedModelTest::testMapList
1,org.apache.commons.jxpath.ri.model.MixedModelTest::testMapDocument
1,org.apache.commons.jxpath.ri.model.MixedModelTest::testMapElement
1,org.apache.commons.jxpath.ri.model.MixedModelTest::testMapContainer
1,org.apache.commons.jxpath.ri.model.MixedModelTest::testListPrimitive
1,org.apache.commons.jxpath.ri.model.MixedModelTest::testListBean
1,org.apache.commons.jxpath.ri.model.MixedModelTest::testListMap
1,org.apache.commons.jxpath.ri.model.MixedModelTest::testListList
1,org.apache.commons.jxpath.ri.model.MixedModelTest::testListDocument
1,org.apache.commons.jxpath.ri.model.MixedModelTest::testListElement
1,org.apache.commons.jxpath.ri.model.MixedModelTest::testListContainer
1,org.apache.commons.jxpath.ri.model.MixedModelTest::testNull
1,org.apache.commons.jxpath.ri.model.MixedModelTest::testRootAsCollection
1,org.apache.commons.jxpath.ri.model.MixedModelTest::testCreatePath
1,org.apache.commons.jxpath.ri.model.MixedModelTest::testIterateArray
1,org.apache.commons.jxpath.ri.model.MixedModelTest::testIteratePointersArray
1,org.apache.commons.jxpath.ri.model.MixedModelTest::testIteratePointersArrayElementWithVariable
1,org.apache.commons.jxpath.ri.model.MixedModelTest::testIterateVector
1,org.apache.commons.jxpath.ri.model.MixedModelTest::testErrorProperty
1,org.apache.commons.jxpath.ri.model.MixedModelTest::testMatrix
1,org.apache.commons.jxpath.ri.model.MixedModelTest::testCreatePathAndSetValueWithMatrix
1,org.apache.commons.jxpath.ri.model.MixedModelTest::testCollectionPointer
1,org.apache.commons.jxpath.ri.model.for::testIndividualIterators
1,org.apache.commons.jxpath.ri.model.for::testMultipleIterators
1,org.apache.commons.jxpath.ri.model.for::testIteratePropertyArrayWithHasNext
1,org.apache.commons.jxpath.ri.model.for::testIteratePropertyArrayWithoutHasNext
1,org.apache.commons.jxpath.ri.model.for::testIterateAndSet
1,org.apache.commons.jxpath.ri.model.for::testIteratePointerSetValue
1,org.apache.commons.jxpath.ri.model.for::testRoot
1,org.apache.commons.jxpath.ri.model.for::testAxisAncestor
1,org.apache.commons.jxpath.ri.model.for::testAxisChild
1,org.apache.commons.jxpath.ri.model.for::testAxisChildNestedBean
1,org.apache.commons.jxpath.ri.model.for::testAxisChildNestedCollection
1,org.apache.commons.jxpath.ri.model.for::testIndexPredicate
1,org.apache.commons.jxpath.ri.model.for::testAxisDescendant
1,org.apache.commons.jxpath.ri.model.for::testAxisDescendantOrSelf
1,org.apache.commons.jxpath.ri.model.for::testAxisFollowing
1,org.apache.commons.jxpath.ri.model.for::testAxisFollowingSibling
1,org.apache.commons.jxpath.ri.model.for::testAxisParent
1,org.apache.commons.jxpath.ri.model.for::testAxisPreceding
1,org.apache.commons.jxpath.ri.model.for::testAxisPrecedingSibling
1,org.apache.commons.jxpath.ri.model.for::testAxisSelf
1,org.apache.commons.jxpath.ri.model.for::testUnion
1,org.apache.commons.jxpath.ri.model.for::testAxisAttribute
1,org.apache.commons.jxpath.ri.model.for::testAttributeName
1,org.apache.commons.jxpath.ri.model.for::testAttributeLang
1,org.apache.commons.jxpath.ri.model.for::testCoreFunctions
1,org.apache.commons.jxpath.ri.model.for::testBooleanPredicate
1,org.apache.commons.jxpath.ri.model.for::testDocumentOrder
1,org.apache.commons.jxpath.ri.model.for::testSetPropertyValue
1,org.apache.commons.jxpath.ri.model.for::testSetCollectionElement
1,org.apache.commons.jxpath.ri.model.for::testSetContextDependentNode
1,org.apache.commons.jxpath.ri.model.for::testSetNonPrimitiveValue
1,org.apache.commons.jxpath.ri.model.for::testCreatePath
1,org.apache.commons.jxpath.ri.model.for::testCreatePathAndSetValue
1,org.apache.commons.jxpath.ri.model.for::testCreatePathExpandNewCollection
1,org.apache.commons.jxpath.ri.model.for::testCreatePathAndSetValueExpandNewCollection
1,org.apache.commons.jxpath.ri.model.for::testCreatePathExpandExistingCollection
1,org.apache.commons.jxpath.ri.model.for::testCreatePathExpandExistingCollectionAndSetProperty
1,org.apache.commons.jxpath.ri.model.for::testCreatePathAndSetValueExpandExistingCollection
1,org.apache.commons.jxpath.ri.model.for::testCreatePathCreateBeanExpandCollection
1,org.apache.commons.jxpath.ri.model.for::testCreatePathAndSetValueCreateBeanExpandCollection
1,org.apache.commons.jxpath.ri.model.for::testRemovePathPropertyValue
1,org.apache.commons.jxpath.ri.model.for::testRemovePathArrayElement
1,org.apache.commons.jxpath.ri.model.for::testRemovePathBeanValue
1,org.apache.commons.jxpath.ri.model.for::testRelativeContextRelativePath
1,org.apache.commons.jxpath.ri.model.for::testRelativeContextAbsolutePath
1,org.apache.commons.jxpath.ri.model.for::testRelativeContextParent
1,org.apache.commons.jxpath.ri.model.for::testRelativeContextInheritance
1,org.apache.commons.jxpath.ri.compiler.VariableTest::testVariables
1,org.apache.commons.jxpath.ri.compiler.VariableTest::testVariablesInExpressions
1,org.apache.commons.jxpath.ri.compiler.VariableTest::testInvalidVariableName
1,org.apache.commons.jxpath.ri.compiler.VariableTest::testNestedContext
1,org.apache.commons.jxpath.ri.compiler.VariableTest::testSetValue
1,org.apache.commons.jxpath.ri.compiler.VariableTest::testCreatePathDeclareVariable
1,org.apache.commons.jxpath.ri.compiler.VariableTest::testCreatePathAndSetValueDeclareVariable
1,org.apache.commons.jxpath.ri.compiler.VariableTest::testCreatePathDeclareVariableSetCollectionElement
1,org.apache.commons.jxpath.ri.compiler.VariableTest::testCreateAndSetValuePathDeclareVariableSetCollectionElement
1,org.apache.commons.jxpath.ri.compiler.VariableTest::testCreatePathExpandCollection
1,org.apache.commons.jxpath.ri.compiler.VariableTest::testCreatePathAndSetValueExpandCollection
1,org.apache.commons.jxpath.ri.compiler.VariableTest::testCreatePathDeclareVariableSetProperty
1,org.apache.commons.jxpath.ri.compiler.VariableTest::testCreatePathAndSetValueDeclareVariableSetProperty
1,org.apache.commons.jxpath.ri.compiler.VariableTest::testCreatePathDeclareVariableSetCollectionElementProperty
1,org.apache.commons.jxpath.ri.compiler.VariableTest::testCreatePathAndSetValueDeclVarSetCollectionElementProperty
1,org.apache.commons.jxpath.ri.compiler.VariableTest::testRemovePathUndeclareVariable
1,org.apache.commons.jxpath.ri.compiler.VariableTest::testRemovePathArrayElement
1,org.apache.commons.jxpath.ri.compiler.VariableTest::testRemovePathCollectionElement
1,org.apache.commons.jxpath.ri.compiler.ExtensionFunctionTest::testConstructorLookup
1,org.apache.commons.jxpath.ri.compiler.ExtensionFunctionTest::testConstructorLookupWithExpressionContext
1,org.apache.commons.jxpath.ri.compiler.ExtensionFunctionTest::testStaticMethodLookup
1,org.apache.commons.jxpath.ri.compiler.ExtensionFunctionTest::testStaticMethodLookupWithConversion
1,org.apache.commons.jxpath.ri.compiler.ExtensionFunctionTest::testMethodLookup
1,org.apache.commons.jxpath.ri.compiler.ExtensionFunctionTest::testStaticMethodLookupWithExpressionContext
1,org.apache.commons.jxpath.ri.compiler.ExtensionFunctionTest::testMethodLookupWithExpressionContext
1,org.apache.commons.jxpath.ri.compiler.ExtensionFunctionTest::testMethodLookupWithExpressionContextAndArgument
1,org.apache.commons.jxpath.ri.compiler.ExtensionFunctionTest::testAllocation
1,org.apache.commons.jxpath.ri.compiler.ExtensionFunctionTest::testMethodCall
1,org.apache.commons.jxpath.ri.compiler.ExtensionFunctionTest::testCollectionMethodCall
1,org.apache.commons.jxpath.ri.compiler.ExtensionFunctionTest::testStaticMethodCall
1,org.apache.commons.jxpath.ri.compiler.ExtensionFunctionTest::testExpressionContext
1,org.apache.commons.jxpath.ri.compiler.ExtensionFunctionTest::testCollectionReturn
1,org.apache.commons.jxpath.ri.compiler.ExtensionFunctionTest::testNodeSetReturn
1,org.apache.commons.jxpath.ri.compiler.CoreOperationTest::testInfoSetTypes
1,org.apache.commons.jxpath.ri.compiler.CoreFunctionTest::testCoreFunctions
1,org.apache.commons.jxpath.ri.compiler.CoreFunctionTest::testIDFunction
1,org.apache.commons.jxpath.ri.compiler.CoreFunctionTest::testKeyFunction
1,org.apache.commons.jxpath.ri.compiler.CoreFunctionTest::testFormatNumberFunction
1,org.apache.commons.jxpath.ri.compiler.ContextDependencyTest::testContextDependency
1,org.apache.commons.jxpath.ri.compiler.ContextDependencyTest::testContextDependency
1,org.apache.commons.jxpath.ri.axes.SimplePathInterpreterTest::testDoStepNoPredicatesPropertyOwner
1,org.apache.commons.jxpath.ri.axes.SimplePathInterpreterTest::testDoStepNoPredicatesStandard
1,org.apache.commons.jxpath.ri.axes.SimplePathInterpreterTest::testDoStepPredicatesPropertyOwner
1,org.apache.commons.jxpath.ri.axes.SimplePathInterpreterTest::testDoStepPredicatesStandard
1,org.apache.commons.jxpath.ri.axes.SimplePathInterpreterTest::testDoPredicateName
1,org.apache.commons.jxpath.ri.axes.SimplePathInterpreterTest::testDoPredicatesStandard
1,org.apache.commons.jxpath.ri.axes.SimplePathInterpreterTest::testDoPredicateIndex
1,org.apache.commons.jxpath.ri.axes.SimplePathInterpreterTest::testInterpretExpressionPath
1,org.apache.commons.jxpath.ri.axes.RecursiveAxesTest::testInfiniteDescent
1,org.apache.commons.jxpath.ri.StressTest::testThreads
1,org.apache.commons.jxpath.ri.JXPathCompiledExpressionTest::testConstant
1,org.apache.commons.jxpath.ri.JXPathCompiledExpressionTest::testCoreFunction
1,org.apache.commons.jxpath.ri.JXPathCompiledExpressionTest::testCoreOperationAnd
1,org.apache.commons.jxpath.ri.JXPathCompiledExpressionTest::testCoreOperationOr
1,org.apache.commons.jxpath.ri.JXPathCompiledExpressionTest::testCoreOperationEqual
1,org.apache.commons.jxpath.ri.JXPathCompiledExpressionTest::testCoreOperationNameAttributeTest
1,org.apache.commons.jxpath.ri.JXPathCompiledExpressionTest::testCoreOperationNotEqual
1,org.apache.commons.jxpath.ri.JXPathCompiledExpressionTest::testCoreOperationLessThan
1,org.apache.commons.jxpath.ri.JXPathCompiledExpressionTest::testCoreOperationLessThanOrEqual
1,org.apache.commons.jxpath.ri.JXPathCompiledExpressionTest::testCoreOperationGreaterThan
1,org.apache.commons.jxpath.ri.JXPathCompiledExpressionTest::testCoreOperationGreaterThanOrEqual
1,org.apache.commons.jxpath.ri.JXPathCompiledExpressionTest::testCoreOperationDivide
1,org.apache.commons.jxpath.ri.JXPathCompiledExpressionTest::testCoreOperationMod
1,org.apache.commons.jxpath.ri.JXPathCompiledExpressionTest::testCoreOperationMultiply
1,org.apache.commons.jxpath.ri.JXPathCompiledExpressionTest::testCoreOperationMinus
1,org.apache.commons.jxpath.ri.JXPathCompiledExpressionTest::testCoreOperationSum
1,org.apache.commons.jxpath.ri.JXPathCompiledExpressionTest::testCoreOperationUnaryMinus
1,org.apache.commons.jxpath.ri.JXPathCompiledExpressionTest::testCoreOperationUnion
1,org.apache.commons.jxpath.ri.JXPathCompiledExpressionTest::testExpressionPath
1,org.apache.commons.jxpath.ri.JXPathCompiledExpressionTest::testExtensionFunction
1,org.apache.commons.jxpath.ri.JXPathCompiledExpressionTest::testLocationPathAxisSelf
1,org.apache.commons.jxpath.ri.JXPathCompiledExpressionTest::testLocationPathAxisChild
1,org.apache.commons.jxpath.ri.JXPathCompiledExpressionTest::testLocationPathAxisParent
1,org.apache.commons.jxpath.ri.JXPathCompiledExpressionTest::testLocationPathAxisAttribute
1,org.apache.commons.jxpath.ri.JXPathCompiledExpressionTest::testLocationPathAxisDescendant
1,org.apache.commons.jxpath.ri.JXPathCompiledExpressionTest::testLocationPathAxisDescendantOrSelf
1,org.apache.commons.jxpath.ri.JXPathCompiledExpressionTest::testLocationPathAxisOther
1,org.apache.commons.jxpath.ri.JXPathCompiledExpressionTest::testLocationPathNodeTest
1,org.apache.commons.jxpath.ri.JXPathCompiledExpressionTest::testVariableReference
2,org.apache.commons.jxpath.util.BasicTypeConverterTest::testPrimitiveToString
2,org.apache.commons.jxpath.util.BasicTypeConverterTest::testArrayToList
2,org.apache.commons.jxpath.util.BasicTypeConverterTest::testArrayToArray
2,org.apache.commons.jxpath.util.BasicTypeConverterTest::testListToArray
2,org.apache.commons.jxpath.util.BasicTypeConverterTest::testInvalidConversion
2,org.apache.commons.jxpath.util.BasicTypeConverterTest::testSingletonCollectionToString
2,org.apache.commons.jxpath.util.BasicTypeConverterTest::testSingletonArrayToString
2,org.apache.commons.jxpath.util.BasicTypeConverterTest::testPointerToString
2,org.apache.commons.jxpath.util.BasicTypeConverterTest::testNodeSetToString
2,org.apache.commons.jxpath.util.BasicTypeConverterTest::testNodeSetToInteger
2,org.apache.commons.jxpath.util.BasicTypeConverterTest::testBeanUtilsConverter
2,org.apache.commons.jxpath.ri.model.jdom.JDOMModelTest::testGetNode
2,org.apache.commons.jxpath.ri.model.jdom.JDOMModelTest::testID
2,org.apache.commons.jxpath.ri.model.dynamic.DynamicPropertiesModelTest::testAxisChild
2,org.apache.commons.jxpath.ri.model.dynamic.DynamicPropertiesModelTest::testAxisDescendant
2,org.apache.commons.jxpath.ri.model.dynamic.DynamicPropertiesModelTest::testAttributeName
2,org.apache.commons.jxpath.ri.model.dynamic.DynamicPropertiesModelTest::testSetPrimitiveValue
2,org.apache.commons.jxpath.ri.model.dynamic.DynamicPropertiesModelTest::testSetCollection
2,org.apache.commons.jxpath.ri.model.dynamic.DynamicPropertiesModelTest::testSetNewKey
2,org.apache.commons.jxpath.ri.model.dynamic.DynamicPropertiesModelTest::testCreatePath
2,org.apache.commons.jxpath.ri.model.dynamic.DynamicPropertiesModelTest::testCreatePathAndSetValue
2,org.apache.commons.jxpath.ri.model.dynamic.DynamicPropertiesModelTest::testCreatePathCreateBean
2,org.apache.commons.jxpath.ri.model.dynamic.DynamicPropertiesModelTest::testCreatePathAndSetValueCreateBean
2,org.apache.commons.jxpath.ri.model.dynamic.DynamicPropertiesModelTest::testCreatePathCollectionElement
2,org.apache.commons.jxpath.ri.model.dynamic.DynamicPropertiesModelTest::testCreatePathAndSetValueCollectionElement
2,org.apache.commons.jxpath.ri.model.dynamic.DynamicPropertiesModelTest::testCreatePathNewCollectionElement
2,org.apache.commons.jxpath.ri.model.dynamic.DynamicPropertiesModelTest::testCreatePathAndSetValueNewCollectionElement
2,org.apache.commons.jxpath.ri.model.dynamic.DynamicPropertiesModelTest::testRemovePath
2,org.apache.commons.jxpath.ri.model.dynamic.DynamicPropertiesModelTest::testRemovePathArrayElement
2,org.apache.commons.jxpath.ri.model.dynamic.DynamicPropertiesModelTest::testCollectionOfMaps
2,org.apache.commons.jxpath.ri.model.dynamic.DynamicPropertiesModelTest::testMapOfMaps
2,org.apache.commons.jxpath.ri.model.dom.DOMModelTest::testGetNode
2,org.apache.commons.jxpath.ri.model.container.ContainerModelTest::testContainerVariableWithCollection
2,org.apache.commons.jxpath.ri.model.container.ContainerModelTest::testContainerPropertyWithCollection
2,org.apache.commons.jxpath.ri.model.container.ContainerModelTest::testContainerMapWithCollection
2,org.apache.commons.jxpath.ri.model.container.ContainerModelTest::testContainerRootWithCollection
2,org.apache.commons.jxpath.ri.model.beans.BeanModelTest::testIndexedProperty
2,org.apache.commons.jxpath.ri.model.for::testDocumentOrder
2,org.apache.commons.jxpath.ri.model.for::testSetValue
2,org.apache.commons.jxpath.ri.model.for::testCreatePath
2,org.apache.commons.jxpath.ri.model.for::testCreatePathAndSetValue
2,org.apache.commons.jxpath.ri.model.for::testRemovePath
2,org.apache.commons.jxpath.ri.model.for::testID
2,org.apache.commons.jxpath.ri.model.for::testAxisChild
2,org.apache.commons.jxpath.ri.model.for::testDefaultNamespaceIgnored
2,org.apache.commons.jxpath.ri.model.for::testAxisChildIndexPredicate
2,org.apache.commons.jxpath.ri.model.for::testAxisDescendant
2,org.apache.commons.jxpath.ri.model.for::testAxisParent
2,org.apache.commons.jxpath.ri.model.for::testAxisFollowingSibling
2,org.apache.commons.jxpath.ri.model.for::testAxisPrecedingSibling
2,org.apache.commons.jxpath.ri.model.for::testAxisAttribute
2,org.apache.commons.jxpath.ri.model.for::testAxisNamespace
2,org.apache.commons.jxpath.ri.model.for::testAxisAncestor
2,org.apache.commons.jxpath.ri.model.for::testAxisAncestorOrSelf
2,org.apache.commons.jxpath.ri.model.for::testAxisFollowing
2,org.apache.commons.jxpath.ri.model.for::testAxisSelf
2,org.apache.commons.jxpath.ri.model.for::testNodeTypeComment
2,org.apache.commons.jxpath.ri.model.for::testNodeTypeText
2,org.apache.commons.jxpath.ri.model.for::testNodeTypeProcessingInstruction
2,org.apache.commons.jxpath.ri.model.for::testLang
2,org.apache.commons.jxpath.ri.model.for::testDocument
2,org.apache.commons.jxpath.ri.model.for::testContainer
2,org.apache.commons.jxpath.ri.model.for::testElementInVariable
2,org.apache.commons.jxpath.ri.model.for::testTypeConversions
2,org.apache.commons.jxpath.ri.model.for::testBooleanFunction
2,org.apache.commons.jxpath.ri.model.for::testFunctionsLastAndPosition
2,org.apache.commons.jxpath.ri.model.for::testNamespaceMapping
2,org.apache.commons.jxpath.ri.model.MixedModelTest::testVar
2,org.apache.commons.jxpath.ri.model.MixedModelTest::testVarPrimitive
2,org.apache.commons.jxpath.ri.model.MixedModelTest::testVarBean
2,org.apache.commons.jxpath.ri.model.MixedModelTest::testVarMap
2,org.apache.commons.jxpath.ri.model.MixedModelTest::testVarList
2,org.apache.commons.jxpath.ri.model.MixedModelTest::testVarDocument
2,org.apache.commons.jxpath.ri.model.MixedModelTest::testVarElement
2,org.apache.commons.jxpath.ri.model.MixedModelTest::testVarContainer
2,org.apache.commons.jxpath.ri.model.MixedModelTest::testBeanPrimitive
2,org.apache.commons.jxpath.ri.model.MixedModelTest::testBeanBean
2,org.apache.commons.jxpath.ri.model.MixedModelTest::testBeanMap
2,org.apache.commons.jxpath.ri.model.MixedModelTest::testBeanList
2,org.apache.commons.jxpath.ri.model.MixedModelTest::testBeanDocument
2,org.apache.commons.jxpath.ri.model.MixedModelTest::testBeanElement
2,org.apache.commons.jxpath.ri.model.MixedModelTest::testBeanContainer
2,org.apache.commons.jxpath.ri.model.MixedModelTest::testMapPrimitive
2,org.apache.commons.jxpath.ri.model.MixedModelTest::testMapBean
2,org.apache.commons.jxpath.ri.model.MixedModelTest::testMapMap
2,org.apache.commons.jxpath.ri.model.MixedModelTest::testMapList
2,org.apache.commons.jxpath.ri.model.MixedModelTest::testMapDocument
2,org.apache.commons.jxpath.ri.model.MixedModelTest::testMapElement
2,org.apache.commons.jxpath.ri.model.MixedModelTest::testMapContainer
2,org.apache.commons.jxpath.ri.model.MixedModelTest::testListPrimitive
2,org.apache.commons.jxpath.ri.model.MixedModelTest::testListBean
2,org.apache.commons.jxpath.ri.model.MixedModelTest::testListMap
2,org.apache.commons.jxpath.ri.model.MixedModelTest::testListList
2,org.apache.commons.jxpath.ri.model.MixedModelTest::testListDocument
2,org.apache.commons.jxpath.ri.model.MixedModelTest::testListElement
2,org.apache.commons.jxpath.ri.model.MixedModelTest::testListContainer
2,org.apache.commons.jxpath.ri.model.MixedModelTest::testNull
2,org.apache.commons.jxpath.ri.model.MixedModelTest::testRootAsCollection
2,org.apache.commons.jxpath.ri.model.MixedModelTest::testCreatePath
2,org.apache.commons.jxpath.ri.model.MixedModelTest::testIterateArray
2,org.apache.commons.jxpath.ri.model.MixedModelTest::testIteratePointersArray
2,org.apache.commons.jxpath.ri.model.MixedModelTest::testIteratePointersArrayElementWithVariable
2,org.apache.commons.jxpath.ri.model.MixedModelTest::testIterateVector
2,org.apache.commons.jxpath.ri.model.MixedModelTest::testErrorProperty
2,org.apache.commons.jxpath.ri.model.MixedModelTest::testMatrix
2,org.apache.commons.jxpath.ri.model.MixedModelTest::testCreatePathAndSetValueWithMatrix
2,org.apache.commons.jxpath.ri.model.MixedModelTest::testCollectionPointer
2,org.apache.commons.jxpath.ri.model.for::testIndividualIterators
2,org.apache.commons.jxpath.ri.model.for::testMultipleIterators
2,org.apache.commons.jxpath.ri.model.for::testIteratePropertyArrayWithHasNext
2,org.apache.commons.jxpath.ri.model.for::testIteratePropertyArrayWithoutHasNext
2,org.apache.commons.jxpath.ri.model.for::testIterateAndSet
2,org.apache.commons.jxpath.ri.model.for::testIteratePointerSetValue
2,org.apache.commons.jxpath.ri.model.for::testRoot
2,org.apache.commons.jxpath.ri.model.for::testAxisAncestor
2,org.apache.commons.jxpath.ri.model.for::testAxisChild
2,org.apache.commons.jxpath.ri.model.for::testAxisChildNestedBean
2,org.apache.commons.jxpath.ri.model.for::testAxisChildNestedCollection
2,org.apache.commons.jxpath.ri.model.for::testIndexPredicate
2,org.apache.commons.jxpath.ri.model.for::testAxisDescendant
2,org.apache.commons.jxpath.ri.model.for::testAxisDescendantOrSelf
2,org.apache.commons.jxpath.ri.model.for::testAxisFollowing
2,org.apache.commons.jxpath.ri.model.for::testAxisFollowingSibling
2,org.apache.commons.jxpath.ri.model.for::testAxisParent
2,org.apache.commons.jxpath.ri.model.for::testAxisPreceding
2,org.apache.commons.jxpath.ri.model.for::testAxisPrecedingSibling
2,org.apache.commons.jxpath.ri.model.for::testAxisSelf
2,org.apache.commons.jxpath.ri.model.for::testUnion
2,org.apache.commons.jxpath.ri.model.for::testAxisAttribute
2,org.apache.commons.jxpath.ri.model.for::testAttributeName
2,org.apache.commons.jxpath.ri.model.for::testAttributeLang
2,org.apache.commons.jxpath.ri.model.for::testCoreFunctions
2,org.apache.commons.jxpath.ri.model.for::testBooleanPredicate
2,org.apache.commons.jxpath.ri.model.for::testDocumentOrder
2,org.apache.commons.jxpath.ri.model.for::testSetPropertyValue
2,org.apache.commons.jxpath.ri.model.for::testSetCollectionElement
2,org.apache.commons.jxpath.ri.model.for::testSetContextDependentNode
2,org.apache.commons.jxpath.ri.model.for::testSetNonPrimitiveValue
2,org.apache.commons.jxpath.ri.model.for::testCreatePath
2,org.apache.commons.jxpath.ri.model.for::testCreatePathAndSetValue
2,org.apache.commons.jxpath.ri.model.for::testCreatePathExpandNewCollection
2,org.apache.commons.jxpath.ri.model.for::testCreatePathAndSetValueExpandNewCollection
2,org.apache.commons.jxpath.ri.model.for::testCreatePathExpandExistingCollection
2,org.apache.commons.jxpath.ri.model.for::testCreatePathExpandExistingCollectionAndSetProperty
2,org.apache.commons.jxpath.ri.model.for::testCreatePathAndSetValueExpandExistingCollection
2,org.apache.commons.jxpath.ri.model.for::testCreatePathCreateBeanExpandCollection
2,org.apache.commons.jxpath.ri.model.for::testCreatePathAndSetValueCreateBeanExpandCollection
2,org.apache.commons.jxpath.ri.model.for::testRemovePathPropertyValue
2,org.apache.commons.jxpath.ri.model.for::testRemovePathArrayElement
2,org.apache.commons.jxpath.ri.model.for::testRemovePathBeanValue
2,org.apache.commons.jxpath.ri.model.for::testRelativeContextRelativePath
2,org.apache.commons.jxpath.ri.model.for::testRelativeContextAbsolutePath
2,org.apache.commons.jxpath.ri.model.for::testRelativeContextParent
2,org.apache.commons.jxpath.ri.model.for::testRelativeContextInheritance
2,org.apache.commons.jxpath.ri.compiler.ExtensionFunctionTest::testConstructorLookup
2,org.apache.commons.jxpath.ri.compiler.ExtensionFunctionTest::testConstructorLookupWithExpressionContext
2,org.apache.commons.jxpath.ri.compiler.ExtensionFunctionTest::testStaticMethodLookup
2,org.apache.commons.jxpath.ri.compiler.ExtensionFunctionTest::testStaticMethodLookupWithConversion
2,org.apache.commons.jxpath.ri.compiler.ExtensionFunctionTest::testMethodLookup
2,org.apache.commons.jxpath.ri.compiler.ExtensionFunctionTest::testStaticMethodLookupWithExpressionContext
2,org.apache.commons.jxpath.ri.compiler.ExtensionFunctionTest::testMethodLookupWithExpressionContext
2,org.apache.commons.jxpath.ri.compiler.ExtensionFunctionTest::testMethodLookupWithExpressionContextAndArgument
2,org.apache.commons.jxpath.ri.compiler.ExtensionFunctionTest::testAllocation
2,org.apache.commons.jxpath.ri.compiler.ExtensionFunctionTest::testMethodCall
2,org.apache.commons.jxpath.ri.compiler.ExtensionFunctionTest::testCollectionMethodCall
2,org.apache.commons.jxpath.ri.compiler.ExtensionFunctionTest::testStaticMethodCall
2,org.apache.commons.jxpath.ri.compiler.ExtensionFunctionTest::testExpressionContext
2,org.apache.commons.jxpath.ri.compiler.ExtensionFunctionTest::testCollectionReturn
2,org.apache.commons.jxpath.ri.compiler.ExtensionFunctionTest::testNodeSetReturn
2,org.apache.commons.jxpath.ri.compiler.VariableTest::testVariables
2,org.apache.commons.jxpath.ri.compiler.VariableTest::testVariablesInExpressions
2,org.apache.commons.jxpath.ri.compiler.VariableTest::testInvalidVariableName
2,org.apache.commons.jxpath.ri.compiler.VariableTest::testNestedContext
2,org.apache.commons.jxpath.ri.compiler.VariableTest::testSetValue
2,org.apache.commons.jxpath.ri.compiler.VariableTest::testCreatePathDeclareVariable
2,org.apache.commons.jxpath.ri.compiler.VariableTest::testCreatePathAndSetValueDeclareVariable
2,org.apache.commons.jxpath.ri.compiler.VariableTest::testCreatePathDeclareVariableSetCollectionElement
2,org.apache.commons.jxpath.ri.compiler.VariableTest::testCreateAndSetValuePathDeclareVariableSetCollectionElement
2,org.apache.commons.jxpath.ri.compiler.VariableTest::testCreatePathExpandCollection
2,org.apache.commons.jxpath.ri.compiler.VariableTest::testCreatePathAndSetValueExpandCollection
2,org.apache.commons.jxpath.ri.compiler.VariableTest::testCreatePathDeclareVariableSetProperty
2,org.apache.commons.jxpath.ri.compiler.VariableTest::testCreatePathAndSetValueDeclareVariableSetProperty
2,org.apache.commons.jxpath.ri.compiler.VariableTest::testCreatePathDeclareVariableSetCollectionElementProperty
2,org.apache.commons.jxpath.ri.compiler.VariableTest::testCreatePathAndSetValueDeclVarSetCollectionElementProperty
2,org.apache.commons.jxpath.ri.compiler.VariableTest::testRemovePathUndeclareVariable
2,org.apache.commons.jxpath.ri.compiler.VariableTest::testRemovePathArrayElement
2,org.apache.commons.jxpath.ri.compiler.VariableTest::testRemovePathCollectionElement
2,org.apache.commons.jxpath.ri.compiler.CoreOperationTest::testInfoSetTypes
2,org.apache.commons.jxpath.ri.compiler.CoreFunctionTest::testCoreFunctions
2,org.apache.commons.jxpath.ri.compiler.CoreFunctionTest::testIDFunction
2,org.apache.commons.jxpath.ri.compiler.CoreFunctionTest::testKeyFunction
2,org.apache.commons.jxpath.ri.compiler.CoreFunctionTest::testFormatNumberFunction
2,org.apache.commons.jxpath.ri.compiler.ContextDependencyTest::testContextDependency
2,org.apache.commons.jxpath.ri.compiler.ContextDependencyTest::testContextDependency
2,org.apache.commons.jxpath.ri.axes.SimplePathInterpreterTest::testDoStepNoPredicatesPropertyOwner
2,org.apache.commons.jxpath.ri.axes.SimplePathInterpreterTest::testDoStepNoPredicatesStandard
2,org.apache.commons.jxpath.ri.axes.SimplePathInterpreterTest::testDoStepPredicatesPropertyOwner
2,org.apache.commons.jxpath.ri.axes.SimplePathInterpreterTest::testDoStepPredicatesStandard
2,org.apache.commons.jxpath.ri.axes.SimplePathInterpreterTest::testDoPredicateName
2,org.apache.commons.jxpath.ri.axes.SimplePathInterpreterTest::testDoPredicatesStandard
2,org.apache.commons.jxpath.ri.axes.SimplePathInterpreterTest::testDoPredicateIndex
2,org.apache.commons.jxpath.ri.axes.SimplePathInterpreterTest::testInterpretExpressionPath
2,org.apache.commons.jxpath.ri.axes.RecursiveAxesTest::testInfiniteDescent
2,org.apache.commons.jxpath.ri.StressTest::testThreads
2,org.apache.commons.jxpath.ri.JXPathCompiledExpressionTest::testConstant
2,org.apache.commons.jxpath.ri.JXPathCompiledExpressionTest::testCoreFunction
2,org.apache.commons.jxpath.ri.JXPathCompiledExpressionTest::testCoreOperationAnd
2,org.apache.commons.jxpath.ri.JXPathCompiledExpressionTest::testCoreOperationOr
2,org.apache.commons.jxpath.ri.JXPathCompiledExpressionTest::testCoreOperationEqual
2,org.apache.commons.jxpath.ri.JXPathCompiledExpressionTest::testCoreOperationNameAttributeTest
2,org.apache.commons.jxpath.ri.JXPathCompiledExpressionTest::testCoreOperationNotEqual
2,org.apache.commons.jxpath.ri.JXPathCompiledExpressionTest::testCoreOperationLessThan
2,org.apache.commons.jxpath.ri.JXPathCompiledExpressionTest::testCoreOperationLessThanOrEqual
2,org.apache.commons.jxpath.ri.JXPathCompiledExpressionTest::testCoreOperationGreaterThan
2,org.apache.commons.jxpath.ri.JXPathCompiledExpressionTest::testCoreOperationGreaterThanOrEqual
2,org.apache.commons.jxpath.ri.JXPathCompiledExpressionTest::testCoreOperationDivide
2,org.apache.commons.jxpath.ri.JXPathCompiledExpressionTest::testCoreOperationMod
2,org.apache.commons.jxpath.ri.JXPathCompiledExpressionTest::testCoreOperationMultiply
2,org.apache.commons.jxpath.ri.JXPathCompiledExpressionTest::testCoreOperationMinus
2,org.apache.commons.jxpath.ri.JXPathCompiledExpressionTest::testCoreOperationSum
2,org.apache.commons.jxpath.ri.JXPathCompiledExpressionTest::testCoreOperationUnaryMinus
2,org.apache.commons.jxpath.ri.JXPathCompiledExpressionTest::testCoreOperationUnion
2,org.apache.commons.jxpath.ri.JXPathCompiledExpressionTest::testExpressionPath
2,org.apache.commons.jxpath.ri.JXPathCompiledExpressionTest::testExtensionFunction
2,org.apache.commons.jxpath.ri.JXPathCompiledExpressionTest::testLocationPathAxisSelf
2,org.apache.commons.jxpath.ri.JXPathCompiledExpressionTest::testLocationPathAxisChild
2,org.apache.commons.jxpath.ri.JXPathCompiledExpressionTest::testLocationPathAxisParent
2,org.apache.commons.jxpath.ri.JXPathCompiledExpressionTest::testLocationPathAxisAttribute
2,org.apache.commons.jxpath.ri.JXPathCompiledExpressionTest::testLocationPathAxisDescendant
2,org.apache.commons.jxpath.ri.JXPathCompiledExpressionTest::testLocationPathAxisDescendantOrSelf
2,org.apache.commons.jxpath.ri.JXPathCompiledExpressionTest::testLocationPathAxisOther
2,org.apache.commons.jxpath.ri.JXPathCompiledExpressionTest::testLocationPathNodeTest
2,org.apache.commons.jxpath.ri.JXPathCompiledExpressionTest::testVariableReference
3,org.apache.commons.jxpath.util.BasicTypeConverterTest::testPrimitiveToString
3,org.apache.commons.jxpath.util.BasicTypeConverterTest::testArrayToList
3,org.apache.commons.jxpath.util.BasicTypeConverterTest::testArrayToArray
3,org.apache.commons.jxpath.util.BasicTypeConverterTest::testListToArray
3,org.apache.commons.jxpath.util.BasicTypeConverterTest::testInvalidConversion
3,org.apache.commons.jxpath.util.BasicTypeConverterTest::testSingletonCollectionToString
3,org.apache.commons.jxpath.util.BasicTypeConverterTest::testSingletonArrayToString
3,org.apache.commons.jxpath.util.BasicTypeConverterTest::testPointerToString
3,org.apache.commons.jxpath.util.BasicTypeConverterTest::testNodeSetToString
3,org.apache.commons.jxpath.util.BasicTypeConverterTest::testNodeSetToInteger
3,org.apache.commons.jxpath.util.BasicTypeConverterTest::testBeanUtilsConverter
3,org.apache.commons.jxpath.ri.model.jdom.JDOMModelTest::testGetNode
3,org.apache.commons.jxpath.ri.model.jdom.JDOMModelTest::testID
3,org.apache.commons.jxpath.ri.model.dynamic.DynamicPropertiesModelTest::testAxisChild
3,org.apache.commons.jxpath.ri.model.dynamic.DynamicPropertiesModelTest::testAxisDescendant
3,org.apache.commons.jxpath.ri.model.dynamic.DynamicPropertiesModelTest::testAttributeName
3,org.apache.commons.jxpath.ri.model.dynamic.DynamicPropertiesModelTest::testSetPrimitiveValue
3,org.apache.commons.jxpath.ri.model.dynamic.DynamicPropertiesModelTest::testSetCollection
3,org.apache.commons.jxpath.ri.model.dynamic.DynamicPropertiesModelTest::testSetNewKey
3,org.apache.commons.jxpath.ri.model.dynamic.DynamicPropertiesModelTest::testCreatePath
3,org.apache.commons.jxpath.ri.model.dynamic.DynamicPropertiesModelTest::testCreatePathAndSetValue
3,org.apache.commons.jxpath.ri.model.dynamic.DynamicPropertiesModelTest::testCreatePathCreateBean
3,org.apache.commons.jxpath.ri.model.dynamic.DynamicPropertiesModelTest::testCreatePathAndSetValueCreateBean
3,org.apache.commons.jxpath.ri.model.dynamic.DynamicPropertiesModelTest::testCreatePathCollectionElement
3,org.apache.commons.jxpath.ri.model.dynamic.DynamicPropertiesModelTest::testCreatePathAndSetValueCollectionElement
3,org.apache.commons.jxpath.ri.model.dynamic.DynamicPropertiesModelTest::testCreatePathNewCollectionElement
3,org.apache.commons.jxpath.ri.model.dynamic.DynamicPropertiesModelTest::testCreatePathAndSetValueNewCollectionElement
3,org.apache.commons.jxpath.ri.model.dynamic.DynamicPropertiesModelTest::testRemovePath
3,org.apache.commons.jxpath.ri.model.dynamic.DynamicPropertiesModelTest::testRemovePathArrayElement
3,org.apache.commons.jxpath.ri.model.dynamic.DynamicPropertiesModelTest::testCollectionOfMaps
3,org.apache.commons.jxpath.ri.model.dynamic.DynamicPropertiesModelTest::testMapOfMaps
3,org.apache.commons.jxpath.ri.model.dom.DOMModelTest::testGetNode
3,org.apache.commons.jxpath.ri.model.container.ContainerModelTest::testContainerVariableWithCollection
3,org.apache.commons.jxpath.ri.model.container.ContainerModelTest::testContainerPropertyWithCollection
3,org.apache.commons.jxpath.ri.model.container.ContainerModelTest::testContainerMapWithCollection
3,org.apache.commons.jxpath.ri.model.container.ContainerModelTest::testContainerRootWithCollection
3,org.apache.commons.jxpath.ri.model.beans.BadlyImplementedFactoryTest::testBadFactoryImplementation
3,org.apache.commons.jxpath.ri.model.beans.BeanModelTest::testIndexedProperty
3,org.apache.commons.jxpath.ri.model.for::testDocumentOrder
3,org.apache.commons.jxpath.ri.model.for::testSetValue
3,org.apache.commons.jxpath.ri.model.for::testCreatePath
3,org.apache.commons.jxpath.ri.model.for::testCreatePathAndSetValue
3,org.apache.commons.jxpath.ri.model.for::testRemovePath
3,org.apache.commons.jxpath.ri.model.for::testID
3,org.apache.commons.jxpath.ri.model.for::testAxisChild
3,org.apache.commons.jxpath.ri.model.for::testDefaultNamespaceIgnored
3,org.apache.commons.jxpath.ri.model.for::testAxisChildIndexPredicate
3,org.apache.commons.jxpath.ri.model.for::testAxisDescendant
3,org.apache.commons.jxpath.ri.model.for::testAxisParent
3,org.apache.commons.jxpath.ri.model.for::testAxisFollowingSibling
3,org.apache.commons.jxpath.ri.model.for::testAxisPrecedingSibling
3,org.apache.commons.jxpath.ri.model.for::testAxisAttribute
3,org.apache.commons.jxpath.ri.model.for::testAxisNamespace
3,org.apache.commons.jxpath.ri.model.for::testAxisAncestor
3,org.apache.commons.jxpath.ri.model.for::testAxisAncestorOrSelf
3,org.apache.commons.jxpath.ri.model.for::testAxisFollowing
3,org.apache.commons.jxpath.ri.model.for::testAxisSelf
3,org.apache.commons.jxpath.ri.model.for::testNodeTypeComment
3,org.apache.commons.jxpath.ri.model.for::testNodeTypeText
3,org.apache.commons.jxpath.ri.model.for::testNodeTypeProcessingInstruction
3,org.apache.commons.jxpath.ri.model.for::testLang
3,org.apache.commons.jxpath.ri.model.for::testDocument
3,org.apache.commons.jxpath.ri.model.for::testContainer
3,org.apache.commons.jxpath.ri.model.for::testElementInVariable
3,org.apache.commons.jxpath.ri.model.for::testTypeConversions
3,org.apache.commons.jxpath.ri.model.for::testBooleanFunction
3,org.apache.commons.jxpath.ri.model.for::testFunctionsLastAndPosition
3,org.apache.commons.jxpath.ri.model.for::testNamespaceMapping
3,org.apache.commons.jxpath.ri.model.MixedModelTest::testVar
3,org.apache.commons.jxpath.ri.model.MixedModelTest::testVarPrimitive
3,org.apache.commons.jxpath.ri.model.MixedModelTest::testVarBean
3,org.apache.commons.jxpath.ri.model.MixedModelTest::testVarMap
3,org.apache.commons.jxpath.ri.model.MixedModelTest::testVarList
3,org.apache.commons.jxpath.ri.model.MixedModelTest::testVarDocument
3,org.apache.commons.jxpath.ri.model.MixedModelTest::testVarElement
3,org.apache.commons.jxpath.ri.model.MixedModelTest::testVarContainer
3,org.apache.commons.jxpath.ri.model.MixedModelTest::testBeanPrimitive
3,org.apache.commons.jxpath.ri.model.MixedModelTest::testBeanBean
3,org.apache.commons.jxpath.ri.model.MixedModelTest::testBeanMap
3,org.apache.commons.jxpath.ri.model.MixedModelTest::testBeanList
3,org.apache.commons.jxpath.ri.model.MixedModelTest::testBeanDocument
3,org.apache.commons.jxpath.ri.model.MixedModelTest::testBeanElement
3,org.apache.commons.jxpath.ri.model.MixedModelTest::testBeanContainer
3,org.apache.commons.jxpath.ri.model.MixedModelTest::testMapPrimitive
3,org.apache.commons.jxpath.ri.model.MixedModelTest::testMapBean
3,org.apache.commons.jxpath.ri.model.MixedModelTest::testMapMap
3,org.apache.commons.jxpath.ri.model.MixedModelTest::testMapList
3,org.apache.commons.jxpath.ri.model.MixedModelTest::testMapDocument
3,org.apache.commons.jxpath.ri.model.MixedModelTest::testMapElement
3,org.apache.commons.jxpath.ri.model.MixedModelTest::testMapContainer
3,org.apache.commons.jxpath.ri.model.MixedModelTest::testListPrimitive
3,org.apache.commons.jxpath.ri.model.MixedModelTest::testListBean
3,org.apache.commons.jxpath.ri.model.MixedModelTest::testListMap
3,org.apache.commons.jxpath.ri.model.MixedModelTest::testListList
3,org.apache.commons.jxpath.ri.model.MixedModelTest::testListDocument
3,org.apache.commons.jxpath.ri.model.MixedModelTest::testListElement
3,org.apache.commons.jxpath.ri.model.MixedModelTest::testListContainer
3,org.apache.commons.jxpath.ri.model.MixedModelTest::testNull
3,org.apache.commons.jxpath.ri.model.MixedModelTest::testRootAsCollection
3,org.apache.commons.jxpath.ri.model.MixedModelTest::testCreatePath
3,org.apache.commons.jxpath.ri.model.MixedModelTest::testIterateArray
3,org.apache.commons.jxpath.ri.model.MixedModelTest::testIteratePointersArray
3,org.apache.commons.jxpath.ri.model.MixedModelTest::testIteratePointersArrayElementWithVariable
3,org.apache.commons.jxpath.ri.model.MixedModelTest::testIterateVector
3,org.apache.commons.jxpath.ri.model.MixedModelTest::testErrorProperty
3,org.apache.commons.jxpath.ri.model.MixedModelTest::testMatrix
3,org.apache.commons.jxpath.ri.model.MixedModelTest::testCreatePathAndSetValueWithMatrix
3,org.apache.commons.jxpath.ri.model.MixedModelTest::testCollectionPointer
3,org.apache.commons.jxpath.ri.model.for::testIndividualIterators
3,org.apache.commons.jxpath.ri.model.for::testMultipleIterators
3,org.apache.commons.jxpath.ri.model.for::testIteratePropertyArrayWithHasNext
3,org.apache.commons.jxpath.ri.model.for::testIteratePropertyArrayWithoutHasNext
3,org.apache.commons.jxpath.ri.model.for::testIterateAndSet
3,org.apache.commons.jxpath.ri.model.for::testIteratePointerSetValue
3,org.apache.commons.jxpath.ri.model.for::testRoot
3,org.apache.commons.jxpath.ri.model.for::testAxisAncestor
3,org.apache.commons.jxpath.ri.model.for::testAxisChild
3,org.apache.commons.jxpath.ri.model.for::testAxisChildNestedBean
3,org.apache.commons.jxpath.ri.model.for::testAxisChildNestedCollection
3,org.apache.commons.jxpath.ri.model.for::testIndexPredicate
3,org.apache.commons.jxpath.ri.model.for::testAxisDescendant
3,org.apache.commons.jxpath.ri.model.for::testAxisDescendantOrSelf
3,org.apache.commons.jxpath.ri.model.for::testAxisFollowing
3,org.apache.commons.jxpath.ri.model.for::testAxisFollowingSibling
3,org.apache.commons.jxpath.ri.model.for::testAxisParent
3,org.apache.commons.jxpath.ri.model.for::testAxisPreceding
3,org.apache.commons.jxpath.ri.model.for::testAxisPrecedingSibling
3,org.apache.commons.jxpath.ri.model.for::testAxisSelf
3,org.apache.commons.jxpath.ri.model.for::testUnion
3,org.apache.commons.jxpath.ri.model.for::testAxisAttribute
3,org.apache.commons.jxpath.ri.model.for::testAttributeName
3,org.apache.commons.jxpath.ri.model.for::testAttributeLang
3,org.apache.commons.jxpath.ri.model.for::testCoreFunctions
3,org.apache.commons.jxpath.ri.model.for::testBooleanPredicate
3,org.apache.commons.jxpath.ri.model.for::testDocumentOrder
3,org.apache.commons.jxpath.ri.model.for::testSetPropertyValue
3,org.apache.commons.jxpath.ri.model.for::testSetCollectionElement
3,org.apache.commons.jxpath.ri.model.for::testSetContextDependentNode
3,org.apache.commons.jxpath.ri.model.for::testSetNonPrimitiveValue
3,org.apache.commons.jxpath.ri.model.for::testCreatePath
3,org.apache.commons.jxpath.ri.model.for::testCreatePathAndSetValue
3,org.apache.commons.jxpath.ri.model.for::testCreatePathExpandNewCollection
3,org.apache.commons.jxpath.ri.model.for::testCreatePathAndSetValueExpandNewCollection
3,org.apache.commons.jxpath.ri.model.for::testCreatePathExpandExistingCollection
3,org.apache.commons.jxpath.ri.model.for::testCreatePathExpandExistingCollectionAndSetProperty
3,org.apache.commons.jxpath.ri.model.for::testCreatePathAndSetValueExpandExistingCollection
3,org.apache.commons.jxpath.ri.model.for::testCreatePathCreateBeanExpandCollection
3,org.apache.commons.jxpath.ri.model.for::testCreatePathAndSetValueCreateBeanExpandCollection
3,org.apache.commons.jxpath.ri.model.for::testRemovePathPropertyValue
3,org.apache.commons.jxpath.ri.model.for::testRemovePathArrayElement
3,org.apache.commons.jxpath.ri.model.for::testRemoveAllArrayElements
3,org.apache.commons.jxpath.ri.model.for::testRemoveAllListElements
3,org.apache.commons.jxpath.ri.model.for::testRemoveAllMapEntries
3,org.apache.commons.jxpath.ri.model.for::testRemovePathBeanValue
3,org.apache.commons.jxpath.ri.model.for::testRelativeContextRelativePath
3,org.apache.commons.jxpath.ri.model.for::testRelativeContextAbsolutePath
3,org.apache.commons.jxpath.ri.model.for::testRelativeContextParent
3,org.apache.commons.jxpath.ri.model.for::testRelativeContextInheritance
3,org.apache.commons.jxpath.ri.compiler.VariableTest::testVariables
3,org.apache.commons.jxpath.ri.compiler.VariableTest::testVariablesInExpressions
3,org.apache.commons.jxpath.ri.compiler.VariableTest::testInvalidVariableName
3,org.apache.commons.jxpath.ri.compiler.VariableTest::testNestedContext
3,org.apache.commons.jxpath.ri.compiler.VariableTest::testSetValue
3,org.apache.commons.jxpath.ri.compiler.VariableTest::testCreatePathDeclareVariable
3,org.apache.commons.jxpath.ri.compiler.VariableTest::testCreatePathAndSetValueDeclareVariable
3,org.apache.commons.jxpath.ri.compiler.VariableTest::testCreatePathDeclareVariableSetCollectionElement
3,org.apache.commons.jxpath.ri.compiler.VariableTest::testCreateAndSetValuePathDeclareVariableSetCollectionElement
3,org.apache.commons.jxpath.ri.compiler.VariableTest::testCreatePathExpandCollection
3,org.apache.commons.jxpath.ri.compiler.VariableTest::testCreatePathAndSetValueExpandCollection
3,org.apache.commons.jxpath.ri.compiler.VariableTest::testCreatePathDeclareVariableSetProperty
3,org.apache.commons.jxpath.ri.compiler.VariableTest::testCreatePathAndSetValueDeclareVariableSetProperty
3,org.apache.commons.jxpath.ri.compiler.VariableTest::testCreatePathDeclareVariableSetCollectionElementProperty
3,org.apache.commons.jxpath.ri.compiler.VariableTest::testCreatePathAndSetValueDeclVarSetCollectionElementProperty
3,org.apache.commons.jxpath.ri.compiler.VariableTest::testRemovePathUndeclareVariable
3,org.apache.commons.jxpath.ri.compiler.VariableTest::testRemovePathArrayElement
3,org.apache.commons.jxpath.ri.compiler.VariableTest::testRemovePathCollectionElement
3,org.apache.commons.jxpath.ri.compiler.ExtensionFunctionTest::testConstructorLookup
3,org.apache.commons.jxpath.ri.compiler.ExtensionFunctionTest::testConstructorLookupWithExpressionContext
3,org.apache.commons.jxpath.ri.compiler.ExtensionFunctionTest::testStaticMethodLookup
3,org.apache.commons.jxpath.ri.compiler.ExtensionFunctionTest::testStaticMethodLookupWithConversion
3,org.apache.commons.jxpath.ri.compiler.ExtensionFunctionTest::testMethodLookup
3,org.apache.commons.jxpath.ri.compiler.ExtensionFunctionTest::testStaticMethodLookupWithExpressionContext
3,org.apache.commons.jxpath.ri.compiler.ExtensionFunctionTest::testMethodLookupWithExpressionContext
3,org.apache.commons.jxpath.ri.compiler.ExtensionFunctionTest::testMethodLookupWithExpressionContextAndArgument
3,org.apache.commons.jxpath.ri.compiler.ExtensionFunctionTest::testAllocation
3,org.apache.commons.jxpath.ri.compiler.ExtensionFunctionTest::testMethodCall
3,org.apache.commons.jxpath.ri.compiler.ExtensionFunctionTest::testCollectionMethodCall
3,org.apache.commons.jxpath.ri.compiler.ExtensionFunctionTest::testStaticMethodCall
3,org.apache.commons.jxpath.ri.compiler.ExtensionFunctionTest::testExpressionContext
3,org.apache.commons.jxpath.ri.compiler.ExtensionFunctionTest::testCollectionReturn
3,org.apache.commons.jxpath.ri.compiler.ExtensionFunctionTest::testNodeSetReturn
3,org.apache.commons.jxpath.ri.compiler.CoreOperationTest::testInfoSetTypes
3,org.apache.commons.jxpath.ri.compiler.CoreFunctionTest::testCoreFunctions
3,org.apache.commons.jxpath.ri.compiler.CoreFunctionTest::testIDFunction
3,org.apache.commons.jxpath.ri.compiler.CoreFunctionTest::testKeyFunction
3,org.apache.commons.jxpath.ri.compiler.CoreFunctionTest::testFormatNumberFunction
3,org.apache.commons.jxpath.ri.compiler.ContextDependencyTest::testContextDependency
3,org.apache.commons.jxpath.ri.compiler.ContextDependencyTest::testContextDependency
3,org.apache.commons.jxpath.ri.axes.SimplePathInterpreterTest::testDoStepNoPredicatesPropertyOwner
3,org.apache.commons.jxpath.ri.axes.SimplePathInterpreterTest::testDoStepNoPredicatesStandard
3,org.apache.commons.jxpath.ri.axes.SimplePathInterpreterTest::testDoStepPredicatesPropertyOwner
3,org.apache.commons.jxpath.ri.axes.SimplePathInterpreterTest::testDoStepPredicatesStandard
3,org.apache.commons.jxpath.ri.axes.SimplePathInterpreterTest::testDoPredicateName
3,org.apache.commons.jxpath.ri.axes.SimplePathInterpreterTest::testDoPredicatesStandard
3,org.apache.commons.jxpath.ri.axes.SimplePathInterpreterTest::testDoPredicateIndex
3,org.apache.commons.jxpath.ri.axes.SimplePathInterpreterTest::testInterpretExpressionPath
3,org.apache.commons.jxpath.ri.axes.RecursiveAxesTest::testInfiniteDescent
3,org.apache.commons.jxpath.ri.StressTest::testThreads
3,org.apache.commons.jxpath.ri.JXPathCompiledExpressionTest::testConstant
3,org.apache.commons.jxpath.ri.JXPathCompiledExpressionTest::testCoreFunction
3,org.apache.commons.jxpath.ri.JXPathCompiledExpressionTest::testCoreOperationAnd
3,org.apache.commons.jxpath.ri.JXPathCompiledExpressionTest::testCoreOperationOr
3,org.apache.commons.jxpath.ri.JXPathCompiledExpressionTest::testCoreOperationEqual
3,org.apache.commons.jxpath.ri.JXPathCompiledExpressionTest::testCoreOperationNameAttributeTest
3,org.apache.commons.jxpath.ri.JXPathCompiledExpressionTest::testCoreOperationNotEqual
3,org.apache.commons.jxpath.ri.JXPathCompiledExpressionTest::testCoreOperationLessThan
3,org.apache.commons.jxpath.ri.JXPathCompiledExpressionTest::testCoreOperationLessThanOrEqual
3,org.apache.commons.jxpath.ri.JXPathCompiledExpressionTest::testCoreOperationGreaterThan
3,org.apache.commons.jxpath.ri.JXPathCompiledExpressionTest::testCoreOperationGreaterThanOrEqual
3,org.apache.commons.jxpath.ri.JXPathCompiledExpressionTest::testCoreOperationDivide
3,org.apache.commons.jxpath.ri.JXPathCompiledExpressionTest::testCoreOperationMod
3,org.apache.commons.jxpath.ri.JXPathCompiledExpressionTest::testCoreOperationMultiply
3,org.apache.commons.jxpath.ri.JXPathCompiledExpressionTest::testCoreOperationMinus
3,org.apache.commons.jxpath.ri.JXPathCompiledExpressionTest::testCoreOperationSum
3,org.apache.commons.jxpath.ri.JXPathCompiledExpressionTest::testCoreOperationUnaryMinus
3,org.apache.commons.jxpath.ri.JXPathCompiledExpressionTest::testCoreOperationUnion
3,org.apache.commons.jxpath.ri.JXPathCompiledExpressionTest::testExpressionPath
3,org.apache.commons.jxpath.ri.JXPathCompiledExpressionTest::testExtensionFunction
3,org.apache.commons.jxpath.ri.JXPathCompiledExpressionTest::testLocationPathAxisSelf
3,org.apache.commons.jxpath.ri.JXPathCompiledExpressionTest::testLocationPathAxisChild
3,org.apache.commons.jxpath.ri.JXPathCompiledExpressionTest::testLocationPathAxisParent
3,org.apache.commons.jxpath.ri.JXPathCompiledExpressionTest::testLocationPathAxisAttribute
3,org.apache.commons.jxpath.ri.JXPathCompiledExpressionTest::testLocationPathAxisDescendant
3,org.apache.commons.jxpath.ri.JXPathCompiledExpressionTest::testLocationPathAxisDescendantOrSelf
3,org.apache.commons.jxpath.ri.JXPathCompiledExpressionTest::testLocationPathAxisOther
3,org.apache.commons.jxpath.ri.JXPathCompiledExpressionTest::testLocationPathNodeTest
3,org.apache.commons.jxpath.ri.JXPathCompiledExpressionTest::testVariableReference
4,org.apache.commons.jxpath.util.BasicTypeConverterTest::testPrimitiveToString
4,org.apache.commons.jxpath.util.BasicTypeConverterTest::testArrayToList
4,org.apache.commons.jxpath.util.BasicTypeConverterTest::testArrayToArray
4,org.apache.commons.jxpath.util.BasicTypeConverterTest::testListToArray
4,org.apache.commons.jxpath.util.BasicTypeConverterTest::testInvalidConversion
4,org.apache.commons.jxpath.util.BasicTypeConverterTest::testSingletonCollectionToString
4,org.apache.commons.jxpath.util.BasicTypeConverterTest::testSingletonArrayToString
4,org.apache.commons.jxpath.util.BasicTypeConverterTest::testPointerToString
4,org.apache.commons.jxpath.util.BasicTypeConverterTest::testNodeSetToString
4,org.apache.commons.jxpath.util.BasicTypeConverterTest::testNodeSetToInteger
4,org.apache.commons.jxpath.util.BasicTypeConverterTest::testBeanUtilsConverter
4,org.apache.commons.jxpath.ri.model.XMLSpaceTest::testUnspecifiedDOM
4,org.apache.commons.jxpath.ri.model.XMLSpaceTest::testDefaultDOM
4,org.apache.commons.jxpath.ri.model.XMLSpaceTest::testPreserveDOM
4,org.apache.commons.jxpath.ri.model.XMLSpaceTest::testNestedDOM
4,org.apache.commons.jxpath.ri.model.XMLSpaceTest::testNestedWithCommentsDOM
4,org.apache.commons.jxpath.ri.model.XMLSpaceTest::testUnspecifiedJDOM
4,org.apache.commons.jxpath.ri.model.XMLSpaceTest::testDefaultJDOM
4,org.apache.commons.jxpath.ri.model.XMLSpaceTest::testPreserveJDOM
4,org.apache.commons.jxpath.ri.model.XMLSpaceTest::testNestedJDOM
4,org.apache.commons.jxpath.ri.model.XMLSpaceTest::testNestedWithCommentsJDOM
4,org.apache.commons.jxpath.ri.model.jdom.JDOMModelTest::testGetNode
4,org.apache.commons.jxpath.ri.model.jdom.JDOMModelTest::testID
4,org.apache.commons.jxpath.ri.model.dynamic.DynamicPropertiesModelTest::testAxisChild
4,org.apache.commons.jxpath.ri.model.dynamic.DynamicPropertiesModelTest::testAxisDescendant
4,org.apache.commons.jxpath.ri.model.dynamic.DynamicPropertiesModelTest::testAttributeName
4,org.apache.commons.jxpath.ri.model.dynamic.DynamicPropertiesModelTest::testSetPrimitiveValue
4,org.apache.commons.jxpath.ri.model.dynamic.DynamicPropertiesModelTest::testSetCollection
4,org.apache.commons.jxpath.ri.model.dynamic.DynamicPropertiesModelTest::testSetNewKey
4,org.apache.commons.jxpath.ri.model.dynamic.DynamicPropertiesModelTest::testCreatePath
4,org.apache.commons.jxpath.ri.model.dynamic.DynamicPropertiesModelTest::testCreatePathAndSetValue
4,org.apache.commons.jxpath.ri.model.dynamic.DynamicPropertiesModelTest::testCreatePathCreateBean
4,org.apache.commons.jxpath.ri.model.dynamic.DynamicPropertiesModelTest::testCreatePathAndSetValueCreateBean
4,org.apache.commons.jxpath.ri.model.dynamic.DynamicPropertiesModelTest::testCreatePathCollectionElement
4,org.apache.commons.jxpath.ri.model.dynamic.DynamicPropertiesModelTest::testCreatePathAndSetValueCollectionElement
4,org.apache.commons.jxpath.ri.model.dynamic.DynamicPropertiesModelTest::testCreatePathNewCollectionElement
4,org.apache.commons.jxpath.ri.model.dynamic.DynamicPropertiesModelTest::testCreatePathAndSetValueNewCollectionElement
4,org.apache.commons.jxpath.ri.model.dynamic.DynamicPropertiesModelTest::testRemovePath
4,org.apache.commons.jxpath.ri.model.dynamic.DynamicPropertiesModelTest::testRemovePathArrayElement
4,org.apache.commons.jxpath.ri.model.dynamic.DynamicPropertiesModelTest::testCollectionOfMaps
4,org.apache.commons.jxpath.ri.model.dynamic.DynamicPropertiesModelTest::testMapOfMaps
4,org.apache.commons.jxpath.ri.model.dom.DOMModelTest::testGetNode
4,org.apache.commons.jxpath.ri.model.container.ContainerModelTest::testContainerVariableWithCollection
4,org.apache.commons.jxpath.ri.model.container.ContainerModelTest::testContainerPropertyWithCollection
4,org.apache.commons.jxpath.ri.model.container.ContainerModelTest::testContainerMapWithCollection
4,org.apache.commons.jxpath.ri.model.container.ContainerModelTest::testContainerRootWithCollection
4,org.apache.commons.jxpath.ri.model.beans.BeanModelTest::testIndexedProperty
4,org.apache.commons.jxpath.ri.model.beans.BadlyImplementedFactoryTest::testBadFactoryImplementation
4,org.apache.commons.jxpath.ri.model.for::testDocumentOrder
4,org.apache.commons.jxpath.ri.model.for::testSetValue
4,org.apache.commons.jxpath.ri.model.for::testCreatePath
4,org.apache.commons.jxpath.ri.model.for::testCreatePathAndSetValue
4,org.apache.commons.jxpath.ri.model.for::testRemovePath
4,org.apache.commons.jxpath.ri.model.for::testID
4,org.apache.commons.jxpath.ri.model.for::testAxisChild
4,org.apache.commons.jxpath.ri.model.for::testDefaultNamespaceIgnored
4,org.apache.commons.jxpath.ri.model.for::testAxisChildIndexPredicate
4,org.apache.commons.jxpath.ri.model.for::testAxisDescendant
4,org.apache.commons.jxpath.ri.model.for::testAxisParent
4,org.apache.commons.jxpath.ri.model.for::testAxisFollowingSibling
4,org.apache.commons.jxpath.ri.model.for::testAxisPrecedingSibling
4,org.apache.commons.jxpath.ri.model.for::testAxisAttribute
4,org.apache.commons.jxpath.ri.model.for::testAxisNamespace
4,org.apache.commons.jxpath.ri.model.for::testAxisAncestor
4,org.apache.commons.jxpath.ri.model.for::testAxisAncestorOrSelf
4,org.apache.commons.jxpath.ri.model.for::testAxisFollowing
4,org.apache.commons.jxpath.ri.model.for::testAxisSelf
4,org.apache.commons.jxpath.ri.model.for::testNodeTypeComment
4,org.apache.commons.jxpath.ri.model.for::testNodeTypeText
4,org.apache.commons.jxpath.ri.model.for::testNodeTypeProcessingInstruction
4,org.apache.commons.jxpath.ri.model.for::testLang
4,org.apache.commons.jxpath.ri.model.for::testDocument
4,org.apache.commons.jxpath.ri.model.for::testContainer
4,org.apache.commons.jxpath.ri.model.for::testElementInVariable
4,org.apache.commons.jxpath.ri.model.for::testTypeConversions
4,org.apache.commons.jxpath.ri.model.for::testBooleanFunction
4,org.apache.commons.jxpath.ri.model.for::testFunctionsLastAndPosition
4,org.apache.commons.jxpath.ri.model.for::testNamespaceMapping
4,org.apache.commons.jxpath.ri.model.MixedModelTest::testVar
4,org.apache.commons.jxpath.ri.model.MixedModelTest::testVarPrimitive
4,org.apache.commons.jxpath.ri.model.MixedModelTest::testVarBean
4,org.apache.commons.jxpath.ri.model.MixedModelTest::testVarMap
4,org.apache.commons.jxpath.ri.model.MixedModelTest::testVarList
4,org.apache.commons.jxpath.ri.model.MixedModelTest::testVarDocument
4,org.apache.commons.jxpath.ri.model.MixedModelTest::testVarElement
4,org.apache.commons.jxpath.ri.model.MixedModelTest::testVarContainer
4,org.apache.commons.jxpath.ri.model.MixedModelTest::testBeanPrimitive
4,org.apache.commons.jxpath.ri.model.MixedModelTest::testBeanBean
4,org.apache.commons.jxpath.ri.model.MixedModelTest::testBeanMap
4,org.apache.commons.jxpath.ri.model.MixedModelTest::testBeanList
4,org.apache.commons.jxpath.ri.model.MixedModelTest::testBeanDocument
4,org.apache.commons.jxpath.ri.model.MixedModelTest::testBeanElement
4,org.apache.commons.jxpath.ri.model.MixedModelTest::testBeanContainer
4,org.apache.commons.jxpath.ri.model.MixedModelTest::testMapPrimitive
4,org.apache.commons.jxpath.ri.model.MixedModelTest::testMapBean
4,org.apache.commons.jxpath.ri.model.MixedModelTest::testMapMap
4,org.apache.commons.jxpath.ri.model.MixedModelTest::testMapList
4,org.apache.commons.jxpath.ri.model.MixedModelTest::testMapDocument
4,org.apache.commons.jxpath.ri.model.MixedModelTest::testMapElement
4,org.apache.commons.jxpath.ri.model.MixedModelTest::testMapContainer
4,org.apache.commons.jxpath.ri.model.MixedModelTest::testListPrimitive
4,org.apache.commons.jxpath.ri.model.MixedModelTest::testListBean
4,org.apache.commons.jxpath.ri.model.MixedModelTest::testListMap
4,org.apache.commons.jxpath.ri.model.MixedModelTest::testListList
4,org.apache.commons.jxpath.ri.model.MixedModelTest::testListDocument
4,org.apache.commons.jxpath.ri.model.MixedModelTest::testListElement
4,org.apache.commons.jxpath.ri.model.MixedModelTest::testListContainer
4,org.apache.commons.jxpath.ri.model.MixedModelTest::testNull
4,org.apache.commons.jxpath.ri.model.MixedModelTest::testRootAsCollection
4,org.apache.commons.jxpath.ri.model.MixedModelTest::testCreatePath
4,org.apache.commons.jxpath.ri.model.MixedModelTest::testIterateArray
4,org.apache.commons.jxpath.ri.model.MixedModelTest::testIteratePointersArray
4,org.apache.commons.jxpath.ri.model.MixedModelTest::testIteratePointersArrayElementWithVariable
4,org.apache.commons.jxpath.ri.model.MixedModelTest::testIterateVector
4,org.apache.commons.jxpath.ri.model.MixedModelTest::testErrorProperty
4,org.apache.commons.jxpath.ri.model.MixedModelTest::testMatrix
4,org.apache.commons.jxpath.ri.model.MixedModelTest::testCreatePathAndSetValueWithMatrix
4,org.apache.commons.jxpath.ri.model.MixedModelTest::testCollectionPointer
4,org.apache.commons.jxpath.ri.model.for::testIndividualIterators
4,org.apache.commons.jxpath.ri.model.for::testMultipleIterators
4,org.apache.commons.jxpath.ri.model.for::testIteratePropertyArrayWithHasNext
4,org.apache.commons.jxpath.ri.model.for::testIteratePropertyArrayWithoutHasNext
4,org.apache.commons.jxpath.ri.model.for::testIterateAndSet
4,org.apache.commons.jxpath.ri.model.for::testIteratePointerSetValue
4,org.apache.commons.jxpath.ri.model.for::testRoot
4,org.apache.commons.jxpath.ri.model.for::testAxisAncestor
4,org.apache.commons.jxpath.ri.model.for::testAxisChild
4,org.apache.commons.jxpath.ri.model.for::testAxisChildNestedBean
4,org.apache.commons.jxpath.ri.model.for::testAxisChildNestedCollection
4,org.apache.commons.jxpath.ri.model.for::testIndexPredicate
4,org.apache.commons.jxpath.ri.model.for::testAxisDescendant
4,org.apache.commons.jxpath.ri.model.for::testAxisDescendantOrSelf
4,org.apache.commons.jxpath.ri.model.for::testAxisFollowing
4,org.apache.commons.jxpath.ri.model.for::testAxisFollowingSibling
4,org.apache.commons.jxpath.ri.model.for::testAxisParent
4,org.apache.commons.jxpath.ri.model.for::testAxisPreceding
4,org.apache.commons.jxpath.ri.model.for::testAxisPrecedingSibling
4,org.apache.commons.jxpath.ri.model.for::testAxisSelf
4,org.apache.commons.jxpath.ri.model.for::testUnion
4,org.apache.commons.jxpath.ri.model.for::testAxisAttribute
4,org.apache.commons.jxpath.ri.model.for::testAttributeName
4,org.apache.commons.jxpath.ri.model.for::testAttributeLang
4,org.apache.commons.jxpath.ri.model.for::testCoreFunctions
4,org.apache.commons.jxpath.ri.model.for::testBooleanPredicate
4,org.apache.commons.jxpath.ri.model.for::testDocumentOrder
4,org.apache.commons.jxpath.ri.model.for::testSetPropertyValue
4,org.apache.commons.jxpath.ri.model.for::testSetCollectionElement
4,org.apache.commons.jxpath.ri.model.for::testSetContextDependentNode
4,org.apache.commons.jxpath.ri.model.for::testSetNonPrimitiveValue
4,org.apache.commons.jxpath.ri.model.for::testCreatePath
4,org.apache.commons.jxpath.ri.model.for::testCreatePathAndSetValue
4,org.apache.commons.jxpath.ri.model.for::testCreatePathExpandNewCollection
4,org.apache.commons.jxpath.ri.model.for::testCreatePathAndSetValueExpandNewCollection
4,org.apache.commons.jxpath.ri.model.for::testCreatePathExpandExistingCollection
4,org.apache.commons.jxpath.ri.model.for::testCreatePathExpandExistingCollectionAndSetProperty
4,org.apache.commons.jxpath.ri.model.for::testCreatePathAndSetValueExpandExistingCollection
4,org.apache.commons.jxpath.ri.model.for::testCreatePathCreateBeanExpandCollection
4,org.apache.commons.jxpath.ri.model.for::testCreatePathAndSetValueCreateBeanExpandCollection
4,org.apache.commons.jxpath.ri.model.for::testRemovePathPropertyValue
4,org.apache.commons.jxpath.ri.model.for::testRemovePathArrayElement
4,org.apache.commons.jxpath.ri.model.for::testRemoveAllArrayElements
4,org.apache.commons.jxpath.ri.model.for::testRemoveAllListElements
4,org.apache.commons.jxpath.ri.model.for::testRemoveAllMapEntries
4,org.apache.commons.jxpath.ri.model.for::testRemovePathBeanValue
4,org.apache.commons.jxpath.ri.model.for::testRelativeContextRelativePath
4,org.apache.commons.jxpath.ri.model.for::testRelativeContextAbsolutePath
4,org.apache.commons.jxpath.ri.model.for::testRelativeContextParent
4,org.apache.commons.jxpath.ri.model.for::testRelativeContextInheritance
4,org.apache.commons.jxpath.ri.compiler.VariableTest::testVariables
4,org.apache.commons.jxpath.ri.compiler.VariableTest::testVariablesInExpressions
4,org.apache.commons.jxpath.ri.compiler.VariableTest::testInvalidVariableName
4,org.apache.commons.jxpath.ri.compiler.VariableTest::testNestedContext
4,org.apache.commons.jxpath.ri.compiler.VariableTest::testSetValue
4,org.apache.commons.jxpath.ri.compiler.VariableTest::testCreatePathDeclareVariable
4,org.apache.commons.jxpath.ri.compiler.VariableTest::testCreatePathAndSetValueDeclareVariable
4,org.apache.commons.jxpath.ri.compiler.VariableTest::testCreatePathDeclareVariableSetCollectionElement
4,org.apache.commons.jxpath.ri.compiler.VariableTest::testCreateAndSetValuePathDeclareVariableSetCollectionElement
4,org.apache.commons.jxpath.ri.compiler.VariableTest::testCreatePathExpandCollection
4,org.apache.commons.jxpath.ri.compiler.VariableTest::testCreatePathAndSetValueExpandCollection
4,org.apache.commons.jxpath.ri.compiler.VariableTest::testCreatePathDeclareVariableSetProperty
4,org.apache.commons.jxpath.ri.compiler.VariableTest::testCreatePathAndSetValueDeclareVariableSetProperty
4,org.apache.commons.jxpath.ri.compiler.VariableTest::testCreatePathDeclareVariableSetCollectionElementProperty
4,org.apache.commons.jxpath.ri.compiler.VariableTest::testCreatePathAndSetValueDeclVarSetCollectionElementProperty
4,org.apache.commons.jxpath.ri.compiler.VariableTest::testRemovePathUndeclareVariable
4,org.apache.commons.jxpath.ri.compiler.VariableTest::testRemovePathArrayElement
4,org.apache.commons.jxpath.ri.compiler.VariableTest::testRemovePathCollectionElement
4,org.apache.commons.jxpath.ri.compiler.ExtensionFunctionTest::testConstructorLookup
4,org.apache.commons.jxpath.ri.compiler.ExtensionFunctionTest::testConstructorLookupWithExpressionContext
4,org.apache.commons.jxpath.ri.compiler.ExtensionFunctionTest::testStaticMethodLookup
4,org.apache.commons.jxpath.ri.compiler.ExtensionFunctionTest::testStaticMethodLookupWithConversion
4,org.apache.commons.jxpath.ri.compiler.ExtensionFunctionTest::testMethodLookup
4,org.apache.commons.jxpath.ri.compiler.ExtensionFunctionTest::testStaticMethodLookupWithExpressionContext
4,org.apache.commons.jxpath.ri.compiler.ExtensionFunctionTest::testMethodLookupWithExpressionContext
4,org.apache.commons.jxpath.ri.compiler.ExtensionFunctionTest::testMethodLookupWithExpressionContextAndArgument
4,org.apache.commons.jxpath.ri.compiler.ExtensionFunctionTest::testAllocation
4,org.apache.commons.jxpath.ri.compiler.ExtensionFunctionTest::testMethodCall
4,org.apache.commons.jxpath.ri.compiler.ExtensionFunctionTest::testCollectionMethodCall
4,org.apache.commons.jxpath.ri.compiler.ExtensionFunctionTest::testStaticMethodCall
4,org.apache.commons.jxpath.ri.compiler.ExtensionFunctionTest::testExpressionContext
4,org.apache.commons.jxpath.ri.compiler.ExtensionFunctionTest::testCollectionReturn
4,org.apache.commons.jxpath.ri.compiler.ExtensionFunctionTest::testNodeSetReturn
4,org.apache.commons.jxpath.ri.compiler.ExtensionFunctionTest::testEstablishNodeSetBaseline
4,org.apache.commons.jxpath.ri.compiler.ExtensionFunctionTest::testBCNodeSetHack
4,org.apache.commons.jxpath.ri.compiler.CoreOperationTest::testInfoSetTypes
4,org.apache.commons.jxpath.ri.compiler.CoreFunctionTest::testCoreFunctions
4,org.apache.commons.jxpath.ri.compiler.CoreFunctionTest::testIDFunction
4,org.apache.commons.jxpath.ri.compiler.CoreFunctionTest::testKeyFunction
4,org.apache.commons.jxpath.ri.compiler.CoreFunctionTest::testFormatNumberFunction
4,org.apache.commons.jxpath.ri.compiler.ContextDependencyTest::testContextDependency
4,org.apache.commons.jxpath.ri.compiler.ContextDependencyTest::testContextDependency
4,org.apache.commons.jxpath.ri.axes.SimplePathInterpreterTest::testDoStepNoPredicatesPropertyOwner
4,org.apache.commons.jxpath.ri.axes.SimplePathInterpreterTest::testDoStepNoPredicatesStandard
4,org.apache.commons.jxpath.ri.axes.SimplePathInterpreterTest::testDoStepPredicatesPropertyOwner
4,org.apache.commons.jxpath.ri.axes.SimplePathInterpreterTest::testDoStepPredicatesStandard
4,org.apache.commons.jxpath.ri.axes.SimplePathInterpreterTest::testDoPredicateName
4,org.apache.commons.jxpath.ri.axes.SimplePathInterpreterTest::testDoPredicatesStandard
4,org.apache.commons.jxpath.ri.axes.SimplePathInterpreterTest::testDoPredicateIndex
4,org.apache.commons.jxpath.ri.axes.SimplePathInterpreterTest::testInterpretExpressionPath
4,org.apache.commons.jxpath.ri.axes.RecursiveAxesTest::testInfiniteDescent
4,org.apache.commons.jxpath.ri.StressTest::testThreads
4,org.apache.commons.jxpath.ri.JXPathCompiledExpressionTest::testConstant
4,org.apache.commons.jxpath.ri.JXPathCompiledExpressionTest::testCoreFunction
4,org.apache.commons.jxpath.ri.JXPathCompiledExpressionTest::testCoreOperationAnd
4,org.apache.commons.jxpath.ri.JXPathCompiledExpressionTest::testCoreOperationOr
4,org.apache.commons.jxpath.ri.JXPathCompiledExpressionTest::testCoreOperationEqual
4,org.apache.commons.jxpath.ri.JXPathCompiledExpressionTest::testCoreOperationNameAttributeTest
4,org.apache.commons.jxpath.ri.JXPathCompiledExpressionTest::testCoreOperationNotEqual
4,org.apache.commons.jxpath.ri.JXPathCompiledExpressionTest::testCoreOperationLessThan
4,org.apache.commons.jxpath.ri.JXPathCompiledExpressionTest::testCoreOperationLessThanOrEqual
4,org.apache.commons.jxpath.ri.JXPathCompiledExpressionTest::testCoreOperationGreaterThan
4,org.apache.commons.jxpath.ri.JXPathCompiledExpressionTest::testCoreOperationGreaterThanOrEqual
4,org.apache.commons.jxpath.ri.JXPathCompiledExpressionTest::testCoreOperationDivide
4,org.apache.commons.jxpath.ri.JXPathCompiledExpressionTest::testCoreOperationMod
4,org.apache.commons.jxpath.ri.JXPathCompiledExpressionTest::testCoreOperationMultiply
4,org.apache.commons.jxpath.ri.JXPathCompiledExpressionTest::testCoreOperationMinus
4,org.apache.commons.jxpath.ri.JXPathCompiledExpressionTest::testCoreOperationSum
4,org.apache.commons.jxpath.ri.JXPathCompiledExpressionTest::testCoreOperationUnaryMinus
4,org.apache.commons.jxpath.ri.JXPathCompiledExpressionTest::testCoreOperationUnion
4,org.apache.commons.jxpath.ri.JXPathCompiledExpressionTest::testExpressionPath
4,org.apache.commons.jxpath.ri.JXPathCompiledExpressionTest::testExtensionFunction
4,org.apache.commons.jxpath.ri.JXPathCompiledExpressionTest::testLocationPathAxisSelf
4,org.apache.commons.jxpath.ri.JXPathCompiledExpressionTest::testLocationPathAxisChild
4,org.apache.commons.jxpath.ri.JXPathCompiledExpressionTest::testLocationPathAxisParent
4,org.apache.commons.jxpath.ri.JXPathCompiledExpressionTest::testLocationPathAxisAttribute
4,org.apache.commons.jxpath.ri.JXPathCompiledExpressionTest::testLocationPathAxisDescendant
4,org.apache.commons.jxpath.ri.JXPathCompiledExpressionTest::testLocationPathAxisDescendantOrSelf
4,org.apache.commons.jxpath.ri.JXPathCompiledExpressionTest::testLocationPathAxisOther
4,org.apache.commons.jxpath.ri.JXPathCompiledExpressionTest::testLocationPathNodeTest
4,org.apache.commons.jxpath.ri.JXPathCompiledExpressionTest::testVariableReference
5,org.apache.commons.jxpath.util.BasicTypeConverterTest::testPrimitiveToString
5,org.apache.commons.jxpath.util.BasicTypeConverterTest::testArrayToList
5,org.apache.commons.jxpath.util.BasicTypeConverterTest::testArrayToArray
5,org.apache.commons.jxpath.util.BasicTypeConverterTest::testListToArray
5,org.apache.commons.jxpath.util.BasicTypeConverterTest::testInvalidConversion
5,org.apache.commons.jxpath.util.BasicTypeConverterTest::testSingletonCollectionToString
5,org.apache.commons.jxpath.util.BasicTypeConverterTest::testSingletonArrayToString
5,org.apache.commons.jxpath.util.BasicTypeConverterTest::testPointerToString
5,org.apache.commons.jxpath.util.BasicTypeConverterTest::testNodeSetToString
5,org.apache.commons.jxpath.util.BasicTypeConverterTest::testNodeSetToInteger
5,org.apache.commons.jxpath.util.BasicTypeConverterTest::testBeanUtilsConverter
5,org.apache.commons.jxpath.ri.model.jdom.JDOMModelTest::testGetNode
5,org.apache.commons.jxpath.ri.model.jdom.JDOMModelTest::testID
5,org.apache.commons.jxpath.ri.model.dynamic.DynamicPropertiesModelTest::testAxisChild
5,org.apache.commons.jxpath.ri.model.dynamic.DynamicPropertiesModelTest::testAxisDescendant
5,org.apache.commons.jxpath.ri.model.dynamic.DynamicPropertiesModelTest::testAttributeName
5,org.apache.commons.jxpath.ri.model.dynamic.DynamicPropertiesModelTest::testSetPrimitiveValue
5,org.apache.commons.jxpath.ri.model.dynamic.DynamicPropertiesModelTest::testSetCollection
5,org.apache.commons.jxpath.ri.model.dynamic.DynamicPropertiesModelTest::testSetNewKey
5,org.apache.commons.jxpath.ri.model.dynamic.DynamicPropertiesModelTest::testCreatePath
5,org.apache.commons.jxpath.ri.model.dynamic.DynamicPropertiesModelTest::testCreatePathAndSetValue
5,org.apache.commons.jxpath.ri.model.dynamic.DynamicPropertiesModelTest::testCreatePathCreateBean
5,org.apache.commons.jxpath.ri.model.dynamic.DynamicPropertiesModelTest::testCreatePathAndSetValueCreateBean
5,org.apache.commons.jxpath.ri.model.dynamic.DynamicPropertiesModelTest::testCreatePathCollectionElement
5,org.apache.commons.jxpath.ri.model.dynamic.DynamicPropertiesModelTest::testCreatePathAndSetValueCollectionElement
5,org.apache.commons.jxpath.ri.model.dynamic.DynamicPropertiesModelTest::testCreatePathNewCollectionElement
5,org.apache.commons.jxpath.ri.model.dynamic.DynamicPropertiesModelTest::testCreatePathAndSetValueNewCollectionElement
5,org.apache.commons.jxpath.ri.model.dynamic.DynamicPropertiesModelTest::testRemovePath
5,org.apache.commons.jxpath.ri.model.dynamic.DynamicPropertiesModelTest::testRemovePathArrayElement
5,org.apache.commons.jxpath.ri.model.dynamic.DynamicPropertiesModelTest::testCollectionOfMaps
5,org.apache.commons.jxpath.ri.model.dynamic.DynamicPropertiesModelTest::testMapOfMaps
5,org.apache.commons.jxpath.ri.model.dom.DOMModelTest::testGetNode
5,org.apache.commons.jxpath.ri.model.container.ContainerModelTest::testContainerVariableWithCollection
5,org.apache.commons.jxpath.ri.model.container.ContainerModelTest::testContainerPropertyWithCollection
5,org.apache.commons.jxpath.ri.model.container.ContainerModelTest::testContainerMapWithCollection
5,org.apache.commons.jxpath.ri.model.container.ContainerModelTest::testContainerRootWithCollection
5,org.apache.commons.jxpath.ri.model.beans.BeanModelTest::testIndexedProperty
5,org.apache.commons.jxpath.ri.model.beans.BadlyImplementedFactoryTest::testBadFactoryImplementation
5,org.apache.commons.jxpath.ri.model.XMLSpaceTest::testUnspecifiedDOM
5,org.apache.commons.jxpath.ri.model.XMLSpaceTest::testDefaultDOM
5,org.apache.commons.jxpath.ri.model.XMLSpaceTest::testPreserveDOM
5,org.apache.commons.jxpath.ri.model.XMLSpaceTest::testNestedDOM
5,org.apache.commons.jxpath.ri.model.XMLSpaceTest::testNestedWithCommentsDOM
5,org.apache.commons.jxpath.ri.model.XMLSpaceTest::testUnspecifiedJDOM
5,org.apache.commons.jxpath.ri.model.XMLSpaceTest::testDefaultJDOM
5,org.apache.commons.jxpath.ri.model.XMLSpaceTest::testPreserveJDOM
5,org.apache.commons.jxpath.ri.model.XMLSpaceTest::testNestedJDOM
5,org.apache.commons.jxpath.ri.model.XMLSpaceTest::testNestedWithCommentsJDOM
5,org.apache.commons.jxpath.ri.model.XMLPreserveSpaceTest::testUnspecifiedDOM
5,org.apache.commons.jxpath.ri.model.XMLPreserveSpaceTest::testDefaultDOM
5,org.apache.commons.jxpath.ri.model.XMLPreserveSpaceTest::testPreserveDOM
5,org.apache.commons.jxpath.ri.model.XMLPreserveSpaceTest::testNestedDOM
5,org.apache.commons.jxpath.ri.model.XMLPreserveSpaceTest::testNestedWithCommentsDOM
5,org.apache.commons.jxpath.ri.model.XMLPreserveSpaceTest::testUnspecifiedJDOM
5,org.apache.commons.jxpath.ri.model.XMLPreserveSpaceTest::testDefaultJDOM
5,org.apache.commons.jxpath.ri.model.XMLPreserveSpaceTest::testPreserveJDOM
5,org.apache.commons.jxpath.ri.model.XMLPreserveSpaceTest::testNestedJDOM
5,org.apache.commons.jxpath.ri.model.XMLPreserveSpaceTest::testNestedWithCommentsJDOM
5,org.apache.commons.jxpath.ri.model.for::testDocumentOrder
5,org.apache.commons.jxpath.ri.model.for::testSetValue
5,org.apache.commons.jxpath.ri.model.for::testCreatePath
5,org.apache.commons.jxpath.ri.model.for::testCreatePathAndSetValue
5,org.apache.commons.jxpath.ri.model.for::testRemovePath
5,org.apache.commons.jxpath.ri.model.for::testID
5,org.apache.commons.jxpath.ri.model.for::testAxisChild
5,org.apache.commons.jxpath.ri.model.for::testAxisChildIndexPredicate
5,org.apache.commons.jxpath.ri.model.for::testAxisDescendant
5,org.apache.commons.jxpath.ri.model.for::testAxisParent
5,org.apache.commons.jxpath.ri.model.for::testAxisFollowingSibling
5,org.apache.commons.jxpath.ri.model.for::testAxisPrecedingSibling
5,org.apache.commons.jxpath.ri.model.for::testAxisAttribute
5,org.apache.commons.jxpath.ri.model.for::testAxisNamespace
5,org.apache.commons.jxpath.ri.model.for::testAxisAncestor
5,org.apache.commons.jxpath.ri.model.for::testAxisAncestorOrSelf
5,org.apache.commons.jxpath.ri.model.for::testAxisFollowing
5,org.apache.commons.jxpath.ri.model.for::testAxisSelf
5,org.apache.commons.jxpath.ri.model.for::testNodeTypeComment
5,org.apache.commons.jxpath.ri.model.for::testNodeTypeText
5,org.apache.commons.jxpath.ri.model.for::testNodeTypeProcessingInstruction
5,org.apache.commons.jxpath.ri.model.for::testLang
5,org.apache.commons.jxpath.ri.model.for::testDocument
5,org.apache.commons.jxpath.ri.model.for::testContainer
5,org.apache.commons.jxpath.ri.model.for::testElementInVariable
5,org.apache.commons.jxpath.ri.model.for::testTypeConversions
5,org.apache.commons.jxpath.ri.model.for::testBooleanFunction
5,org.apache.commons.jxpath.ri.model.for::testFunctionsLastAndPosition
5,org.apache.commons.jxpath.ri.model.for::testNamespaceMapping
5,org.apache.commons.jxpath.ri.model.MixedModelTest::testVar
5,org.apache.commons.jxpath.ri.model.MixedModelTest::testVarPrimitive
5,org.apache.commons.jxpath.ri.model.MixedModelTest::testVarBean
5,org.apache.commons.jxpath.ri.model.MixedModelTest::testVarMap
5,org.apache.commons.jxpath.ri.model.MixedModelTest::testVarList
5,org.apache.commons.jxpath.ri.model.MixedModelTest::testVarDocument
5,org.apache.commons.jxpath.ri.model.MixedModelTest::testVarElement
5,org.apache.commons.jxpath.ri.model.MixedModelTest::testVarContainer
5,org.apache.commons.jxpath.ri.model.MixedModelTest::testBeanPrimitive
5,org.apache.commons.jxpath.ri.model.MixedModelTest::testBeanBean
5,org.apache.commons.jxpath.ri.model.MixedModelTest::testBeanMap
5,org.apache.commons.jxpath.ri.model.MixedModelTest::testBeanList
5,org.apache.commons.jxpath.ri.model.MixedModelTest::testBeanDocument
5,org.apache.commons.jxpath.ri.model.MixedModelTest::testBeanElement
5,org.apache.commons.jxpath.ri.model.MixedModelTest::testBeanContainer
5,org.apache.commons.jxpath.ri.model.MixedModelTest::testMapPrimitive
5,org.apache.commons.jxpath.ri.model.MixedModelTest::testMapBean
5,org.apache.commons.jxpath.ri.model.MixedModelTest::testMapMap
5,org.apache.commons.jxpath.ri.model.MixedModelTest::testMapList
5,org.apache.commons.jxpath.ri.model.MixedModelTest::testMapDocument
5,org.apache.commons.jxpath.ri.model.MixedModelTest::testMapElement
5,org.apache.commons.jxpath.ri.model.MixedModelTest::testMapContainer
5,org.apache.commons.jxpath.ri.model.MixedModelTest::testListPrimitive
5,org.apache.commons.jxpath.ri.model.MixedModelTest::testListBean
5,org.apache.commons.jxpath.ri.model.MixedModelTest::testListMap
5,org.apache.commons.jxpath.ri.model.MixedModelTest::testListList
5,org.apache.commons.jxpath.ri.model.MixedModelTest::testListDocument
5,org.apache.commons.jxpath.ri.model.MixedModelTest::testListElement
5,org.apache.commons.jxpath.ri.model.MixedModelTest::testListContainer
5,org.apache.commons.jxpath.ri.model.MixedModelTest::testNull
5,org.apache.commons.jxpath.ri.model.MixedModelTest::testRootAsCollection
5,org.apache.commons.jxpath.ri.model.MixedModelTest::testCreatePath
5,org.apache.commons.jxpath.ri.model.MixedModelTest::testIterateArray
5,org.apache.commons.jxpath.ri.model.MixedModelTest::testIteratePointersArray
5,org.apache.commons.jxpath.ri.model.MixedModelTest::testIteratePointersArrayElementWithVariable
5,org.apache.commons.jxpath.ri.model.MixedModelTest::testIterateVector
5,org.apache.commons.jxpath.ri.model.MixedModelTest::testErrorProperty
5,org.apache.commons.jxpath.ri.model.MixedModelTest::testMatrix
5,org.apache.commons.jxpath.ri.model.MixedModelTest::testCreatePathAndSetValueWithMatrix
5,org.apache.commons.jxpath.ri.model.MixedModelTest::testCollectionPointer
5,org.apache.commons.jxpath.ri.model.for::testIndividualIterators
5,org.apache.commons.jxpath.ri.model.for::testMultipleIterators
5,org.apache.commons.jxpath.ri.model.for::testIteratePropertyArrayWithHasNext
5,org.apache.commons.jxpath.ri.model.for::testIteratePropertyArrayWithoutHasNext
5,org.apache.commons.jxpath.ri.model.for::testIterateAndSet
5,org.apache.commons.jxpath.ri.model.for::testIteratePointerSetValue
5,org.apache.commons.jxpath.ri.model.for::testRoot
5,org.apache.commons.jxpath.ri.model.for::testAxisAncestor
5,org.apache.commons.jxpath.ri.model.for::testAxisChild
5,org.apache.commons.jxpath.ri.model.for::testAxisChildNestedBean
5,org.apache.commons.jxpath.ri.model.for::testAxisChildNestedCollection
5,org.apache.commons.jxpath.ri.model.for::testIndexPredicate
5,org.apache.commons.jxpath.ri.model.for::testAxisDescendant
5,org.apache.commons.jxpath.ri.model.for::testAxisDescendantOrSelf
5,org.apache.commons.jxpath.ri.model.for::testAxisFollowing
5,org.apache.commons.jxpath.ri.model.for::testAxisFollowingSibling
5,org.apache.commons.jxpath.ri.model.for::testAxisParent
5,org.apache.commons.jxpath.ri.model.for::testAxisPreceding
5,org.apache.commons.jxpath.ri.model.for::testAxisPrecedingSibling
5,org.apache.commons.jxpath.ri.model.for::testAxisSelf
5,org.apache.commons.jxpath.ri.model.for::testUnion
5,org.apache.commons.jxpath.ri.model.for::testAxisAttribute
5,org.apache.commons.jxpath.ri.model.for::testAttributeName
5,org.apache.commons.jxpath.ri.model.for::testAttributeLang
5,org.apache.commons.jxpath.ri.model.for::testCoreFunctions
5,org.apache.commons.jxpath.ri.model.for::testBooleanPredicate
5,org.apache.commons.jxpath.ri.model.for::testDocumentOrder
5,org.apache.commons.jxpath.ri.model.for::testSetPropertyValue
5,org.apache.commons.jxpath.ri.model.for::testSetCollectionElement
5,org.apache.commons.jxpath.ri.model.for::testSetContextDependentNode
5,org.apache.commons.jxpath.ri.model.for::testSetNonPrimitiveValue
5,org.apache.commons.jxpath.ri.model.for::testCreatePath
5,org.apache.commons.jxpath.ri.model.for::testCreatePathAndSetValue
5,org.apache.commons.jxpath.ri.model.for::testCreatePathExpandNewCollection
5,org.apache.commons.jxpath.ri.model.for::testCreatePathAndSetValueExpandNewCollection
5,org.apache.commons.jxpath.ri.model.for::testCreatePathExpandExistingCollection
5,org.apache.commons.jxpath.ri.model.for::testCreatePathExpandExistingCollectionAndSetProperty
5,org.apache.commons.jxpath.ri.model.for::testCreatePathAndSetValueExpandExistingCollection
5,org.apache.commons.jxpath.ri.model.for::testCreatePathCreateBeanExpandCollection
5,org.apache.commons.jxpath.ri.model.for::testCreatePathAndSetValueCreateBeanExpandCollection
5,org.apache.commons.jxpath.ri.model.for::testRemovePathPropertyValue
5,org.apache.commons.jxpath.ri.model.for::testRemovePathArrayElement
5,org.apache.commons.jxpath.ri.model.for::testRemoveAllArrayElements
5,org.apache.commons.jxpath.ri.model.for::testRemoveAllListElements
5,org.apache.commons.jxpath.ri.model.for::testRemoveAllMapEntries
5,org.apache.commons.jxpath.ri.model.for::testRemovePathBeanValue
5,org.apache.commons.jxpath.ri.model.for::testRelativeContextRelativePath
5,org.apache.commons.jxpath.ri.model.for::testRelativeContextAbsolutePath
5,org.apache.commons.jxpath.ri.model.for::testRelativeContextParent
5,org.apache.commons.jxpath.ri.model.for::testRelativeContextInheritance
5,org.apache.commons.jxpath.ri.compiler.VariableTest::testVariables
5,org.apache.commons.jxpath.ri.compiler.VariableTest::testVariablesInExpressions
5,org.apache.commons.jxpath.ri.compiler.VariableTest::testInvalidVariableName
5,org.apache.commons.jxpath.ri.compiler.VariableTest::testNestedContext
5,org.apache.commons.jxpath.ri.compiler.VariableTest::testSetValue
5,org.apache.commons.jxpath.ri.compiler.VariableTest::testCreatePathDeclareVariable
5,org.apache.commons.jxpath.ri.compiler.VariableTest::testCreatePathAndSetValueDeclareVariable
5,org.apache.commons.jxpath.ri.compiler.VariableTest::testCreatePathDeclareVariableSetCollectionElement
5,org.apache.commons.jxpath.ri.compiler.VariableTest::testCreateAndSetValuePathDeclareVariableSetCollectionElement
5,org.apache.commons.jxpath.ri.compiler.VariableTest::testCreatePathExpandCollection
5,org.apache.commons.jxpath.ri.compiler.VariableTest::testCreatePathAndSetValueExpandCollection
5,org.apache.commons.jxpath.ri.compiler.VariableTest::testCreatePathDeclareVariableSetProperty
5,org.apache.commons.jxpath.ri.compiler.VariableTest::testCreatePathAndSetValueDeclareVariableSetProperty
5,org.apache.commons.jxpath.ri.compiler.VariableTest::testCreatePathDeclareVariableSetCollectionElementProperty
5,org.apache.commons.jxpath.ri.compiler.VariableTest::testCreatePathAndSetValueDeclVarSetCollectionElementProperty
5,org.apache.commons.jxpath.ri.compiler.VariableTest::testRemovePathUndeclareVariable
5,org.apache.commons.jxpath.ri.compiler.VariableTest::testRemovePathArrayElement
5,org.apache.commons.jxpath.ri.compiler.VariableTest::testRemovePathCollectionElement
5,org.apache.commons.jxpath.ri.compiler.VariableTest::testUnionOfVariableAndNode
5,org.apache.commons.jxpath.ri.compiler.ExtensionFunctionTest::testConstructorLookup
5,org.apache.commons.jxpath.ri.compiler.ExtensionFunctionTest::testConstructorLookupWithExpressionContext
5,org.apache.commons.jxpath.ri.compiler.ExtensionFunctionTest::testStaticMethodLookup
5,org.apache.commons.jxpath.ri.compiler.ExtensionFunctionTest::testStaticMethodLookupWithConversion
5,org.apache.commons.jxpath.ri.compiler.ExtensionFunctionTest::testMethodLookup
5,org.apache.commons.jxpath.ri.compiler.ExtensionFunctionTest::testStaticMethodLookupWithExpressionContext
5,org.apache.commons.jxpath.ri.compiler.ExtensionFunctionTest::testMethodLookupWithExpressionContext
5,org.apache.commons.jxpath.ri.compiler.ExtensionFunctionTest::testMethodLookupWithExpressionContextAndArgument
5,org.apache.commons.jxpath.ri.compiler.ExtensionFunctionTest::testAllocation
5,org.apache.commons.jxpath.ri.compiler.ExtensionFunctionTest::testMethodCall
5,org.apache.commons.jxpath.ri.compiler.ExtensionFunctionTest::testCollectionMethodCall
5,org.apache.commons.jxpath.ri.compiler.ExtensionFunctionTest::testStaticMethodCall
5,org.apache.commons.jxpath.ri.compiler.ExtensionFunctionTest::testExpressionContext
5,org.apache.commons.jxpath.ri.compiler.ExtensionFunctionTest::testCollectionReturn
5,org.apache.commons.jxpath.ri.compiler.ExtensionFunctionTest::testNodeSetReturn
5,org.apache.commons.jxpath.ri.compiler.ExtensionFunctionTest::testEstablishNodeSetBaseline
5,org.apache.commons.jxpath.ri.compiler.ExtensionFunctionTest::testBCNodeSetHack
5,org.apache.commons.jxpath.ri.compiler.CoreOperationTest::testInfoSetTypes
5,org.apache.commons.jxpath.ri.compiler.CoreFunctionTest::testCoreFunctions
5,org.apache.commons.jxpath.ri.compiler.CoreFunctionTest::testIDFunction
5,org.apache.commons.jxpath.ri.compiler.CoreFunctionTest::testKeyFunction
5,org.apache.commons.jxpath.ri.compiler.CoreFunctionTest::testFormatNumberFunction
5,org.apache.commons.jxpath.ri.compiler.ContextDependencyTest::testContextDependency
5,org.apache.commons.jxpath.ri.compiler.ContextDependencyTest::testContextDependency
5,org.apache.commons.jxpath.ri.axes.SimplePathInterpreterTest::testDoStepNoPredicatesPropertyOwner
5,org.apache.commons.jxpath.ri.axes.SimplePathInterpreterTest::testDoStepNoPredicatesStandard
5,org.apache.commons.jxpath.ri.axes.SimplePathInterpreterTest::testDoStepPredicatesPropertyOwner
5,org.apache.commons.jxpath.ri.axes.SimplePathInterpreterTest::testDoStepPredicatesStandard
5,org.apache.commons.jxpath.ri.axes.SimplePathInterpreterTest::testDoPredicateName
5,org.apache.commons.jxpath.ri.axes.SimplePathInterpreterTest::testDoPredicatesStandard
5,org.apache.commons.jxpath.ri.axes.SimplePathInterpreterTest::testDoPredicateIndex
5,org.apache.commons.jxpath.ri.axes.SimplePathInterpreterTest::testInterpretExpressionPath
5,org.apache.commons.jxpath.ri.axes.RecursiveAxesTest::testInfiniteDescent
5,org.apache.commons.jxpath.ri.StressTest::testThreads
5,org.apache.commons.jxpath.ri.JXPathCompiledExpressionTest::testConstant
5,org.apache.commons.jxpath.ri.JXPathCompiledExpressionTest::testCoreFunction
5,org.apache.commons.jxpath.ri.JXPathCompiledExpressionTest::testCoreOperationAnd
5,org.apache.commons.jxpath.ri.JXPathCompiledExpressionTest::testCoreOperationOr
5,org.apache.commons.jxpath.ri.JXPathCompiledExpressionTest::testCoreOperationEqual
5,org.apache.commons.jxpath.ri.JXPathCompiledExpressionTest::testCoreOperationNameAttributeTest
5,org.apache.commons.jxpath.ri.JXPathCompiledExpressionTest::testCoreOperationNotEqual
5,org.apache.commons.jxpath.ri.JXPathCompiledExpressionTest::testCoreOperationLessThan
5,org.apache.commons.jxpath.ri.JXPathCompiledExpressionTest::testCoreOperationLessThanOrEqual
5,org.apache.commons.jxpath.ri.JXPathCompiledExpressionTest::testCoreOperationGreaterThan
5,org.apache.commons.jxpath.ri.JXPathCompiledExpressionTest::testCoreOperationGreaterThanOrEqual
5,org.apache.commons.jxpath.ri.JXPathCompiledExpressionTest::testCoreOperationDivide
5,org.apache.commons.jxpath.ri.JXPathCompiledExpressionTest::testCoreOperationMod
5,org.apache.commons.jxpath.ri.JXPathCompiledExpressionTest::testCoreOperationMultiply
5,org.apache.commons.jxpath.ri.JXPathCompiledExpressionTest::testCoreOperationMinus
5,org.apache.commons.jxpath.ri.JXPathCompiledExpressionTest::testCoreOperationSum
5,org.apache.commons.jxpath.ri.JXPathCompiledExpressionTest::testCoreOperationUnaryMinus
5,org.apache.commons.jxpath.ri.JXPathCompiledExpressionTest::testCoreOperationUnion
5,org.apache.commons.jxpath.ri.JXPathCompiledExpressionTest::testExpressionPath
5,org.apache.commons.jxpath.ri.JXPathCompiledExpressionTest::testExtensionFunction
5,org.apache.commons.jxpath.ri.JXPathCompiledExpressionTest::testLocationPathAxisSelf
5,org.apache.commons.jxpath.ri.JXPathCompiledExpressionTest::testLocationPathAxisChild
5,org.apache.commons.jxpath.ri.JXPathCompiledExpressionTest::testLocationPathAxisParent
5,org.apache.commons.jxpath.ri.JXPathCompiledExpressionTest::testLocationPathAxisAttribute
5,org.apache.commons.jxpath.ri.JXPathCompiledExpressionTest::testLocationPathAxisDescendant
5,org.apache.commons.jxpath.ri.JXPathCompiledExpressionTest::testLocationPathAxisDescendantOrSelf
5,org.apache.commons.jxpath.ri.JXPathCompiledExpressionTest::testLocationPathAxisOther
5,org.apache.commons.jxpath.ri.JXPathCompiledExpressionTest::testLocationPathNodeTest
5,org.apache.commons.jxpath.ri.JXPathCompiledExpressionTest::testVariableReference
6,org.apache.commons.jxpath.util.BasicTypeConverterTest::testPrimitiveToString
6,org.apache.commons.jxpath.util.BasicTypeConverterTest::testArrayToList
6,org.apache.commons.jxpath.util.BasicTypeConverterTest::testArrayToArray
6,org.apache.commons.jxpath.util.BasicTypeConverterTest::testListToArray
6,org.apache.commons.jxpath.util.BasicTypeConverterTest::testInvalidConversion
6,org.apache.commons.jxpath.util.BasicTypeConverterTest::testSingletonCollectionToString
6,org.apache.commons.jxpath.util.BasicTypeConverterTest::testSingletonArrayToString
6,org.apache.commons.jxpath.util.BasicTypeConverterTest::testPointerToString
6,org.apache.commons.jxpath.util.BasicTypeConverterTest::testNodeSetToString
6,org.apache.commons.jxpath.util.BasicTypeConverterTest::testNodeSetToInteger
6,org.apache.commons.jxpath.util.BasicTypeConverterTest::testBeanUtilsConverter
6,org.apache.commons.jxpath.ri.model.jdom.JDOMModelTest::testGetNode
6,org.apache.commons.jxpath.ri.model.jdom.JDOMModelTest::testID
6,org.apache.commons.jxpath.ri.model.dynamic.DynamicPropertiesModelTest::testAxisChild
6,org.apache.commons.jxpath.ri.model.dynamic.DynamicPropertiesModelTest::testAxisDescendant
6,org.apache.commons.jxpath.ri.model.dynamic.DynamicPropertiesModelTest::testAttributeName
6,org.apache.commons.jxpath.ri.model.dynamic.DynamicPropertiesModelTest::testSetPrimitiveValue
6,org.apache.commons.jxpath.ri.model.dynamic.DynamicPropertiesModelTest::testSetCollection
6,org.apache.commons.jxpath.ri.model.dynamic.DynamicPropertiesModelTest::testSetNewKey
6,org.apache.commons.jxpath.ri.model.dynamic.DynamicPropertiesModelTest::testCreatePath
6,org.apache.commons.jxpath.ri.model.dynamic.DynamicPropertiesModelTest::testCreatePathAndSetValue
6,org.apache.commons.jxpath.ri.model.dynamic.DynamicPropertiesModelTest::testCreatePathCreateBean
6,org.apache.commons.jxpath.ri.model.dynamic.DynamicPropertiesModelTest::testCreatePathAndSetValueCreateBean
6,org.apache.commons.jxpath.ri.model.dynamic.DynamicPropertiesModelTest::testCreatePathCollectionElement
6,org.apache.commons.jxpath.ri.model.dynamic.DynamicPropertiesModelTest::testCreatePathAndSetValueCollectionElement
6,org.apache.commons.jxpath.ri.model.dynamic.DynamicPropertiesModelTest::testCreatePathNewCollectionElement
6,org.apache.commons.jxpath.ri.model.dynamic.DynamicPropertiesModelTest::testCreatePathAndSetValueNewCollectionElement
6,org.apache.commons.jxpath.ri.model.dynamic.DynamicPropertiesModelTest::testRemovePath
6,org.apache.commons.jxpath.ri.model.dynamic.DynamicPropertiesModelTest::testRemovePathArrayElement
6,org.apache.commons.jxpath.ri.model.dynamic.DynamicPropertiesModelTest::testCollectionOfMaps
6,org.apache.commons.jxpath.ri.model.dynamic.DynamicPropertiesModelTest::testMapOfMaps
6,org.apache.commons.jxpath.ri.model.dom.DOMModelTest::testGetNode
6,org.apache.commons.jxpath.ri.model.container.ContainerModelTest::testContainerVariableWithCollection
6,org.apache.commons.jxpath.ri.model.container.ContainerModelTest::testContainerPropertyWithCollection
6,org.apache.commons.jxpath.ri.model.container.ContainerModelTest::testContainerMapWithCollection
6,org.apache.commons.jxpath.ri.model.container.ContainerModelTest::testContainerRootWithCollection
6,org.apache.commons.jxpath.ri.model.beans.BeanModelTest::testIndexedProperty
6,org.apache.commons.jxpath.ri.model.beans.BadlyImplementedFactoryTest::testBadFactoryImplementation
6,org.apache.commons.jxpath.ri.model.XMLSpaceTest::testUnspecifiedDOM
6,org.apache.commons.jxpath.ri.model.XMLSpaceTest::testDefaultDOM
6,org.apache.commons.jxpath.ri.model.XMLSpaceTest::testPreserveDOM
6,org.apache.commons.jxpath.ri.model.XMLSpaceTest::testNestedDOM
6,org.apache.commons.jxpath.ri.model.XMLSpaceTest::testNestedWithCommentsDOM
6,org.apache.commons.jxpath.ri.model.XMLSpaceTest::testUnspecifiedJDOM
6,org.apache.commons.jxpath.ri.model.XMLSpaceTest::testDefaultJDOM
6,org.apache.commons.jxpath.ri.model.XMLSpaceTest::testPreserveJDOM
6,org.apache.commons.jxpath.ri.model.XMLSpaceTest::testNestedJDOM
6,org.apache.commons.jxpath.ri.model.XMLSpaceTest::testNestedWithCommentsJDOM
6,org.apache.commons.jxpath.ri.model.XMLPreserveSpaceTest::testUnspecifiedDOM
6,org.apache.commons.jxpath.ri.model.XMLPreserveSpaceTest::testDefaultDOM
6,org.apache.commons.jxpath.ri.model.XMLPreserveSpaceTest::testPreserveDOM
6,org.apache.commons.jxpath.ri.model.XMLPreserveSpaceTest::testNestedDOM
6,org.apache.commons.jxpath.ri.model.XMLPreserveSpaceTest::testNestedWithCommentsDOM
6,org.apache.commons.jxpath.ri.model.XMLPreserveSpaceTest::testUnspecifiedJDOM
6,org.apache.commons.jxpath.ri.model.XMLPreserveSpaceTest::testDefaultJDOM
6,org.apache.commons.jxpath.ri.model.XMLPreserveSpaceTest::testPreserveJDOM
6,org.apache.commons.jxpath.ri.model.XMLPreserveSpaceTest::testNestedJDOM
6,org.apache.commons.jxpath.ri.model.XMLPreserveSpaceTest::testNestedWithCommentsJDOM
6,org.apache.commons.jxpath.ri.model.for::testDocumentOrder
6,org.apache.commons.jxpath.ri.model.for::testSetValue
6,org.apache.commons.jxpath.ri.model.for::testCreatePath
6,org.apache.commons.jxpath.ri.model.for::testCreatePathAndSetValue
6,org.apache.commons.jxpath.ri.model.for::testRemovePath
6,org.apache.commons.jxpath.ri.model.for::testID
6,org.apache.commons.jxpath.ri.model.for::testAxisChild
6,org.apache.commons.jxpath.ri.model.for::testAxisChildIndexPredicate
6,org.apache.commons.jxpath.ri.model.for::testAxisDescendant
6,org.apache.commons.jxpath.ri.model.for::testAxisParent
6,org.apache.commons.jxpath.ri.model.for::testAxisFollowingSibling
6,org.apache.commons.jxpath.ri.model.for::testAxisPrecedingSibling
6,org.apache.commons.jxpath.ri.model.for::testAxisAttribute
6,org.apache.commons.jxpath.ri.model.for::testAxisNamespace
6,org.apache.commons.jxpath.ri.model.for::testAxisAncestor
6,org.apache.commons.jxpath.ri.model.for::testAxisAncestorOrSelf
6,org.apache.commons.jxpath.ri.model.for::testAxisFollowing
6,org.apache.commons.jxpath.ri.model.for::testAxisSelf
6,org.apache.commons.jxpath.ri.model.for::testNodeTypeComment
6,org.apache.commons.jxpath.ri.model.for::testNodeTypeText
6,org.apache.commons.jxpath.ri.model.for::testNodeTypeProcessingInstruction
6,org.apache.commons.jxpath.ri.model.for::testLang
6,org.apache.commons.jxpath.ri.model.for::testDocument
6,org.apache.commons.jxpath.ri.model.for::testContainer
6,org.apache.commons.jxpath.ri.model.for::testElementInVariable
6,org.apache.commons.jxpath.ri.model.for::testTypeConversions
6,org.apache.commons.jxpath.ri.model.for::testBooleanFunction
6,org.apache.commons.jxpath.ri.model.for::testFunctionsLastAndPosition
6,org.apache.commons.jxpath.ri.model.for::testNamespaceMapping
6,org.apache.commons.jxpath.ri.model.MixedModelTest::testVar
6,org.apache.commons.jxpath.ri.model.MixedModelTest::testVarPrimitive
6,org.apache.commons.jxpath.ri.model.MixedModelTest::testVarBean
6,org.apache.commons.jxpath.ri.model.MixedModelTest::testVarMap
6,org.apache.commons.jxpath.ri.model.MixedModelTest::testVarList
6,org.apache.commons.jxpath.ri.model.MixedModelTest::testVarDocument
6,org.apache.commons.jxpath.ri.model.MixedModelTest::testVarElement
6,org.apache.commons.jxpath.ri.model.MixedModelTest::testVarContainer
6,org.apache.commons.jxpath.ri.model.MixedModelTest::testBeanPrimitive
6,org.apache.commons.jxpath.ri.model.MixedModelTest::testBeanBean
6,org.apache.commons.jxpath.ri.model.MixedModelTest::testBeanMap
6,org.apache.commons.jxpath.ri.model.MixedModelTest::testBeanList
6,org.apache.commons.jxpath.ri.model.MixedModelTest::testBeanDocument
6,org.apache.commons.jxpath.ri.model.MixedModelTest::testBeanElement
6,org.apache.commons.jxpath.ri.model.MixedModelTest::testBeanContainer
6,org.apache.commons.jxpath.ri.model.MixedModelTest::testMapPrimitive
6,org.apache.commons.jxpath.ri.model.MixedModelTest::testMapBean
6,org.apache.commons.jxpath.ri.model.MixedModelTest::testMapMap
6,org.apache.commons.jxpath.ri.model.MixedModelTest::testMapList
6,org.apache.commons.jxpath.ri.model.MixedModelTest::testMapDocument
6,org.apache.commons.jxpath.ri.model.MixedModelTest::testMapElement
6,org.apache.commons.jxpath.ri.model.MixedModelTest::testMapContainer
6,org.apache.commons.jxpath.ri.model.MixedModelTest::testListPrimitive
6,org.apache.commons.jxpath.ri.model.MixedModelTest::testListBean
6,org.apache.commons.jxpath.ri.model.MixedModelTest::testListMap
6,org.apache.commons.jxpath.ri.model.MixedModelTest::testListList
6,org.apache.commons.jxpath.ri.model.MixedModelTest::testListDocument
6,org.apache.commons.jxpath.ri.model.MixedModelTest::testListElement
6,org.apache.commons.jxpath.ri.model.MixedModelTest::testListContainer
6,org.apache.commons.jxpath.ri.model.MixedModelTest::testNull
6,org.apache.commons.jxpath.ri.model.MixedModelTest::testRootAsCollection
6,org.apache.commons.jxpath.ri.model.MixedModelTest::testCreatePath
6,org.apache.commons.jxpath.ri.model.MixedModelTest::testIterateArray
6,org.apache.commons.jxpath.ri.model.MixedModelTest::testIteratePointersArray
6,org.apache.commons.jxpath.ri.model.MixedModelTest::testIteratePointersArrayElementWithVariable
6,org.apache.commons.jxpath.ri.model.MixedModelTest::testIterateVector
6,org.apache.commons.jxpath.ri.model.MixedModelTest::testErrorProperty
6,org.apache.commons.jxpath.ri.model.MixedModelTest::testMatrix
6,org.apache.commons.jxpath.ri.model.MixedModelTest::testCreatePathAndSetValueWithMatrix
6,org.apache.commons.jxpath.ri.model.MixedModelTest::testCollectionPointer
6,org.apache.commons.jxpath.ri.model.for::testIndividualIterators
6,org.apache.commons.jxpath.ri.model.for::testMultipleIterators
6,org.apache.commons.jxpath.ri.model.for::testIteratePropertyArrayWithHasNext
6,org.apache.commons.jxpath.ri.model.for::testIteratePropertyArrayWithoutHasNext
6,org.apache.commons.jxpath.ri.model.for::testIterateAndSet
6,org.apache.commons.jxpath.ri.model.for::testIteratePointerSetValue
6,org.apache.commons.jxpath.ri.model.for::testRoot
6,org.apache.commons.jxpath.ri.model.for::testAxisAncestor
6,org.apache.commons.jxpath.ri.model.for::testAxisChild
6,org.apache.commons.jxpath.ri.model.for::testAxisChildNestedBean
6,org.apache.commons.jxpath.ri.model.for::testAxisChildNestedCollection
6,org.apache.commons.jxpath.ri.model.for::testIndexPredicate
6,org.apache.commons.jxpath.ri.model.for::testAxisDescendant
6,org.apache.commons.jxpath.ri.model.for::testAxisDescendantOrSelf
6,org.apache.commons.jxpath.ri.model.for::testAxisFollowing
6,org.apache.commons.jxpath.ri.model.for::testAxisFollowingSibling
6,org.apache.commons.jxpath.ri.model.for::testAxisParent
6,org.apache.commons.jxpath.ri.model.for::testAxisPreceding
6,org.apache.commons.jxpath.ri.model.for::testAxisPrecedingSibling
6,org.apache.commons.jxpath.ri.model.for::testAxisSelf
6,org.apache.commons.jxpath.ri.model.for::testUnion
6,org.apache.commons.jxpath.ri.model.for::testAxisAttribute
6,org.apache.commons.jxpath.ri.model.for::testAttributeName
6,org.apache.commons.jxpath.ri.model.for::testAttributeLang
6,org.apache.commons.jxpath.ri.model.for::testCoreFunctions
6,org.apache.commons.jxpath.ri.model.for::testBooleanPredicate
6,org.apache.commons.jxpath.ri.model.for::testDocumentOrder
6,org.apache.commons.jxpath.ri.model.for::testSetPropertyValue
6,org.apache.commons.jxpath.ri.model.for::testSetCollectionElement
6,org.apache.commons.jxpath.ri.model.for::testSetContextDependentNode
6,org.apache.commons.jxpath.ri.model.for::testSetNonPrimitiveValue
6,org.apache.commons.jxpath.ri.model.for::testCreatePath
6,org.apache.commons.jxpath.ri.model.for::testCreatePathAndSetValue
6,org.apache.commons.jxpath.ri.model.for::testCreatePathExpandNewCollection
6,org.apache.commons.jxpath.ri.model.for::testCreatePathAndSetValueExpandNewCollection
6,org.apache.commons.jxpath.ri.model.for::testCreatePathExpandExistingCollection
6,org.apache.commons.jxpath.ri.model.for::testCreatePathExpandExistingCollectionAndSetProperty
6,org.apache.commons.jxpath.ri.model.for::testCreatePathAndSetValueExpandExistingCollection
6,org.apache.commons.jxpath.ri.model.for::testCreatePathCreateBeanExpandCollection
6,org.apache.commons.jxpath.ri.model.for::testCreatePathAndSetValueCreateBeanExpandCollection
6,org.apache.commons.jxpath.ri.model.for::testRemovePathPropertyValue
6,org.apache.commons.jxpath.ri.model.for::testRemovePathArrayElement
6,org.apache.commons.jxpath.ri.model.for::testRemoveAllArrayElements
6,org.apache.commons.jxpath.ri.model.for::testRemoveAllListElements
6,org.apache.commons.jxpath.ri.model.for::testRemoveAllMapEntries
6,org.apache.commons.jxpath.ri.model.for::testRemovePathBeanValue
6,org.apache.commons.jxpath.ri.model.for::testRelativeContextRelativePath
6,org.apache.commons.jxpath.ri.model.for::testRelativeContextAbsolutePath
6,org.apache.commons.jxpath.ri.model.for::testRelativeContextParent
6,org.apache.commons.jxpath.ri.model.for::testRelativeContextInheritance
6,org.apache.commons.jxpath.ri.compiler.VariableTest::testVariables
6,org.apache.commons.jxpath.ri.compiler.VariableTest::testVariablesInExpressions
6,org.apache.commons.jxpath.ri.compiler.VariableTest::testInvalidVariableName
6,org.apache.commons.jxpath.ri.compiler.VariableTest::testNestedContext
6,org.apache.commons.jxpath.ri.compiler.VariableTest::testSetValue
6,org.apache.commons.jxpath.ri.compiler.VariableTest::testCreatePathDeclareVariable
6,org.apache.commons.jxpath.ri.compiler.VariableTest::testCreatePathAndSetValueDeclareVariable
6,org.apache.commons.jxpath.ri.compiler.VariableTest::testCreatePathDeclareVariableSetCollectionElement
6,org.apache.commons.jxpath.ri.compiler.VariableTest::testCreateAndSetValuePathDeclareVariableSetCollectionElement
6,org.apache.commons.jxpath.ri.compiler.VariableTest::testCreatePathExpandCollection
6,org.apache.commons.jxpath.ri.compiler.VariableTest::testCreatePathAndSetValueExpandCollection
6,org.apache.commons.jxpath.ri.compiler.VariableTest::testCreatePathDeclareVariableSetProperty
6,org.apache.commons.jxpath.ri.compiler.VariableTest::testCreatePathAndSetValueDeclareVariableSetProperty
6,org.apache.commons.jxpath.ri.compiler.VariableTest::testCreatePathDeclareVariableSetCollectionElementProperty
6,org.apache.commons.jxpath.ri.compiler.VariableTest::testCreatePathAndSetValueDeclVarSetCollectionElementProperty
6,org.apache.commons.jxpath.ri.compiler.VariableTest::testRemovePathUndeclareVariable
6,org.apache.commons.jxpath.ri.compiler.VariableTest::testRemovePathArrayElement
6,org.apache.commons.jxpath.ri.compiler.VariableTest::testRemovePathCollectionElement
6,org.apache.commons.jxpath.ri.compiler.VariableTest::testUnionOfVariableAndNode
6,org.apache.commons.jxpath.ri.compiler.VariableTest::testIterateVariable
6,org.apache.commons.jxpath.ri.compiler.ExtensionFunctionTest::testConstructorLookup
6,org.apache.commons.jxpath.ri.compiler.ExtensionFunctionTest::testConstructorLookupWithExpressionContext
6,org.apache.commons.jxpath.ri.compiler.ExtensionFunctionTest::testStaticMethodLookup
6,org.apache.commons.jxpath.ri.compiler.ExtensionFunctionTest::testStaticMethodLookupWithConversion
6,org.apache.commons.jxpath.ri.compiler.ExtensionFunctionTest::testMethodLookup
6,org.apache.commons.jxpath.ri.compiler.ExtensionFunctionTest::testStaticMethodLookupWithExpressionContext
6,org.apache.commons.jxpath.ri.compiler.ExtensionFunctionTest::testMethodLookupWithExpressionContext
6,org.apache.commons.jxpath.ri.compiler.ExtensionFunctionTest::testMethodLookupWithExpressionContextAndArgument
6,org.apache.commons.jxpath.ri.compiler.ExtensionFunctionTest::testAllocation
6,org.apache.commons.jxpath.ri.compiler.ExtensionFunctionTest::testMethodCall
6,org.apache.commons.jxpath.ri.compiler.ExtensionFunctionTest::testCollectionMethodCall
6,org.apache.commons.jxpath.ri.compiler.ExtensionFunctionTest::testStaticMethodCall
6,org.apache.commons.jxpath.ri.compiler.ExtensionFunctionTest::testExpressionContext
6,org.apache.commons.jxpath.ri.compiler.ExtensionFunctionTest::testCollectionReturn
6,org.apache.commons.jxpath.ri.compiler.ExtensionFunctionTest::testNodeSetReturn
6,org.apache.commons.jxpath.ri.compiler.ExtensionFunctionTest::testEstablishNodeSetBaseline
6,org.apache.commons.jxpath.ri.compiler.ExtensionFunctionTest::testBCNodeSetHack
6,org.apache.commons.jxpath.ri.compiler.CoreOperationTest::testInfoSetTypes
6,org.apache.commons.jxpath.ri.compiler.CoreFunctionTest::testCoreFunctions
6,org.apache.commons.jxpath.ri.compiler.CoreFunctionTest::testIDFunction
6,org.apache.commons.jxpath.ri.compiler.CoreFunctionTest::testKeyFunction
6,org.apache.commons.jxpath.ri.compiler.CoreFunctionTest::testExtendedKeyFunction
6,org.apache.commons.jxpath.ri.compiler.CoreFunctionTest::testFormatNumberFunction
6,org.apache.commons.jxpath.ri.compiler.ContextDependencyTest::testContextDependency
6,org.apache.commons.jxpath.ri.compiler.ContextDependencyTest::testContextDependency
6,org.apache.commons.jxpath.ri.axes.SimplePathInterpreterTest::testDoStepNoPredicatesPropertyOwner
6,org.apache.commons.jxpath.ri.axes.SimplePathInterpreterTest::testDoStepNoPredicatesStandard
6,org.apache.commons.jxpath.ri.axes.SimplePathInterpreterTest::testDoStepPredicatesPropertyOwner
6,org.apache.commons.jxpath.ri.axes.SimplePathInterpreterTest::testDoStepPredicatesStandard
6,org.apache.commons.jxpath.ri.axes.SimplePathInterpreterTest::testDoPredicateName
6,org.apache.commons.jxpath.ri.axes.SimplePathInterpreterTest::testDoPredicatesStandard
6,org.apache.commons.jxpath.ri.axes.SimplePathInterpreterTest::testDoPredicateIndex
6,org.apache.commons.jxpath.ri.axes.SimplePathInterpreterTest::testInterpretExpressionPath
6,org.apache.commons.jxpath.ri.axes.RecursiveAxesTest::testInfiniteDescent
6,org.apache.commons.jxpath.ri.StressTest::testThreads
6,org.apache.commons.jxpath.ri.JXPathCompiledExpressionTest::testConstant
6,org.apache.commons.jxpath.ri.JXPathCompiledExpressionTest::testCoreFunction
6,org.apache.commons.jxpath.ri.JXPathCompiledExpressionTest::testCoreOperationAnd
6,org.apache.commons.jxpath.ri.JXPathCompiledExpressionTest::testCoreOperationOr
6,org.apache.commons.jxpath.ri.JXPathCompiledExpressionTest::testCoreOperationEqual
6,org.apache.commons.jxpath.ri.JXPathCompiledExpressionTest::testCoreOperationNameAttributeTest
6,org.apache.commons.jxpath.ri.JXPathCompiledExpressionTest::testCoreOperationNotEqual
6,org.apache.commons.jxpath.ri.JXPathCompiledExpressionTest::testCoreOperationLessThan
6,org.apache.commons.jxpath.ri.JXPathCompiledExpressionTest::testCoreOperationLessThanOrEqual
6,org.apache.commons.jxpath.ri.JXPathCompiledExpressionTest::testCoreOperationGreaterThan
6,org.apache.commons.jxpath.ri.JXPathCompiledExpressionTest::testCoreOperationGreaterThanOrEqual
6,org.apache.commons.jxpath.ri.JXPathCompiledExpressionTest::testCoreOperationDivide
6,org.apache.commons.jxpath.ri.JXPathCompiledExpressionTest::testCoreOperationMod
6,org.apache.commons.jxpath.ri.JXPathCompiledExpressionTest::testCoreOperationMultiply
6,org.apache.commons.jxpath.ri.JXPathCompiledExpressionTest::testCoreOperationMinus
6,org.apache.commons.jxpath.ri.JXPathCompiledExpressionTest::testCoreOperationSum
6,org.apache.commons.jxpath.ri.JXPathCompiledExpressionTest::testCoreOperationUnaryMinus
6,org.apache.commons.jxpath.ri.JXPathCompiledExpressionTest::testCoreOperationUnion
6,org.apache.commons.jxpath.ri.JXPathCompiledExpressionTest::testExpressionPath
6,org.apache.commons.jxpath.ri.JXPathCompiledExpressionTest::testExtensionFunction
6,org.apache.commons.jxpath.ri.JXPathCompiledExpressionTest::testLocationPathAxisSelf
6,org.apache.commons.jxpath.ri.JXPathCompiledExpressionTest::testLocationPathAxisChild
6,org.apache.commons.jxpath.ri.JXPathCompiledExpressionTest::testLocationPathAxisParent
6,org.apache.commons.jxpath.ri.JXPathCompiledExpressionTest::testLocationPathAxisAttribute
6,org.apache.commons.jxpath.ri.JXPathCompiledExpressionTest::testLocationPathAxisDescendant
6,org.apache.commons.jxpath.ri.JXPathCompiledExpressionTest::testLocationPathAxisDescendantOrSelf
6,org.apache.commons.jxpath.ri.JXPathCompiledExpressionTest::testLocationPathAxisOther
6,org.apache.commons.jxpath.ri.JXPathCompiledExpressionTest::testLocationPathNodeTest
6,org.apache.commons.jxpath.ri.JXPathCompiledExpressionTest::testVariableReference
7,org.apache.commons.jxpath.util.BasicTypeConverterTest::testPrimitiveToString
7,org.apache.commons.jxpath.util.BasicTypeConverterTest::testArrayToList
7,org.apache.commons.jxpath.util.BasicTypeConverterTest::testArrayToArray
7,org.apache.commons.jxpath.util.BasicTypeConverterTest::testListToArray
7,org.apache.commons.jxpath.util.BasicTypeConverterTest::testInvalidConversion
7,org.apache.commons.jxpath.util.BasicTypeConverterTest::testSingletonCollectionToString
7,org.apache.commons.jxpath.util.BasicTypeConverterTest::testSingletonArrayToString
7,org.apache.commons.jxpath.util.BasicTypeConverterTest::testPointerToString
7,org.apache.commons.jxpath.util.BasicTypeConverterTest::testNodeSetToString
7,org.apache.commons.jxpath.util.BasicTypeConverterTest::testNodeSetToInteger
7,org.apache.commons.jxpath.util.BasicTypeConverterTest::testBeanUtilsConverter
7,org.apache.commons.jxpath.ri.model.jdom.JDOMModelTest::testGetNode
7,org.apache.commons.jxpath.ri.model.jdom.JDOMModelTest::testID
7,org.apache.commons.jxpath.ri.model.dynamic.DynamicPropertiesModelTest::testAxisChild
7,org.apache.commons.jxpath.ri.model.dynamic.DynamicPropertiesModelTest::testAxisDescendant
7,org.apache.commons.jxpath.ri.model.dynamic.DynamicPropertiesModelTest::testAttributeName
7,org.apache.commons.jxpath.ri.model.dynamic.DynamicPropertiesModelTest::testSetPrimitiveValue
7,org.apache.commons.jxpath.ri.model.dynamic.DynamicPropertiesModelTest::testSetCollection
7,org.apache.commons.jxpath.ri.model.dynamic.DynamicPropertiesModelTest::testSetNewKey
7,org.apache.commons.jxpath.ri.model.dynamic.DynamicPropertiesModelTest::testCreatePath
7,org.apache.commons.jxpath.ri.model.dynamic.DynamicPropertiesModelTest::testCreatePathAndSetValue
7,org.apache.commons.jxpath.ri.model.dynamic.DynamicPropertiesModelTest::testCreatePathCreateBean
7,org.apache.commons.jxpath.ri.model.dynamic.DynamicPropertiesModelTest::testCreatePathAndSetValueCreateBean
7,org.apache.commons.jxpath.ri.model.dynamic.DynamicPropertiesModelTest::testCreatePathCollectionElement
7,org.apache.commons.jxpath.ri.model.dynamic.DynamicPropertiesModelTest::testCreatePathAndSetValueCollectionElement
7,org.apache.commons.jxpath.ri.model.dynamic.DynamicPropertiesModelTest::testCreatePathNewCollectionElement
7,org.apache.commons.jxpath.ri.model.dynamic.DynamicPropertiesModelTest::testCreatePathAndSetValueNewCollectionElement
7,org.apache.commons.jxpath.ri.model.dynamic.DynamicPropertiesModelTest::testRemovePath
7,org.apache.commons.jxpath.ri.model.dynamic.DynamicPropertiesModelTest::testRemovePathArrayElement
7,org.apache.commons.jxpath.ri.model.dynamic.DynamicPropertiesModelTest::testCollectionOfMaps
7,org.apache.commons.jxpath.ri.model.dynamic.DynamicPropertiesModelTest::testMapOfMaps
7,org.apache.commons.jxpath.ri.model.dom.DOMModelTest::testGetNode
7,org.apache.commons.jxpath.ri.model.container.ContainerModelTest::testContainerVariableWithCollection
7,org.apache.commons.jxpath.ri.model.container.ContainerModelTest::testContainerPropertyWithCollection
7,org.apache.commons.jxpath.ri.model.container.ContainerModelTest::testContainerMapWithCollection
7,org.apache.commons.jxpath.ri.model.container.ContainerModelTest::testContainerRootWithCollection
7,org.apache.commons.jxpath.ri.model.beans.BeanModelTest::testIndexedProperty
7,org.apache.commons.jxpath.ri.model.beans.BadlyImplementedFactoryTest::testBadFactoryImplementation
7,org.apache.commons.jxpath.ri.model.XMLSpaceTest::testUnspecifiedDOM
7,org.apache.commons.jxpath.ri.model.XMLSpaceTest::testDefaultDOM
7,org.apache.commons.jxpath.ri.model.XMLSpaceTest::testPreserveDOM
7,org.apache.commons.jxpath.ri.model.XMLSpaceTest::testNestedDOM
7,org.apache.commons.jxpath.ri.model.XMLSpaceTest::testNestedWithCommentsDOM
7,org.apache.commons.jxpath.ri.model.XMLSpaceTest::testUnspecifiedJDOM
7,org.apache.commons.jxpath.ri.model.XMLSpaceTest::testDefaultJDOM
7,org.apache.commons.jxpath.ri.model.XMLSpaceTest::testPreserveJDOM
7,org.apache.commons.jxpath.ri.model.XMLSpaceTest::testNestedJDOM
7,org.apache.commons.jxpath.ri.model.XMLSpaceTest::testNestedWithCommentsJDOM
7,org.apache.commons.jxpath.ri.model.XMLPreserveSpaceTest::testUnspecifiedDOM
7,org.apache.commons.jxpath.ri.model.XMLPreserveSpaceTest::testDefaultDOM
7,org.apache.commons.jxpath.ri.model.XMLPreserveSpaceTest::testPreserveDOM
7,org.apache.commons.jxpath.ri.model.XMLPreserveSpaceTest::testNestedDOM
7,org.apache.commons.jxpath.ri.model.XMLPreserveSpaceTest::testNestedWithCommentsDOM
7,org.apache.commons.jxpath.ri.model.XMLPreserveSpaceTest::testUnspecifiedJDOM
7,org.apache.commons.jxpath.ri.model.XMLPreserveSpaceTest::testDefaultJDOM
7,org.apache.commons.jxpath.ri.model.XMLPreserveSpaceTest::testPreserveJDOM
7,org.apache.commons.jxpath.ri.model.XMLPreserveSpaceTest::testNestedJDOM
7,org.apache.commons.jxpath.ri.model.XMLPreserveSpaceTest::testNestedWithCommentsJDOM
7,org.apache.commons.jxpath.ri.model.for::testDocumentOrder
7,org.apache.commons.jxpath.ri.model.for::testSetValue
7,org.apache.commons.jxpath.ri.model.for::testCreatePath
7,org.apache.commons.jxpath.ri.model.for::testCreatePathAndSetValue
7,org.apache.commons.jxpath.ri.model.for::testRemovePath
7,org.apache.commons.jxpath.ri.model.for::testID
7,org.apache.commons.jxpath.ri.model.for::testAxisChild
7,org.apache.commons.jxpath.ri.model.for::testAxisChildIndexPredicate
7,org.apache.commons.jxpath.ri.model.for::testAxisDescendant
7,org.apache.commons.jxpath.ri.model.for::testAxisParent
7,org.apache.commons.jxpath.ri.model.for::testAxisFollowingSibling
7,org.apache.commons.jxpath.ri.model.for::testAxisPrecedingSibling
7,org.apache.commons.jxpath.ri.model.for::testAxisAttribute
7,org.apache.commons.jxpath.ri.model.for::testAxisNamespace
7,org.apache.commons.jxpath.ri.model.for::testAxisAncestor
7,org.apache.commons.jxpath.ri.model.for::testAxisAncestorOrSelf
7,org.apache.commons.jxpath.ri.model.for::testAxisFollowing
7,org.apache.commons.jxpath.ri.model.for::testAxisSelf
7,org.apache.commons.jxpath.ri.model.for::testNodeTypeComment
7,org.apache.commons.jxpath.ri.model.for::testNodeTypeText
7,org.apache.commons.jxpath.ri.model.for::testNodeTypeProcessingInstruction
7,org.apache.commons.jxpath.ri.model.for::testLang
7,org.apache.commons.jxpath.ri.model.for::testDocument
7,org.apache.commons.jxpath.ri.model.for::testContainer
7,org.apache.commons.jxpath.ri.model.for::testElementInVariable
7,org.apache.commons.jxpath.ri.model.for::testTypeConversions
7,org.apache.commons.jxpath.ri.model.for::testBooleanFunction
7,org.apache.commons.jxpath.ri.model.for::testFunctionsLastAndPosition
7,org.apache.commons.jxpath.ri.model.for::testNamespaceMapping
7,org.apache.commons.jxpath.ri.model.MixedModelTest::testVar
7,org.apache.commons.jxpath.ri.model.MixedModelTest::testVarPrimitive
7,org.apache.commons.jxpath.ri.model.MixedModelTest::testVarBean
7,org.apache.commons.jxpath.ri.model.MixedModelTest::testVarMap
7,org.apache.commons.jxpath.ri.model.MixedModelTest::testVarList
7,org.apache.commons.jxpath.ri.model.MixedModelTest::testVarDocument
7,org.apache.commons.jxpath.ri.model.MixedModelTest::testVarElement
7,org.apache.commons.jxpath.ri.model.MixedModelTest::testVarContainer
7,org.apache.commons.jxpath.ri.model.MixedModelTest::testBeanPrimitive
7,org.apache.commons.jxpath.ri.model.MixedModelTest::testBeanBean
7,org.apache.commons.jxpath.ri.model.MixedModelTest::testBeanMap
7,org.apache.commons.jxpath.ri.model.MixedModelTest::testBeanList
7,org.apache.commons.jxpath.ri.model.MixedModelTest::testBeanDocument
7,org.apache.commons.jxpath.ri.model.MixedModelTest::testBeanElement
7,org.apache.commons.jxpath.ri.model.MixedModelTest::testBeanContainer
7,org.apache.commons.jxpath.ri.model.MixedModelTest::testMapPrimitive
7,org.apache.commons.jxpath.ri.model.MixedModelTest::testMapBean
7,org.apache.commons.jxpath.ri.model.MixedModelTest::testMapMap
7,org.apache.commons.jxpath.ri.model.MixedModelTest::testMapList
7,org.apache.commons.jxpath.ri.model.MixedModelTest::testMapDocument
7,org.apache.commons.jxpath.ri.model.MixedModelTest::testMapElement
7,org.apache.commons.jxpath.ri.model.MixedModelTest::testMapContainer
7,org.apache.commons.jxpath.ri.model.MixedModelTest::testListPrimitive
7,org.apache.commons.jxpath.ri.model.MixedModelTest::testListBean
7,org.apache.commons.jxpath.ri.model.MixedModelTest::testListMap
7,org.apache.commons.jxpath.ri.model.MixedModelTest::testListList
7,org.apache.commons.jxpath.ri.model.MixedModelTest::testListDocument
7,org.apache.commons.jxpath.ri.model.MixedModelTest::testListElement
7,org.apache.commons.jxpath.ri.model.MixedModelTest::testListContainer
7,org.apache.commons.jxpath.ri.model.MixedModelTest::testNull
7,org.apache.commons.jxpath.ri.model.MixedModelTest::testRootAsCollection
7,org.apache.commons.jxpath.ri.model.MixedModelTest::testCreatePath
7,org.apache.commons.jxpath.ri.model.MixedModelTest::testIterateArray
7,org.apache.commons.jxpath.ri.model.MixedModelTest::testIteratePointersArray
7,org.apache.commons.jxpath.ri.model.MixedModelTest::testIteratePointersArrayElementWithVariable
7,org.apache.commons.jxpath.ri.model.MixedModelTest::testIterateVector
7,org.apache.commons.jxpath.ri.model.MixedModelTest::testErrorProperty
7,org.apache.commons.jxpath.ri.model.MixedModelTest::testMatrix
7,org.apache.commons.jxpath.ri.model.MixedModelTest::testCreatePathAndSetValueWithMatrix
7,org.apache.commons.jxpath.ri.model.MixedModelTest::testCollectionPointer
7,org.apache.commons.jxpath.ri.model.for::testIndividualIterators
7,org.apache.commons.jxpath.ri.model.for::testMultipleIterators
7,org.apache.commons.jxpath.ri.model.for::testIteratePropertyArrayWithHasNext
7,org.apache.commons.jxpath.ri.model.for::testIteratePropertyArrayWithoutHasNext
7,org.apache.commons.jxpath.ri.model.for::testIterateAndSet
7,org.apache.commons.jxpath.ri.model.for::testIteratePointerSetValue
7,org.apache.commons.jxpath.ri.model.for::testRoot
7,org.apache.commons.jxpath.ri.model.for::testAxisAncestor
7,org.apache.commons.jxpath.ri.model.for::testAxisChild
7,org.apache.commons.jxpath.ri.model.for::testAxisChildNestedBean
7,org.apache.commons.jxpath.ri.model.for::testAxisChildNestedCollection
7,org.apache.commons.jxpath.ri.model.for::testIndexPredicate
7,org.apache.commons.jxpath.ri.model.for::testAxisDescendant
7,org.apache.commons.jxpath.ri.model.for::testAxisDescendantOrSelf
7,org.apache.commons.jxpath.ri.model.for::testAxisFollowing
7,org.apache.commons.jxpath.ri.model.for::testAxisFollowingSibling
7,org.apache.commons.jxpath.ri.model.for::testAxisParent
7,org.apache.commons.jxpath.ri.model.for::testAxisPreceding
7,org.apache.commons.jxpath.ri.model.for::testAxisPrecedingSibling
7,org.apache.commons.jxpath.ri.model.for::testAxisSelf
7,org.apache.commons.jxpath.ri.model.for::testUnion
7,org.apache.commons.jxpath.ri.model.for::testAxisAttribute
7,org.apache.commons.jxpath.ri.model.for::testAttributeName
7,org.apache.commons.jxpath.ri.model.for::testAttributeLang
7,org.apache.commons.jxpath.ri.model.for::testCoreFunctions
7,org.apache.commons.jxpath.ri.model.for::testBooleanPredicate
7,org.apache.commons.jxpath.ri.model.for::testDocumentOrder
7,org.apache.commons.jxpath.ri.model.for::testSetPropertyValue
7,org.apache.commons.jxpath.ri.model.for::testSetCollectionElement
7,org.apache.commons.jxpath.ri.model.for::testSetContextDependentNode
7,org.apache.commons.jxpath.ri.model.for::testSetNonPrimitiveValue
7,org.apache.commons.jxpath.ri.model.for::testCreatePath
7,org.apache.commons.jxpath.ri.model.for::testCreatePathAndSetValue
7,org.apache.commons.jxpath.ri.model.for::testCreatePathExpandNewCollection
7,org.apache.commons.jxpath.ri.model.for::testCreatePathAndSetValueExpandNewCollection
7,org.apache.commons.jxpath.ri.model.for::testCreatePathExpandExistingCollection
7,org.apache.commons.jxpath.ri.model.for::testCreatePathExpandExistingCollectionAndSetProperty
7,org.apache.commons.jxpath.ri.model.for::testCreatePathAndSetValueExpandExistingCollection
7,org.apache.commons.jxpath.ri.model.for::testCreatePathCreateBeanExpandCollection
7,org.apache.commons.jxpath.ri.model.for::testCreatePathAndSetValueCreateBeanExpandCollection
7,org.apache.commons.jxpath.ri.model.for::testRemovePathPropertyValue
7,org.apache.commons.jxpath.ri.model.for::testRemovePathArrayElement
7,org.apache.commons.jxpath.ri.model.for::testRemoveAllArrayElements
7,org.apache.commons.jxpath.ri.model.for::testRemoveAllListElements
7,org.apache.commons.jxpath.ri.model.for::testRemoveAllMapEntries
7,org.apache.commons.jxpath.ri.model.for::testRemovePathBeanValue
7,org.apache.commons.jxpath.ri.model.for::testRelativeContextRelativePath
7,org.apache.commons.jxpath.ri.model.for::testRelativeContextAbsolutePath
7,org.apache.commons.jxpath.ri.model.for::testRelativeContextParent
7,org.apache.commons.jxpath.ri.model.for::testRelativeContextInheritance
7,org.apache.commons.jxpath.ri.compiler.CoreOperationTest::testInfoSetTypes
7,org.apache.commons.jxpath.ri.compiler.CoreOperationTest::testNodeSetOperations
7,org.apache.commons.jxpath.ri.compiler.VariableTest::testVariables
7,org.apache.commons.jxpath.ri.compiler.VariableTest::testVariablesInExpressions
7,org.apache.commons.jxpath.ri.compiler.VariableTest::testInvalidVariableName
7,org.apache.commons.jxpath.ri.compiler.VariableTest::testNestedContext
7,org.apache.commons.jxpath.ri.compiler.VariableTest::testSetValue
7,org.apache.commons.jxpath.ri.compiler.VariableTest::testCreatePathDeclareVariable
7,org.apache.commons.jxpath.ri.compiler.VariableTest::testCreatePathAndSetValueDeclareVariable
7,org.apache.commons.jxpath.ri.compiler.VariableTest::testCreatePathDeclareVariableSetCollectionElement
7,org.apache.commons.jxpath.ri.compiler.VariableTest::testCreateAndSetValuePathDeclareVariableSetCollectionElement
7,org.apache.commons.jxpath.ri.compiler.VariableTest::testCreatePathExpandCollection
7,org.apache.commons.jxpath.ri.compiler.VariableTest::testCreatePathAndSetValueExpandCollection
7,org.apache.commons.jxpath.ri.compiler.VariableTest::testCreatePathDeclareVariableSetProperty
7,org.apache.commons.jxpath.ri.compiler.VariableTest::testCreatePathAndSetValueDeclareVariableSetProperty
7,org.apache.commons.jxpath.ri.compiler.VariableTest::testCreatePathDeclareVariableSetCollectionElementProperty
7,org.apache.commons.jxpath.ri.compiler.VariableTest::testCreatePathAndSetValueDeclVarSetCollectionElementProperty
7,org.apache.commons.jxpath.ri.compiler.VariableTest::testRemovePathUndeclareVariable
7,org.apache.commons.jxpath.ri.compiler.VariableTest::testRemovePathArrayElement
7,org.apache.commons.jxpath.ri.compiler.VariableTest::testRemovePathCollectionElement
7,org.apache.commons.jxpath.ri.compiler.VariableTest::testUnionOfVariableAndNode
7,org.apache.commons.jxpath.ri.compiler.VariableTest::testIterateVariable
7,org.apache.commons.jxpath.ri.compiler.ExtensionFunctionTest::testConstructorLookup
7,org.apache.commons.jxpath.ri.compiler.ExtensionFunctionTest::testConstructorLookupWithExpressionContext
7,org.apache.commons.jxpath.ri.compiler.ExtensionFunctionTest::testStaticMethodLookup
7,org.apache.commons.jxpath.ri.compiler.ExtensionFunctionTest::testStaticMethodLookupWithConversion
7,org.apache.commons.jxpath.ri.compiler.ExtensionFunctionTest::testMethodLookup
7,org.apache.commons.jxpath.ri.compiler.ExtensionFunctionTest::testStaticMethodLookupWithExpressionContext
7,org.apache.commons.jxpath.ri.compiler.ExtensionFunctionTest::testMethodLookupWithExpressionContext
7,org.apache.commons.jxpath.ri.compiler.ExtensionFunctionTest::testMethodLookupWithExpressionContextAndArgument
7,org.apache.commons.jxpath.ri.compiler.ExtensionFunctionTest::testAllocation
7,org.apache.commons.jxpath.ri.compiler.ExtensionFunctionTest::testMethodCall
7,org.apache.commons.jxpath.ri.compiler.ExtensionFunctionTest::testCollectionMethodCall
7,org.apache.commons.jxpath.ri.compiler.ExtensionFunctionTest::testStaticMethodCall
7,org.apache.commons.jxpath.ri.compiler.ExtensionFunctionTest::testExpressionContext
7,org.apache.commons.jxpath.ri.compiler.ExtensionFunctionTest::testCollectionReturn
7,org.apache.commons.jxpath.ri.compiler.ExtensionFunctionTest::testNodeSetReturn
7,org.apache.commons.jxpath.ri.compiler.ExtensionFunctionTest::testEstablishNodeSetBaseline
7,org.apache.commons.jxpath.ri.compiler.ExtensionFunctionTest::testBCNodeSetHack
7,org.apache.commons.jxpath.ri.compiler.CoreFunctionTest::testCoreFunctions
7,org.apache.commons.jxpath.ri.compiler.CoreFunctionTest::testIDFunction
7,org.apache.commons.jxpath.ri.compiler.CoreFunctionTest::testKeyFunction
7,org.apache.commons.jxpath.ri.compiler.CoreFunctionTest::testExtendedKeyFunction
7,org.apache.commons.jxpath.ri.compiler.CoreFunctionTest::testFormatNumberFunction
7,org.apache.commons.jxpath.ri.compiler.ContextDependencyTest::testContextDependency
7,org.apache.commons.jxpath.ri.compiler.ContextDependencyTest::testContextDependency
7,org.apache.commons.jxpath.ri.axes.SimplePathInterpreterTest::testDoStepNoPredicatesPropertyOwner
7,org.apache.commons.jxpath.ri.axes.SimplePathInterpreterTest::testDoStepNoPredicatesStandard
7,org.apache.commons.jxpath.ri.axes.SimplePathInterpreterTest::testDoStepPredicatesPropertyOwner
7,org.apache.commons.jxpath.ri.axes.SimplePathInterpreterTest::testDoStepPredicatesStandard
7,org.apache.commons.jxpath.ri.axes.SimplePathInterpreterTest::testDoPredicateName
7,org.apache.commons.jxpath.ri.axes.SimplePathInterpreterTest::testDoPredicatesStandard
7,org.apache.commons.jxpath.ri.axes.SimplePathInterpreterTest::testDoPredicateIndex
7,org.apache.commons.jxpath.ri.axes.SimplePathInterpreterTest::testInterpretExpressionPath
7,org.apache.commons.jxpath.ri.axes.RecursiveAxesTest::testInfiniteDescent
7,org.apache.commons.jxpath.ri.StressTest::testThreads
7,org.apache.commons.jxpath.ri.JXPathCompiledExpressionTest::testConstant
7,org.apache.commons.jxpath.ri.JXPathCompiledExpressionTest::testCoreFunction
7,org.apache.commons.jxpath.ri.JXPathCompiledExpressionTest::testCoreOperationAnd
7,org.apache.commons.jxpath.ri.JXPathCompiledExpressionTest::testCoreOperationOr
7,org.apache.commons.jxpath.ri.JXPathCompiledExpressionTest::testCoreOperationEqual
7,org.apache.commons.jxpath.ri.JXPathCompiledExpressionTest::testCoreOperationNameAttributeTest
7,org.apache.commons.jxpath.ri.JXPathCompiledExpressionTest::testCoreOperationNotEqual
7,org.apache.commons.jxpath.ri.JXPathCompiledExpressionTest::testCoreOperationLessThan
7,org.apache.commons.jxpath.ri.JXPathCompiledExpressionTest::testCoreOperationLessThanOrEqual
7,org.apache.commons.jxpath.ri.JXPathCompiledExpressionTest::testCoreOperationGreaterThan
7,org.apache.commons.jxpath.ri.JXPathCompiledExpressionTest::testCoreOperationGreaterThanOrEqual
7,org.apache.commons.jxpath.ri.JXPathCompiledExpressionTest::testCoreOperationDivide
7,org.apache.commons.jxpath.ri.JXPathCompiledExpressionTest::testCoreOperationMod
7,org.apache.commons.jxpath.ri.JXPathCompiledExpressionTest::testCoreOperationMultiply
7,org.apache.commons.jxpath.ri.JXPathCompiledExpressionTest::testCoreOperationMinus
7,org.apache.commons.jxpath.ri.JXPathCompiledExpressionTest::testCoreOperationSum
7,org.apache.commons.jxpath.ri.JXPathCompiledExpressionTest::testCoreOperationUnaryMinus
7,org.apache.commons.jxpath.ri.JXPathCompiledExpressionTest::testCoreOperationUnion
7,org.apache.commons.jxpath.ri.JXPathCompiledExpressionTest::testExpressionPath
7,org.apache.commons.jxpath.ri.JXPathCompiledExpressionTest::testExtensionFunction
7,org.apache.commons.jxpath.ri.JXPathCompiledExpressionTest::testLocationPathAxisSelf
7,org.apache.commons.jxpath.ri.JXPathCompiledExpressionTest::testLocationPathAxisChild
7,org.apache.commons.jxpath.ri.JXPathCompiledExpressionTest::testLocationPathAxisParent
7,org.apache.commons.jxpath.ri.JXPathCompiledExpressionTest::testLocationPathAxisAttribute
7,org.apache.commons.jxpath.ri.JXPathCompiledExpressionTest::testLocationPathAxisDescendant
7,org.apache.commons.jxpath.ri.JXPathCompiledExpressionTest::testLocationPathAxisDescendantOrSelf
7,org.apache.commons.jxpath.ri.JXPathCompiledExpressionTest::testLocationPathAxisOther
7,org.apache.commons.jxpath.ri.JXPathCompiledExpressionTest::testLocationPathNodeTest
7,org.apache.commons.jxpath.ri.JXPathCompiledExpressionTest::testVariableReference
8,org.apache.commons.jxpath.util.BasicTypeConverterTest::testPrimitiveToString
8,org.apache.commons.jxpath.util.BasicTypeConverterTest::testArrayToList
8,org.apache.commons.jxpath.util.BasicTypeConverterTest::testArrayToArray
8,org.apache.commons.jxpath.util.BasicTypeConverterTest::testListToArray
8,org.apache.commons.jxpath.util.BasicTypeConverterTest::testInvalidConversion
8,org.apache.commons.jxpath.util.BasicTypeConverterTest::testSingletonCollectionToString
8,org.apache.commons.jxpath.util.BasicTypeConverterTest::testSingletonArrayToString
8,org.apache.commons.jxpath.util.BasicTypeConverterTest::testPointerToString
8,org.apache.commons.jxpath.util.BasicTypeConverterTest::testNodeSetToString
8,org.apache.commons.jxpath.util.BasicTypeConverterTest::testNodeSetToInteger
8,org.apache.commons.jxpath.util.BasicTypeConverterTest::testBeanUtilsConverter
8,org.apache.commons.jxpath.ri.model.jdom.JDOMModelTest::testGetNode
8,org.apache.commons.jxpath.ri.model.jdom.JDOMModelTest::testID
8,org.apache.commons.jxpath.ri.model.dynamic.DynamicPropertiesModelTest::testAxisChild
8,org.apache.commons.jxpath.ri.model.dynamic.DynamicPropertiesModelTest::testAxisDescendant
8,org.apache.commons.jxpath.ri.model.dynamic.DynamicPropertiesModelTest::testAttributeName
8,org.apache.commons.jxpath.ri.model.dynamic.DynamicPropertiesModelTest::testSetPrimitiveValue
8,org.apache.commons.jxpath.ri.model.dynamic.DynamicPropertiesModelTest::testSetCollection
8,org.apache.commons.jxpath.ri.model.dynamic.DynamicPropertiesModelTest::testSetNewKey
8,org.apache.commons.jxpath.ri.model.dynamic.DynamicPropertiesModelTest::testCreatePath
8,org.apache.commons.jxpath.ri.model.dynamic.DynamicPropertiesModelTest::testCreatePathAndSetValue
8,org.apache.commons.jxpath.ri.model.dynamic.DynamicPropertiesModelTest::testCreatePathCreateBean
8,org.apache.commons.jxpath.ri.model.dynamic.DynamicPropertiesModelTest::testCreatePathAndSetValueCreateBean
8,org.apache.commons.jxpath.ri.model.dynamic.DynamicPropertiesModelTest::testCreatePathCollectionElement
8,org.apache.commons.jxpath.ri.model.dynamic.DynamicPropertiesModelTest::testCreatePathAndSetValueCollectionElement
8,org.apache.commons.jxpath.ri.model.dynamic.DynamicPropertiesModelTest::testCreatePathNewCollectionElement
8,org.apache.commons.jxpath.ri.model.dynamic.DynamicPropertiesModelTest::testCreatePathAndSetValueNewCollectionElement
8,org.apache.commons.jxpath.ri.model.dynamic.DynamicPropertiesModelTest::testRemovePath
8,org.apache.commons.jxpath.ri.model.dynamic.DynamicPropertiesModelTest::testRemovePathArrayElement
8,org.apache.commons.jxpath.ri.model.dynamic.DynamicPropertiesModelTest::testCollectionOfMaps
8,org.apache.commons.jxpath.ri.model.dynamic.DynamicPropertiesModelTest::testMapOfMaps
8,org.apache.commons.jxpath.ri.model.dom.DOMModelTest::testGetNode
8,org.apache.commons.jxpath.ri.model.container.ContainerModelTest::testContainerVariableWithCollection
8,org.apache.commons.jxpath.ri.model.container.ContainerModelTest::testContainerPropertyWithCollection
8,org.apache.commons.jxpath.ri.model.container.ContainerModelTest::testContainerMapWithCollection
8,org.apache.commons.jxpath.ri.model.container.ContainerModelTest::testContainerRootWithCollection
8,org.apache.commons.jxpath.ri.model.beans.BeanModelTest::testIndexedProperty
8,org.apache.commons.jxpath.ri.model.beans.BadlyImplementedFactoryTest::testBadFactoryImplementation
8,org.apache.commons.jxpath.ri.model.XMLSpaceTest::testUnspecifiedDOM
8,org.apache.commons.jxpath.ri.model.XMLSpaceTest::testDefaultDOM
8,org.apache.commons.jxpath.ri.model.XMLSpaceTest::testPreserveDOM
8,org.apache.commons.jxpath.ri.model.XMLSpaceTest::testNestedDOM
8,org.apache.commons.jxpath.ri.model.XMLSpaceTest::testNestedWithCommentsDOM
8,org.apache.commons.jxpath.ri.model.XMLSpaceTest::testUnspecifiedJDOM
8,org.apache.commons.jxpath.ri.model.XMLSpaceTest::testDefaultJDOM
8,org.apache.commons.jxpath.ri.model.XMLSpaceTest::testPreserveJDOM
8,org.apache.commons.jxpath.ri.model.XMLSpaceTest::testNestedJDOM
8,org.apache.commons.jxpath.ri.model.XMLSpaceTest::testNestedWithCommentsJDOM
8,org.apache.commons.jxpath.ri.model.XMLPreserveSpaceTest::testUnspecifiedDOM
8,org.apache.commons.jxpath.ri.model.XMLPreserveSpaceTest::testDefaultDOM
8,org.apache.commons.jxpath.ri.model.XMLPreserveSpaceTest::testPreserveDOM
8,org.apache.commons.jxpath.ri.model.XMLPreserveSpaceTest::testNestedDOM
8,org.apache.commons.jxpath.ri.model.XMLPreserveSpaceTest::testNestedWithCommentsDOM
8,org.apache.commons.jxpath.ri.model.XMLPreserveSpaceTest::testUnspecifiedJDOM
8,org.apache.commons.jxpath.ri.model.XMLPreserveSpaceTest::testDefaultJDOM
8,org.apache.commons.jxpath.ri.model.XMLPreserveSpaceTest::testPreserveJDOM
8,org.apache.commons.jxpath.ri.model.XMLPreserveSpaceTest::testNestedJDOM
8,org.apache.commons.jxpath.ri.model.XMLPreserveSpaceTest::testNestedWithCommentsJDOM
8,org.apache.commons.jxpath.ri.model.for::testDocumentOrder
8,org.apache.commons.jxpath.ri.model.for::testSetValue
8,org.apache.commons.jxpath.ri.model.for::testCreatePath
8,org.apache.commons.jxpath.ri.model.for::testCreatePathAndSetValue
8,org.apache.commons.jxpath.ri.model.for::testRemovePath
8,org.apache.commons.jxpath.ri.model.for::testID
8,org.apache.commons.jxpath.ri.model.for::testAxisChild
8,org.apache.commons.jxpath.ri.model.for::testAxisChildIndexPredicate
8,org.apache.commons.jxpath.ri.model.for::testAxisDescendant
8,org.apache.commons.jxpath.ri.model.for::testAxisParent
8,org.apache.commons.jxpath.ri.model.for::testAxisFollowingSibling
8,org.apache.commons.jxpath.ri.model.for::testAxisPrecedingSibling
8,org.apache.commons.jxpath.ri.model.for::testAxisAttribute
8,org.apache.commons.jxpath.ri.model.for::testAxisNamespace
8,org.apache.commons.jxpath.ri.model.for::testAxisAncestor
8,org.apache.commons.jxpath.ri.model.for::testAxisAncestorOrSelf
8,org.apache.commons.jxpath.ri.model.for::testAxisFollowing
8,org.apache.commons.jxpath.ri.model.for::testAxisSelf
8,org.apache.commons.jxpath.ri.model.for::testNodeTypeComment
8,org.apache.commons.jxpath.ri.model.for::testNodeTypeText
8,org.apache.commons.jxpath.ri.model.for::testNodeTypeProcessingInstruction
8,org.apache.commons.jxpath.ri.model.for::testLang
8,org.apache.commons.jxpath.ri.model.for::testDocument
8,org.apache.commons.jxpath.ri.model.for::testContainer
8,org.apache.commons.jxpath.ri.model.for::testElementInVariable
8,org.apache.commons.jxpath.ri.model.for::testTypeConversions
8,org.apache.commons.jxpath.ri.model.for::testBooleanFunction
8,org.apache.commons.jxpath.ri.model.for::testFunctionsLastAndPosition
8,org.apache.commons.jxpath.ri.model.for::testNamespaceMapping
8,org.apache.commons.jxpath.ri.model.MixedModelTest::testVar
8,org.apache.commons.jxpath.ri.model.MixedModelTest::testVarPrimitive
8,org.apache.commons.jxpath.ri.model.MixedModelTest::testVarBean
8,org.apache.commons.jxpath.ri.model.MixedModelTest::testVarMap
8,org.apache.commons.jxpath.ri.model.MixedModelTest::testVarList
8,org.apache.commons.jxpath.ri.model.MixedModelTest::testVarDocument
8,org.apache.commons.jxpath.ri.model.MixedModelTest::testVarElement
8,org.apache.commons.jxpath.ri.model.MixedModelTest::testVarContainer
8,org.apache.commons.jxpath.ri.model.MixedModelTest::testBeanPrimitive
8,org.apache.commons.jxpath.ri.model.MixedModelTest::testBeanBean
8,org.apache.commons.jxpath.ri.model.MixedModelTest::testBeanMap
8,org.apache.commons.jxpath.ri.model.MixedModelTest::testBeanList
8,org.apache.commons.jxpath.ri.model.MixedModelTest::testBeanDocument
8,org.apache.commons.jxpath.ri.model.MixedModelTest::testBeanElement
8,org.apache.commons.jxpath.ri.model.MixedModelTest::testBeanContainer
8,org.apache.commons.jxpath.ri.model.MixedModelTest::testMapPrimitive
8,org.apache.commons.jxpath.ri.model.MixedModelTest::testMapBean
8,org.apache.commons.jxpath.ri.model.MixedModelTest::testMapMap
8,org.apache.commons.jxpath.ri.model.MixedModelTest::testMapList
8,org.apache.commons.jxpath.ri.model.MixedModelTest::testMapDocument
8,org.apache.commons.jxpath.ri.model.MixedModelTest::testMapElement
8,org.apache.commons.jxpath.ri.model.MixedModelTest::testMapContainer
8,org.apache.commons.jxpath.ri.model.MixedModelTest::testListPrimitive
8,org.apache.commons.jxpath.ri.model.MixedModelTest::testListBean
8,org.apache.commons.jxpath.ri.model.MixedModelTest::testListMap
8,org.apache.commons.jxpath.ri.model.MixedModelTest::testListList
8,org.apache.commons.jxpath.ri.model.MixedModelTest::testListDocument
8,org.apache.commons.jxpath.ri.model.MixedModelTest::testListElement
8,org.apache.commons.jxpath.ri.model.MixedModelTest::testListContainer
8,org.apache.commons.jxpath.ri.model.MixedModelTest::testNull
8,org.apache.commons.jxpath.ri.model.MixedModelTest::testRootAsCollection
8,org.apache.commons.jxpath.ri.model.MixedModelTest::testCreatePath
8,org.apache.commons.jxpath.ri.model.MixedModelTest::testIterateArray
8,org.apache.commons.jxpath.ri.model.MixedModelTest::testIteratePointersArray
8,org.apache.commons.jxpath.ri.model.MixedModelTest::testIteratePointersArrayElementWithVariable
8,org.apache.commons.jxpath.ri.model.MixedModelTest::testIterateVector
8,org.apache.commons.jxpath.ri.model.MixedModelTest::testErrorProperty
8,org.apache.commons.jxpath.ri.model.MixedModelTest::testMatrix
8,org.apache.commons.jxpath.ri.model.MixedModelTest::testCreatePathAndSetValueWithMatrix
8,org.apache.commons.jxpath.ri.model.MixedModelTest::testCollectionPointer
8,org.apache.commons.jxpath.ri.model.for::testIndividualIterators
8,org.apache.commons.jxpath.ri.model.for::testMultipleIterators
8,org.apache.commons.jxpath.ri.model.for::testIteratePropertyArrayWithHasNext
8,org.apache.commons.jxpath.ri.model.for::testIteratePropertyArrayWithoutHasNext
8,org.apache.commons.jxpath.ri.model.for::testIterateAndSet
8,org.apache.commons.jxpath.ri.model.for::testIteratePointerSetValue
8,org.apache.commons.jxpath.ri.model.for::testRoot
8,org.apache.commons.jxpath.ri.model.for::testAxisAncestor
8,org.apache.commons.jxpath.ri.model.for::testAxisChild
8,org.apache.commons.jxpath.ri.model.for::testAxisChildNestedBean
8,org.apache.commons.jxpath.ri.model.for::testAxisChildNestedCollection
8,org.apache.commons.jxpath.ri.model.for::testIndexPredicate
8,org.apache.commons.jxpath.ri.model.for::testAxisDescendant
8,org.apache.commons.jxpath.ri.model.for::testAxisDescendantOrSelf
8,org.apache.commons.jxpath.ri.model.for::testAxisFollowing
8,org.apache.commons.jxpath.ri.model.for::testAxisFollowingSibling
8,org.apache.commons.jxpath.ri.model.for::testAxisParent
8,org.apache.commons.jxpath.ri.model.for::testAxisPreceding
8,org.apache.commons.jxpath.ri.model.for::testAxisPrecedingSibling
8,org.apache.commons.jxpath.ri.model.for::testAxisSelf
8,org.apache.commons.jxpath.ri.model.for::testUnion
8,org.apache.commons.jxpath.ri.model.for::testAxisAttribute
8,org.apache.commons.jxpath.ri.model.for::testAttributeName
8,org.apache.commons.jxpath.ri.model.for::testAttributeLang
8,org.apache.commons.jxpath.ri.model.for::testCoreFunctions
8,org.apache.commons.jxpath.ri.model.for::testBooleanPredicate
8,org.apache.commons.jxpath.ri.model.for::testDocumentOrder
8,org.apache.commons.jxpath.ri.model.for::testSetPropertyValue
8,org.apache.commons.jxpath.ri.model.for::testSetCollectionElement
8,org.apache.commons.jxpath.ri.model.for::testSetContextDependentNode
8,org.apache.commons.jxpath.ri.model.for::testSetNonPrimitiveValue
8,org.apache.commons.jxpath.ri.model.for::testCreatePath
8,org.apache.commons.jxpath.ri.model.for::testCreatePathAndSetValue
8,org.apache.commons.jxpath.ri.model.for::testCreatePathExpandNewCollection
8,org.apache.commons.jxpath.ri.model.for::testCreatePathAndSetValueExpandNewCollection
8,org.apache.commons.jxpath.ri.model.for::testCreatePathExpandExistingCollection
8,org.apache.commons.jxpath.ri.model.for::testCreatePathExpandExistingCollectionAndSetProperty
8,org.apache.commons.jxpath.ri.model.for::testCreatePathAndSetValueExpandExistingCollection
8,org.apache.commons.jxpath.ri.model.for::testCreatePathCreateBeanExpandCollection
8,org.apache.commons.jxpath.ri.model.for::testCreatePathAndSetValueCreateBeanExpandCollection
8,org.apache.commons.jxpath.ri.model.for::testRemovePathPropertyValue
8,org.apache.commons.jxpath.ri.model.for::testRemovePathArrayElement
8,org.apache.commons.jxpath.ri.model.for::testRemoveAllArrayElements
8,org.apache.commons.jxpath.ri.model.for::testRemoveAllListElements
8,org.apache.commons.jxpath.ri.model.for::testRemoveAllMapEntries
8,org.apache.commons.jxpath.ri.model.for::testRemovePathBeanValue
8,org.apache.commons.jxpath.ri.model.for::testRelativeContextRelativePath
8,org.apache.commons.jxpath.ri.model.for::testRelativeContextAbsolutePath
8,org.apache.commons.jxpath.ri.model.for::testRelativeContextParent
8,org.apache.commons.jxpath.ri.model.for::testRelativeContextInheritance
8,org.apache.commons.jxpath.ri.compiler.CoreOperationTest::testInfoSetTypes
8,org.apache.commons.jxpath.ri.compiler.CoreOperationTest::testNodeSetOperations
8,org.apache.commons.jxpath.ri.compiler.CoreOperationTest::testNan
8,org.apache.commons.jxpath.ri.compiler.VariableTest::testVariables
8,org.apache.commons.jxpath.ri.compiler.VariableTest::testVariablesInExpressions
8,org.apache.commons.jxpath.ri.compiler.VariableTest::testInvalidVariableName
8,org.apache.commons.jxpath.ri.compiler.VariableTest::testNestedContext
8,org.apache.commons.jxpath.ri.compiler.VariableTest::testSetValue
8,org.apache.commons.jxpath.ri.compiler.VariableTest::testCreatePathDeclareVariable
8,org.apache.commons.jxpath.ri.compiler.VariableTest::testCreatePathAndSetValueDeclareVariable
8,org.apache.commons.jxpath.ri.compiler.VariableTest::testCreatePathDeclareVariableSetCollectionElement
8,org.apache.commons.jxpath.ri.compiler.VariableTest::testCreateAndSetValuePathDeclareVariableSetCollectionElement
8,org.apache.commons.jxpath.ri.compiler.VariableTest::testCreatePathExpandCollection
8,org.apache.commons.jxpath.ri.compiler.VariableTest::testCreatePathAndSetValueExpandCollection
8,org.apache.commons.jxpath.ri.compiler.VariableTest::testCreatePathDeclareVariableSetProperty
8,org.apache.commons.jxpath.ri.compiler.VariableTest::testCreatePathAndSetValueDeclareVariableSetProperty
8,org.apache.commons.jxpath.ri.compiler.VariableTest::testCreatePathDeclareVariableSetCollectionElementProperty
8,org.apache.commons.jxpath.ri.compiler.VariableTest::testCreatePathAndSetValueDeclVarSetCollectionElementProperty
8,org.apache.commons.jxpath.ri.compiler.VariableTest::testRemovePathUndeclareVariable
8,org.apache.commons.jxpath.ri.compiler.VariableTest::testRemovePathArrayElement
8,org.apache.commons.jxpath.ri.compiler.VariableTest::testRemovePathCollectionElement
8,org.apache.commons.jxpath.ri.compiler.VariableTest::testUnionOfVariableAndNode
8,org.apache.commons.jxpath.ri.compiler.VariableTest::testIterateVariable
8,org.apache.commons.jxpath.ri.compiler.ExtensionFunctionTest::testConstructorLookup
8,org.apache.commons.jxpath.ri.compiler.ExtensionFunctionTest::testConstructorLookupWithExpressionContext
8,org.apache.commons.jxpath.ri.compiler.ExtensionFunctionTest::testStaticMethodLookup
8,org.apache.commons.jxpath.ri.compiler.ExtensionFunctionTest::testStaticMethodLookupWithConversion
8,org.apache.commons.jxpath.ri.compiler.ExtensionFunctionTest::testMethodLookup
8,org.apache.commons.jxpath.ri.compiler.ExtensionFunctionTest::testStaticMethodLookupWithExpressionContext
8,org.apache.commons.jxpath.ri.compiler.ExtensionFunctionTest::testMethodLookupWithExpressionContext
8,org.apache.commons.jxpath.ri.compiler.ExtensionFunctionTest::testMethodLookupWithExpressionContextAndArgument
8,org.apache.commons.jxpath.ri.compiler.ExtensionFunctionTest::testAllocation
8,org.apache.commons.jxpath.ri.compiler.ExtensionFunctionTest::testMethodCall
8,org.apache.commons.jxpath.ri.compiler.ExtensionFunctionTest::testCollectionMethodCall
8,org.apache.commons.jxpath.ri.compiler.ExtensionFunctionTest::testStaticMethodCall
8,org.apache.commons.jxpath.ri.compiler.ExtensionFunctionTest::testExpressionContext
8,org.apache.commons.jxpath.ri.compiler.ExtensionFunctionTest::testCollectionReturn
8,org.apache.commons.jxpath.ri.compiler.ExtensionFunctionTest::testNodeSetReturn
8,org.apache.commons.jxpath.ri.compiler.ExtensionFunctionTest::testEstablishNodeSetBaseline
8,org.apache.commons.jxpath.ri.compiler.ExtensionFunctionTest::testBCNodeSetHack
8,org.apache.commons.jxpath.ri.compiler.CoreFunctionTest::testCoreFunctions
8,org.apache.commons.jxpath.ri.compiler.CoreFunctionTest::testIDFunction
8,org.apache.commons.jxpath.ri.compiler.CoreFunctionTest::testKeyFunction
8,org.apache.commons.jxpath.ri.compiler.CoreFunctionTest::testExtendedKeyFunction
8,org.apache.commons.jxpath.ri.compiler.CoreFunctionTest::testFormatNumberFunction
8,org.apache.commons.jxpath.ri.compiler.ContextDependencyTest::testContextDependency
8,org.apache.commons.jxpath.ri.compiler.ContextDependencyTest::testContextDependency
8,org.apache.commons.jxpath.ri.axes.SimplePathInterpreterTest::testDoStepNoPredicatesPropertyOwner
8,org.apache.commons.jxpath.ri.axes.SimplePathInterpreterTest::testDoStepNoPredicatesStandard
8,org.apache.commons.jxpath.ri.axes.SimplePathInterpreterTest::testDoStepPredicatesPropertyOwner
8,org.apache.commons.jxpath.ri.axes.SimplePathInterpreterTest::testDoStepPredicatesStandard
8,org.apache.commons.jxpath.ri.axes.SimplePathInterpreterTest::testDoPredicateName
8,org.apache.commons.jxpath.ri.axes.SimplePathInterpreterTest::testDoPredicatesStandard
8,org.apache.commons.jxpath.ri.axes.SimplePathInterpreterTest::testDoPredicateIndex
8,org.apache.commons.jxpath.ri.axes.SimplePathInterpreterTest::testInterpretExpressionPath
8,org.apache.commons.jxpath.ri.axes.RecursiveAxesTest::testInfiniteDescent
8,org.apache.commons.jxpath.ri.StressTest::testThreads
8,org.apache.commons.jxpath.ri.JXPathCompiledExpressionTest::testConstant
8,org.apache.commons.jxpath.ri.JXPathCompiledExpressionTest::testCoreFunction
8,org.apache.commons.jxpath.ri.JXPathCompiledExpressionTest::testCoreOperationAnd
8,org.apache.commons.jxpath.ri.JXPathCompiledExpressionTest::testCoreOperationOr
8,org.apache.commons.jxpath.ri.JXPathCompiledExpressionTest::testCoreOperationEqual
8,org.apache.commons.jxpath.ri.JXPathCompiledExpressionTest::testCoreOperationNameAttributeTest
8,org.apache.commons.jxpath.ri.JXPathCompiledExpressionTest::testCoreOperationNotEqual
8,org.apache.commons.jxpath.ri.JXPathCompiledExpressionTest::testCoreOperationLessThan
8,org.apache.commons.jxpath.ri.JXPathCompiledExpressionTest::testCoreOperationLessThanOrEqual
8,org.apache.commons.jxpath.ri.JXPathCompiledExpressionTest::testCoreOperationGreaterThan
8,org.apache.commons.jxpath.ri.JXPathCompiledExpressionTest::testCoreOperationGreaterThanOrEqual
8,org.apache.commons.jxpath.ri.JXPathCompiledExpressionTest::testCoreOperationDivide
8,org.apache.commons.jxpath.ri.JXPathCompiledExpressionTest::testCoreOperationMod
8,org.apache.commons.jxpath.ri.JXPathCompiledExpressionTest::testCoreOperationMultiply
8,org.apache.commons.jxpath.ri.JXPathCompiledExpressionTest::testCoreOperationMinus
8,org.apache.commons.jxpath.ri.JXPathCompiledExpressionTest::testCoreOperationSum
8,org.apache.commons.jxpath.ri.JXPathCompiledExpressionTest::testCoreOperationUnaryMinus
8,org.apache.commons.jxpath.ri.JXPathCompiledExpressionTest::testCoreOperationUnion
8,org.apache.commons.jxpath.ri.JXPathCompiledExpressionTest::testExpressionPath
8,org.apache.commons.jxpath.ri.JXPathCompiledExpressionTest::testExtensionFunction
8,org.apache.commons.jxpath.ri.JXPathCompiledExpressionTest::testLocationPathAxisSelf
8,org.apache.commons.jxpath.ri.JXPathCompiledExpressionTest::testLocationPathAxisChild
8,org.apache.commons.jxpath.ri.JXPathCompiledExpressionTest::testLocationPathAxisParent
8,org.apache.commons.jxpath.ri.JXPathCompiledExpressionTest::testLocationPathAxisAttribute
8,org.apache.commons.jxpath.ri.JXPathCompiledExpressionTest::testLocationPathAxisDescendant
8,org.apache.commons.jxpath.ri.JXPathCompiledExpressionTest::testLocationPathAxisDescendantOrSelf
8,org.apache.commons.jxpath.ri.JXPathCompiledExpressionTest::testLocationPathAxisOther
8,org.apache.commons.jxpath.ri.JXPathCompiledExpressionTest::testLocationPathNodeTest
8,org.apache.commons.jxpath.ri.JXPathCompiledExpressionTest::testVariableReference
9,org.apache.commons.jxpath.util.BasicTypeConverterTest::testPrimitiveToString
9,org.apache.commons.jxpath.util.BasicTypeConverterTest::testArrayToList
9,org.apache.commons.jxpath.util.BasicTypeConverterTest::testArrayToArray
9,org.apache.commons.jxpath.util.BasicTypeConverterTest::testListToArray
9,org.apache.commons.jxpath.util.BasicTypeConverterTest::testInvalidConversion
9,org.apache.commons.jxpath.util.BasicTypeConverterTest::testSingletonCollectionToString
9,org.apache.commons.jxpath.util.BasicTypeConverterTest::testSingletonArrayToString
9,org.apache.commons.jxpath.util.BasicTypeConverterTest::testPointerToString
9,org.apache.commons.jxpath.util.BasicTypeConverterTest::testNodeSetToString
9,org.apache.commons.jxpath.util.BasicTypeConverterTest::testNodeSetToInteger
9,org.apache.commons.jxpath.util.BasicTypeConverterTest::testBeanUtilsConverter
9,org.apache.commons.jxpath.ri.model.jdom.JDOMModelTest::testGetNode
9,org.apache.commons.jxpath.ri.model.jdom.JDOMModelTest::testID
9,org.apache.commons.jxpath.ri.model.dynamic.DynamicPropertiesModelTest::testAxisChild
9,org.apache.commons.jxpath.ri.model.dynamic.DynamicPropertiesModelTest::testAxisDescendant
9,org.apache.commons.jxpath.ri.model.dynamic.DynamicPropertiesModelTest::testAttributeName
9,org.apache.commons.jxpath.ri.model.dynamic.DynamicPropertiesModelTest::testSetPrimitiveValue
9,org.apache.commons.jxpath.ri.model.dynamic.DynamicPropertiesModelTest::testSetCollection
9,org.apache.commons.jxpath.ri.model.dynamic.DynamicPropertiesModelTest::testSetNewKey
9,org.apache.commons.jxpath.ri.model.dynamic.DynamicPropertiesModelTest::testCreatePath
9,org.apache.commons.jxpath.ri.model.dynamic.DynamicPropertiesModelTest::testCreatePathAndSetValue
9,org.apache.commons.jxpath.ri.model.dynamic.DynamicPropertiesModelTest::testCreatePathCreateBean
9,org.apache.commons.jxpath.ri.model.dynamic.DynamicPropertiesModelTest::testCreatePathAndSetValueCreateBean
9,org.apache.commons.jxpath.ri.model.dynamic.DynamicPropertiesModelTest::testCreatePathCollectionElement
9,org.apache.commons.jxpath.ri.model.dynamic.DynamicPropertiesModelTest::testCreatePathAndSetValueCollectionElement
9,org.apache.commons.jxpath.ri.model.dynamic.DynamicPropertiesModelTest::testCreatePathNewCollectionElement
9,org.apache.commons.jxpath.ri.model.dynamic.DynamicPropertiesModelTest::testCreatePathAndSetValueNewCollectionElement
9,org.apache.commons.jxpath.ri.model.dynamic.DynamicPropertiesModelTest::testRemovePath
9,org.apache.commons.jxpath.ri.model.dynamic.DynamicPropertiesModelTest::testRemovePathArrayElement
9,org.apache.commons.jxpath.ri.model.dynamic.DynamicPropertiesModelTest::testCollectionOfMaps
9,org.apache.commons.jxpath.ri.model.dynamic.DynamicPropertiesModelTest::testMapOfMaps
9,org.apache.commons.jxpath.ri.model.dom.DOMModelTest::testGetNode
9,org.apache.commons.jxpath.ri.model.container.ContainerModelTest::testContainerVariableWithCollection
9,org.apache.commons.jxpath.ri.model.container.ContainerModelTest::testContainerPropertyWithCollection
9,org.apache.commons.jxpath.ri.model.container.ContainerModelTest::testContainerMapWithCollection
9,org.apache.commons.jxpath.ri.model.container.ContainerModelTest::testContainerRootWithCollection
9,org.apache.commons.jxpath.ri.model.beans.BeanModelTest::testIndexedProperty
9,org.apache.commons.jxpath.ri.model.beans.BadlyImplementedFactoryTest::testBadFactoryImplementation
9,org.apache.commons.jxpath.ri.model.XMLSpaceTest::testUnspecifiedDOM
9,org.apache.commons.jxpath.ri.model.XMLSpaceTest::testDefaultDOM
9,org.apache.commons.jxpath.ri.model.XMLSpaceTest::testPreserveDOM
9,org.apache.commons.jxpath.ri.model.XMLSpaceTest::testNestedDOM
9,org.apache.commons.jxpath.ri.model.XMLSpaceTest::testNestedWithCommentsDOM
9,org.apache.commons.jxpath.ri.model.XMLSpaceTest::testUnspecifiedJDOM
9,org.apache.commons.jxpath.ri.model.XMLSpaceTest::testDefaultJDOM
9,org.apache.commons.jxpath.ri.model.XMLSpaceTest::testPreserveJDOM
9,org.apache.commons.jxpath.ri.model.XMLSpaceTest::testNestedJDOM
9,org.apache.commons.jxpath.ri.model.XMLSpaceTest::testNestedWithCommentsJDOM
9,org.apache.commons.jxpath.ri.model.XMLPreserveSpaceTest::testUnspecifiedDOM
9,org.apache.commons.jxpath.ri.model.XMLPreserveSpaceTest::testDefaultDOM
9,org.apache.commons.jxpath.ri.model.XMLPreserveSpaceTest::testPreserveDOM
9,org.apache.commons.jxpath.ri.model.XMLPreserveSpaceTest::testNestedDOM
9,org.apache.commons.jxpath.ri.model.XMLPreserveSpaceTest::testNestedWithCommentsDOM
9,org.apache.commons.jxpath.ri.model.XMLPreserveSpaceTest::testUnspecifiedJDOM
9,org.apache.commons.jxpath.ri.model.XMLPreserveSpaceTest::testDefaultJDOM
9,org.apache.commons.jxpath.ri.model.XMLPreserveSpaceTest::testPreserveJDOM
9,org.apache.commons.jxpath.ri.model.XMLPreserveSpaceTest::testNestedJDOM
9,org.apache.commons.jxpath.ri.model.XMLPreserveSpaceTest::testNestedWithCommentsJDOM
9,org.apache.commons.jxpath.ri.model.for::testDocumentOrder
9,org.apache.commons.jxpath.ri.model.for::testSetValue
9,org.apache.commons.jxpath.ri.model.for::testCreatePath
9,org.apache.commons.jxpath.ri.model.for::testCreatePathAndSetValue
9,org.apache.commons.jxpath.ri.model.for::testRemovePath
9,org.apache.commons.jxpath.ri.model.for::testID
9,org.apache.commons.jxpath.ri.model.for::testAxisChild
9,org.apache.commons.jxpath.ri.model.for::testAxisChildIndexPredicate
9,org.apache.commons.jxpath.ri.model.for::testAxisDescendant
9,org.apache.commons.jxpath.ri.model.for::testAxisParent
9,org.apache.commons.jxpath.ri.model.for::testAxisFollowingSibling
9,org.apache.commons.jxpath.ri.model.for::testAxisPrecedingSibling
9,org.apache.commons.jxpath.ri.model.for::testAxisAttribute
9,org.apache.commons.jxpath.ri.model.for::testAxisNamespace
9,org.apache.commons.jxpath.ri.model.for::testAxisAncestor
9,org.apache.commons.jxpath.ri.model.for::testAxisAncestorOrSelf
9,org.apache.commons.jxpath.ri.model.for::testAxisFollowing
9,org.apache.commons.jxpath.ri.model.for::testAxisSelf
9,org.apache.commons.jxpath.ri.model.for::testNodeTypeComment
9,org.apache.commons.jxpath.ri.model.for::testNodeTypeText
9,org.apache.commons.jxpath.ri.model.for::testNodeTypeProcessingInstruction
9,org.apache.commons.jxpath.ri.model.for::testLang
9,org.apache.commons.jxpath.ri.model.for::testDocument
9,org.apache.commons.jxpath.ri.model.for::testContainer
9,org.apache.commons.jxpath.ri.model.for::testElementInVariable
9,org.apache.commons.jxpath.ri.model.for::testTypeConversions
9,org.apache.commons.jxpath.ri.model.for::testBooleanFunction
9,org.apache.commons.jxpath.ri.model.for::testFunctionsLastAndPosition
9,org.apache.commons.jxpath.ri.model.for::testNamespaceMapping
9,org.apache.commons.jxpath.ri.model.MixedModelTest::testVar
9,org.apache.commons.jxpath.ri.model.MixedModelTest::testVarPrimitive
9,org.apache.commons.jxpath.ri.model.MixedModelTest::testVarBean
9,org.apache.commons.jxpath.ri.model.MixedModelTest::testVarMap
9,org.apache.commons.jxpath.ri.model.MixedModelTest::testVarList
9,org.apache.commons.jxpath.ri.model.MixedModelTest::testVarDocument
9,org.apache.commons.jxpath.ri.model.MixedModelTest::testVarElement
9,org.apache.commons.jxpath.ri.model.MixedModelTest::testVarContainer
9,org.apache.commons.jxpath.ri.model.MixedModelTest::testBeanPrimitive
9,org.apache.commons.jxpath.ri.model.MixedModelTest::testBeanBean
9,org.apache.commons.jxpath.ri.model.MixedModelTest::testBeanMap
9,org.apache.commons.jxpath.ri.model.MixedModelTest::testBeanList
9,org.apache.commons.jxpath.ri.model.MixedModelTest::testBeanDocument
9,org.apache.commons.jxpath.ri.model.MixedModelTest::testBeanElement
9,org.apache.commons.jxpath.ri.model.MixedModelTest::testBeanContainer
9,org.apache.commons.jxpath.ri.model.MixedModelTest::testMapPrimitive
9,org.apache.commons.jxpath.ri.model.MixedModelTest::testMapBean
9,org.apache.commons.jxpath.ri.model.MixedModelTest::testMapMap
9,org.apache.commons.jxpath.ri.model.MixedModelTest::testMapList
9,org.apache.commons.jxpath.ri.model.MixedModelTest::testMapDocument
9,org.apache.commons.jxpath.ri.model.MixedModelTest::testMapElement
9,org.apache.commons.jxpath.ri.model.MixedModelTest::testMapContainer
9,org.apache.commons.jxpath.ri.model.MixedModelTest::testListPrimitive
9,org.apache.commons.jxpath.ri.model.MixedModelTest::testListBean
9,org.apache.commons.jxpath.ri.model.MixedModelTest::testListMap
9,org.apache.commons.jxpath.ri.model.MixedModelTest::testListList
9,org.apache.commons.jxpath.ri.model.MixedModelTest::testListDocument
9,org.apache.commons.jxpath.ri.model.MixedModelTest::testListElement
9,org.apache.commons.jxpath.ri.model.MixedModelTest::testListContainer
9,org.apache.commons.jxpath.ri.model.MixedModelTest::testNull
9,org.apache.commons.jxpath.ri.model.MixedModelTest::testRootAsCollection
9,org.apache.commons.jxpath.ri.model.MixedModelTest::testCreatePath
9,org.apache.commons.jxpath.ri.model.MixedModelTest::testIterateArray
9,org.apache.commons.jxpath.ri.model.MixedModelTest::testIteratePointersArray
9,org.apache.commons.jxpath.ri.model.MixedModelTest::testIteratePointersArrayElementWithVariable
9,org.apache.commons.jxpath.ri.model.MixedModelTest::testIterateVector
9,org.apache.commons.jxpath.ri.model.MixedModelTest::testErrorProperty
9,org.apache.commons.jxpath.ri.model.MixedModelTest::testMatrix
9,org.apache.commons.jxpath.ri.model.MixedModelTest::testCreatePathAndSetValueWithMatrix
9,org.apache.commons.jxpath.ri.model.MixedModelTest::testCollectionPointer
9,org.apache.commons.jxpath.ri.model.for::testIndividualIterators
9,org.apache.commons.jxpath.ri.model.for::testMultipleIterators
9,org.apache.commons.jxpath.ri.model.for::testIteratePropertyArrayWithHasNext
9,org.apache.commons.jxpath.ri.model.for::testIteratePropertyArrayWithoutHasNext
9,org.apache.commons.jxpath.ri.model.for::testIterateAndSet
9,org.apache.commons.jxpath.ri.model.for::testIteratePointerSetValue
9,org.apache.commons.jxpath.ri.model.for::testRoot
9,org.apache.commons.jxpath.ri.model.for::testAxisAncestor
9,org.apache.commons.jxpath.ri.model.for::testAxisChild
9,org.apache.commons.jxpath.ri.model.for::testAxisChildNestedBean
9,org.apache.commons.jxpath.ri.model.for::testAxisChildNestedCollection
9,org.apache.commons.jxpath.ri.model.for::testIndexPredicate
9,org.apache.commons.jxpath.ri.model.for::testAxisDescendant
9,org.apache.commons.jxpath.ri.model.for::testAxisDescendantOrSelf
9,org.apache.commons.jxpath.ri.model.for::testAxisFollowing
9,org.apache.commons.jxpath.ri.model.for::testAxisFollowingSibling
9,org.apache.commons.jxpath.ri.model.for::testAxisParent
9,org.apache.commons.jxpath.ri.model.for::testAxisPreceding
9,org.apache.commons.jxpath.ri.model.for::testAxisPrecedingSibling
9,org.apache.commons.jxpath.ri.model.for::testAxisSelf
9,org.apache.commons.jxpath.ri.model.for::testUnion
9,org.apache.commons.jxpath.ri.model.for::testAxisAttribute
9,org.apache.commons.jxpath.ri.model.for::testAttributeName
9,org.apache.commons.jxpath.ri.model.for::testAttributeLang
9,org.apache.commons.jxpath.ri.model.for::testCoreFunctions
9,org.apache.commons.jxpath.ri.model.for::testBooleanPredicate
9,org.apache.commons.jxpath.ri.model.for::testDocumentOrder
9,org.apache.commons.jxpath.ri.model.for::testSetPropertyValue
9,org.apache.commons.jxpath.ri.model.for::testSetCollectionElement
9,org.apache.commons.jxpath.ri.model.for::testSetContextDependentNode
9,org.apache.commons.jxpath.ri.model.for::testSetNonPrimitiveValue
9,org.apache.commons.jxpath.ri.model.for::testCreatePath
9,org.apache.commons.jxpath.ri.model.for::testCreatePathAndSetValue
9,org.apache.commons.jxpath.ri.model.for::testCreatePathExpandNewCollection
9,org.apache.commons.jxpath.ri.model.for::testCreatePathAndSetValueExpandNewCollection
9,org.apache.commons.jxpath.ri.model.for::testCreatePathExpandExistingCollection
9,org.apache.commons.jxpath.ri.model.for::testCreatePathExpandExistingCollectionAndSetProperty
9,org.apache.commons.jxpath.ri.model.for::testCreatePathAndSetValueExpandExistingCollection
9,org.apache.commons.jxpath.ri.model.for::testCreatePathCreateBeanExpandCollection
9,org.apache.commons.jxpath.ri.model.for::testCreatePathAndSetValueCreateBeanExpandCollection
9,org.apache.commons.jxpath.ri.model.for::testRemovePathPropertyValue
9,org.apache.commons.jxpath.ri.model.for::testRemovePathArrayElement
9,org.apache.commons.jxpath.ri.model.for::testRemoveAllArrayElements
9,org.apache.commons.jxpath.ri.model.for::testRemoveAllListElements
9,org.apache.commons.jxpath.ri.model.for::testRemoveAllMapEntries
9,org.apache.commons.jxpath.ri.model.for::testRemovePathBeanValue
9,org.apache.commons.jxpath.ri.model.for::testRelativeContextRelativePath
9,org.apache.commons.jxpath.ri.model.for::testRelativeContextAbsolutePath
9,org.apache.commons.jxpath.ri.model.for::testRelativeContextParent
9,org.apache.commons.jxpath.ri.model.for::testRelativeContextInheritance
9,org.apache.commons.jxpath.ri.compiler.CoreOperationTest::testInfoSetTypes
9,org.apache.commons.jxpath.ri.compiler.CoreOperationTest::testNodeSetOperations
9,org.apache.commons.jxpath.ri.compiler.CoreOperationTest::testNan
9,org.apache.commons.jxpath.ri.compiler.VariableTest::testVariables
9,org.apache.commons.jxpath.ri.compiler.VariableTest::testVariablesInExpressions
9,org.apache.commons.jxpath.ri.compiler.VariableTest::testInvalidVariableName
9,org.apache.commons.jxpath.ri.compiler.VariableTest::testNestedContext
9,org.apache.commons.jxpath.ri.compiler.VariableTest::testSetValue
9,org.apache.commons.jxpath.ri.compiler.VariableTest::testCreatePathDeclareVariable
9,org.apache.commons.jxpath.ri.compiler.VariableTest::testCreatePathAndSetValueDeclareVariable
9,org.apache.commons.jxpath.ri.compiler.VariableTest::testCreatePathDeclareVariableSetCollectionElement
9,org.apache.commons.jxpath.ri.compiler.VariableTest::testCreateAndSetValuePathDeclareVariableSetCollectionElement
9,org.apache.commons.jxpath.ri.compiler.VariableTest::testCreatePathExpandCollection
9,org.apache.commons.jxpath.ri.compiler.VariableTest::testCreatePathAndSetValueExpandCollection
9,org.apache.commons.jxpath.ri.compiler.VariableTest::testCreatePathDeclareVariableSetProperty
9,org.apache.commons.jxpath.ri.compiler.VariableTest::testCreatePathAndSetValueDeclareVariableSetProperty
9,org.apache.commons.jxpath.ri.compiler.VariableTest::testCreatePathDeclareVariableSetCollectionElementProperty
9,org.apache.commons.jxpath.ri.compiler.VariableTest::testCreatePathAndSetValueDeclVarSetCollectionElementProperty
9,org.apache.commons.jxpath.ri.compiler.VariableTest::testRemovePathUndeclareVariable
9,org.apache.commons.jxpath.ri.compiler.VariableTest::testRemovePathArrayElement
9,org.apache.commons.jxpath.ri.compiler.VariableTest::testRemovePathCollectionElement
9,org.apache.commons.jxpath.ri.compiler.VariableTest::testUnionOfVariableAndNode
9,org.apache.commons.jxpath.ri.compiler.VariableTest::testIterateVariable
9,org.apache.commons.jxpath.ri.compiler.ExtensionFunctionTest::testConstructorLookup
9,org.apache.commons.jxpath.ri.compiler.ExtensionFunctionTest::testConstructorLookupWithExpressionContext
9,org.apache.commons.jxpath.ri.compiler.ExtensionFunctionTest::testStaticMethodLookup
9,org.apache.commons.jxpath.ri.compiler.ExtensionFunctionTest::testStaticMethodLookupWithConversion
9,org.apache.commons.jxpath.ri.compiler.ExtensionFunctionTest::testMethodLookup
9,org.apache.commons.jxpath.ri.compiler.ExtensionFunctionTest::testStaticMethodLookupWithExpressionContext
9,org.apache.commons.jxpath.ri.compiler.ExtensionFunctionTest::testMethodLookupWithExpressionContext
9,org.apache.commons.jxpath.ri.compiler.ExtensionFunctionTest::testMethodLookupWithExpressionContextAndArgument
9,org.apache.commons.jxpath.ri.compiler.ExtensionFunctionTest::testAllocation
9,org.apache.commons.jxpath.ri.compiler.ExtensionFunctionTest::testMethodCall
9,org.apache.commons.jxpath.ri.compiler.ExtensionFunctionTest::testCollectionMethodCall
9,org.apache.commons.jxpath.ri.compiler.ExtensionFunctionTest::testStaticMethodCall
9,org.apache.commons.jxpath.ri.compiler.ExtensionFunctionTest::testExpressionContext
9,org.apache.commons.jxpath.ri.compiler.ExtensionFunctionTest::testCollectionReturn
9,org.apache.commons.jxpath.ri.compiler.ExtensionFunctionTest::testNodeSetReturn
9,org.apache.commons.jxpath.ri.compiler.ExtensionFunctionTest::testEstablishNodeSetBaseline
9,org.apache.commons.jxpath.ri.compiler.ExtensionFunctionTest::testBCNodeSetHack
9,org.apache.commons.jxpath.ri.compiler.CoreFunctionTest::testCoreFunctions
9,org.apache.commons.jxpath.ri.compiler.CoreFunctionTest::testIDFunction
9,org.apache.commons.jxpath.ri.compiler.CoreFunctionTest::testKeyFunction
9,org.apache.commons.jxpath.ri.compiler.CoreFunctionTest::testExtendedKeyFunction
9,org.apache.commons.jxpath.ri.compiler.CoreFunctionTest::testFormatNumberFunction
9,org.apache.commons.jxpath.ri.compiler.ContextDependencyTest::testContextDependency
9,org.apache.commons.jxpath.ri.compiler.ContextDependencyTest::testContextDependency
9,org.apache.commons.jxpath.ri.axes.SimplePathInterpreterTest::testDoStepNoPredicatesPropertyOwner
9,org.apache.commons.jxpath.ri.axes.SimplePathInterpreterTest::testDoStepNoPredicatesStandard
9,org.apache.commons.jxpath.ri.axes.SimplePathInterpreterTest::testDoStepPredicatesPropertyOwner
9,org.apache.commons.jxpath.ri.axes.SimplePathInterpreterTest::testDoStepPredicatesStandard
9,org.apache.commons.jxpath.ri.axes.SimplePathInterpreterTest::testDoPredicateName
9,org.apache.commons.jxpath.ri.axes.SimplePathInterpreterTest::testDoPredicatesStandard
9,org.apache.commons.jxpath.ri.axes.SimplePathInterpreterTest::testDoPredicateIndex
9,org.apache.commons.jxpath.ri.axes.SimplePathInterpreterTest::testInterpretExpressionPath
9,org.apache.commons.jxpath.ri.axes.RecursiveAxesTest::testInfiniteDescent
9,org.apache.commons.jxpath.ri.StressTest::testThreads
9,org.apache.commons.jxpath.ri.JXPathCompiledExpressionTest::testConstant
9,org.apache.commons.jxpath.ri.JXPathCompiledExpressionTest::testCoreFunction
9,org.apache.commons.jxpath.ri.JXPathCompiledExpressionTest::testCoreOperationAnd
9,org.apache.commons.jxpath.ri.JXPathCompiledExpressionTest::testCoreOperationOr
9,org.apache.commons.jxpath.ri.JXPathCompiledExpressionTest::testCoreOperationEqual
9,org.apache.commons.jxpath.ri.JXPathCompiledExpressionTest::testCoreOperationNameAttributeTest
9,org.apache.commons.jxpath.ri.JXPathCompiledExpressionTest::testCoreOperationNotEqual
9,org.apache.commons.jxpath.ri.JXPathCompiledExpressionTest::testCoreOperationLessThan
9,org.apache.commons.jxpath.ri.JXPathCompiledExpressionTest::testCoreOperationLessThanOrEqual
9,org.apache.commons.jxpath.ri.JXPathCompiledExpressionTest::testCoreOperationGreaterThan
9,org.apache.commons.jxpath.ri.JXPathCompiledExpressionTest::testCoreOperationGreaterThanOrEqual
9,org.apache.commons.jxpath.ri.JXPathCompiledExpressionTest::testCoreOperationDivide
9,org.apache.commons.jxpath.ri.JXPathCompiledExpressionTest::testCoreOperationMod
9,org.apache.commons.jxpath.ri.JXPathCompiledExpressionTest::testCoreOperationMultiply
9,org.apache.commons.jxpath.ri.JXPathCompiledExpressionTest::testCoreOperationMinus
9,org.apache.commons.jxpath.ri.JXPathCompiledExpressionTest::testCoreOperationSum
9,org.apache.commons.jxpath.ri.JXPathCompiledExpressionTest::testCoreOperationUnaryMinus
9,org.apache.commons.jxpath.ri.JXPathCompiledExpressionTest::testCoreOperationUnion
9,org.apache.commons.jxpath.ri.JXPathCompiledExpressionTest::testExpressionPath
9,org.apache.commons.jxpath.ri.JXPathCompiledExpressionTest::testExtensionFunction
9,org.apache.commons.jxpath.ri.JXPathCompiledExpressionTest::testLocationPathAxisSelf
9,org.apache.commons.jxpath.ri.JXPathCompiledExpressionTest::testLocationPathAxisChild
9,org.apache.commons.jxpath.ri.JXPathCompiledExpressionTest::testLocationPathAxisParent
9,org.apache.commons.jxpath.ri.JXPathCompiledExpressionTest::testLocationPathAxisAttribute
9,org.apache.commons.jxpath.ri.JXPathCompiledExpressionTest::testLocationPathAxisDescendant
9,org.apache.commons.jxpath.ri.JXPathCompiledExpressionTest::testLocationPathAxisDescendantOrSelf
9,org.apache.commons.jxpath.ri.JXPathCompiledExpressionTest::testLocationPathAxisOther
9,org.apache.commons.jxpath.ri.JXPathCompiledExpressionTest::testLocationPathNodeTest
9,org.apache.commons.jxpath.ri.JXPathCompiledExpressionTest::testVariableReference
10,org.apache.commons.jxpath.util.BasicTypeConverterTest::testPrimitiveToString
10,org.apache.commons.jxpath.util.BasicTypeConverterTest::testArrayToList
10,org.apache.commons.jxpath.util.BasicTypeConverterTest::testArrayToArray
10,org.apache.commons.jxpath.util.BasicTypeConverterTest::testListToArray
10,org.apache.commons.jxpath.util.BasicTypeConverterTest::testInvalidConversion
10,org.apache.commons.jxpath.util.BasicTypeConverterTest::testSingletonCollectionToString
10,org.apache.commons.jxpath.util.BasicTypeConverterTest::testSingletonArrayToString
10,org.apache.commons.jxpath.util.BasicTypeConverterTest::testPointerToString
10,org.apache.commons.jxpath.util.BasicTypeConverterTest::testNodeSetToString
10,org.apache.commons.jxpath.util.BasicTypeConverterTest::testNodeSetToInteger
10,org.apache.commons.jxpath.util.BasicTypeConverterTest::testBeanUtilsConverter
10,org.apache.commons.jxpath.ri.model.jdom.JDOMModelTest::testGetNode
10,org.apache.commons.jxpath.ri.model.jdom.JDOMModelTest::testID
10,org.apache.commons.jxpath.ri.model.dynamic.DynamicPropertiesModelTest::testAxisChild
10,org.apache.commons.jxpath.ri.model.dynamic.DynamicPropertiesModelTest::testAxisDescendant
10,org.apache.commons.jxpath.ri.model.dynamic.DynamicPropertiesModelTest::testAttributeName
10,org.apache.commons.jxpath.ri.model.dynamic.DynamicPropertiesModelTest::testSetPrimitiveValue
10,org.apache.commons.jxpath.ri.model.dynamic.DynamicPropertiesModelTest::testSetCollection
10,org.apache.commons.jxpath.ri.model.dynamic.DynamicPropertiesModelTest::testSetNewKey
10,org.apache.commons.jxpath.ri.model.dynamic.DynamicPropertiesModelTest::testCreatePath
10,org.apache.commons.jxpath.ri.model.dynamic.DynamicPropertiesModelTest::testCreatePathAndSetValue
10,org.apache.commons.jxpath.ri.model.dynamic.DynamicPropertiesModelTest::testCreatePathCreateBean
10,org.apache.commons.jxpath.ri.model.dynamic.DynamicPropertiesModelTest::testCreatePathAndSetValueCreateBean
10,org.apache.commons.jxpath.ri.model.dynamic.DynamicPropertiesModelTest::testCreatePathCollectionElement
10,org.apache.commons.jxpath.ri.model.dynamic.DynamicPropertiesModelTest::testCreatePathAndSetValueCollectionElement
10,org.apache.commons.jxpath.ri.model.dynamic.DynamicPropertiesModelTest::testCreatePathNewCollectionElement
10,org.apache.commons.jxpath.ri.model.dynamic.DynamicPropertiesModelTest::testCreatePathAndSetValueNewCollectionElement
10,org.apache.commons.jxpath.ri.model.dynamic.DynamicPropertiesModelTest::testRemovePath
10,org.apache.commons.jxpath.ri.model.dynamic.DynamicPropertiesModelTest::testRemovePathArrayElement
10,org.apache.commons.jxpath.ri.model.dynamic.DynamicPropertiesModelTest::testCollectionOfMaps
10,org.apache.commons.jxpath.ri.model.dynamic.DynamicPropertiesModelTest::testMapOfMaps
10,org.apache.commons.jxpath.ri.model.dom.DOMModelTest::testGetNode
10,org.apache.commons.jxpath.ri.model.container.ContainerModelTest::testContainerVariableWithCollection
10,org.apache.commons.jxpath.ri.model.container.ContainerModelTest::testContainerPropertyWithCollection
10,org.apache.commons.jxpath.ri.model.container.ContainerModelTest::testContainerMapWithCollection
10,org.apache.commons.jxpath.ri.model.container.ContainerModelTest::testContainerRootWithCollection
10,org.apache.commons.jxpath.ri.model.beans.BeanModelTest::testIndexedProperty
10,org.apache.commons.jxpath.ri.model.beans.BadlyImplementedFactoryTest::testBadFactoryImplementation
10,org.apache.commons.jxpath.ri.model.XMLSpaceTest::testUnspecifiedDOM
10,org.apache.commons.jxpath.ri.model.XMLSpaceTest::testDefaultDOM
10,org.apache.commons.jxpath.ri.model.XMLSpaceTest::testPreserveDOM
10,org.apache.commons.jxpath.ri.model.XMLSpaceTest::testNestedDOM
10,org.apache.commons.jxpath.ri.model.XMLSpaceTest::testNestedWithCommentsDOM
10,org.apache.commons.jxpath.ri.model.XMLSpaceTest::testUnspecifiedJDOM
10,org.apache.commons.jxpath.ri.model.XMLSpaceTest::testDefaultJDOM
10,org.apache.commons.jxpath.ri.model.XMLSpaceTest::testPreserveJDOM
10,org.apache.commons.jxpath.ri.model.XMLSpaceTest::testNestedJDOM
10,org.apache.commons.jxpath.ri.model.XMLSpaceTest::testNestedWithCommentsJDOM
10,org.apache.commons.jxpath.ri.model.XMLPreserveSpaceTest::testUnspecifiedDOM
10,org.apache.commons.jxpath.ri.model.XMLPreserveSpaceTest::testDefaultDOM
10,org.apache.commons.jxpath.ri.model.XMLPreserveSpaceTest::testPreserveDOM
10,org.apache.commons.jxpath.ri.model.XMLPreserveSpaceTest::testNestedDOM
10,org.apache.commons.jxpath.ri.model.XMLPreserveSpaceTest::testNestedWithCommentsDOM
10,org.apache.commons.jxpath.ri.model.XMLPreserveSpaceTest::testUnspecifiedJDOM
10,org.apache.commons.jxpath.ri.model.XMLPreserveSpaceTest::testDefaultJDOM
10,org.apache.commons.jxpath.ri.model.XMLPreserveSpaceTest::testPreserveJDOM
10,org.apache.commons.jxpath.ri.model.XMLPreserveSpaceTest::testNestedJDOM
10,org.apache.commons.jxpath.ri.model.XMLPreserveSpaceTest::testNestedWithCommentsJDOM
10,org.apache.commons.jxpath.ri.model.for::testDocumentOrder
10,org.apache.commons.jxpath.ri.model.for::testSetValue
10,org.apache.commons.jxpath.ri.model.for::testCreatePath
10,org.apache.commons.jxpath.ri.model.for::testCreatePathAndSetValue
10,org.apache.commons.jxpath.ri.model.for::testRemovePath
10,org.apache.commons.jxpath.ri.model.for::testID
10,org.apache.commons.jxpath.ri.model.for::testAxisChild
10,org.apache.commons.jxpath.ri.model.for::testAxisChildIndexPredicate
10,org.apache.commons.jxpath.ri.model.for::testAxisDescendant
10,org.apache.commons.jxpath.ri.model.for::testAxisParent
10,org.apache.commons.jxpath.ri.model.for::testAxisFollowingSibling
10,org.apache.commons.jxpath.ri.model.for::testAxisPrecedingSibling
10,org.apache.commons.jxpath.ri.model.for::testAxisAttribute
10,org.apache.commons.jxpath.ri.model.for::testAxisNamespace
10,org.apache.commons.jxpath.ri.model.for::testAxisAncestor
10,org.apache.commons.jxpath.ri.model.for::testAxisAncestorOrSelf
10,org.apache.commons.jxpath.ri.model.for::testAxisFollowing
10,org.apache.commons.jxpath.ri.model.for::testAxisSelf
10,org.apache.commons.jxpath.ri.model.for::testNodeTypeComment
10,org.apache.commons.jxpath.ri.model.for::testNodeTypeText
10,org.apache.commons.jxpath.ri.model.for::testNodeTypeProcessingInstruction
10,org.apache.commons.jxpath.ri.model.for::testLang
10,org.apache.commons.jxpath.ri.model.for::testDocument
10,org.apache.commons.jxpath.ri.model.for::testContainer
10,org.apache.commons.jxpath.ri.model.for::testElementInVariable
10,org.apache.commons.jxpath.ri.model.for::testTypeConversions
10,org.apache.commons.jxpath.ri.model.for::testBooleanFunction
10,org.apache.commons.jxpath.ri.model.for::testFunctionsLastAndPosition
10,org.apache.commons.jxpath.ri.model.for::testNamespaceMapping
10,org.apache.commons.jxpath.ri.model.MixedModelTest::testVar
10,org.apache.commons.jxpath.ri.model.MixedModelTest::testVarPrimitive
10,org.apache.commons.jxpath.ri.model.MixedModelTest::testVarBean
10,org.apache.commons.jxpath.ri.model.MixedModelTest::testVarMap
10,org.apache.commons.jxpath.ri.model.MixedModelTest::testVarList
10,org.apache.commons.jxpath.ri.model.MixedModelTest::testVarDocument
10,org.apache.commons.jxpath.ri.model.MixedModelTest::testVarElement
10,org.apache.commons.jxpath.ri.model.MixedModelTest::testVarContainer
10,org.apache.commons.jxpath.ri.model.MixedModelTest::testBeanPrimitive
10,org.apache.commons.jxpath.ri.model.MixedModelTest::testBeanBean
10,org.apache.commons.jxpath.ri.model.MixedModelTest::testBeanMap
10,org.apache.commons.jxpath.ri.model.MixedModelTest::testBeanList
10,org.apache.commons.jxpath.ri.model.MixedModelTest::testBeanDocument
10,org.apache.commons.jxpath.ri.model.MixedModelTest::testBeanElement
10,org.apache.commons.jxpath.ri.model.MixedModelTest::testBeanContainer
10,org.apache.commons.jxpath.ri.model.MixedModelTest::testMapPrimitive
10,org.apache.commons.jxpath.ri.model.MixedModelTest::testMapBean
10,org.apache.commons.jxpath.ri.model.MixedModelTest::testMapMap
10,org.apache.commons.jxpath.ri.model.MixedModelTest::testMapList
10,org.apache.commons.jxpath.ri.model.MixedModelTest::testMapDocument
10,org.apache.commons.jxpath.ri.model.MixedModelTest::testMapElement
10,org.apache.commons.jxpath.ri.model.MixedModelTest::testMapContainer
10,org.apache.commons.jxpath.ri.model.MixedModelTest::testListPrimitive
10,org.apache.commons.jxpath.ri.model.MixedModelTest::testListBean
10,org.apache.commons.jxpath.ri.model.MixedModelTest::testListMap
10,org.apache.commons.jxpath.ri.model.MixedModelTest::testListList
10,org.apache.commons.jxpath.ri.model.MixedModelTest::testListDocument
10,org.apache.commons.jxpath.ri.model.MixedModelTest::testListElement
10,org.apache.commons.jxpath.ri.model.MixedModelTest::testListContainer
10,org.apache.commons.jxpath.ri.model.MixedModelTest::testNull
10,org.apache.commons.jxpath.ri.model.MixedModelTest::testRootAsCollection
10,org.apache.commons.jxpath.ri.model.MixedModelTest::testCreatePath
10,org.apache.commons.jxpath.ri.model.MixedModelTest::testIterateArray
10,org.apache.commons.jxpath.ri.model.MixedModelTest::testIteratePointersArray
10,org.apache.commons.jxpath.ri.model.MixedModelTest::testIteratePointersArrayElementWithVariable
10,org.apache.commons.jxpath.ri.model.MixedModelTest::testIterateVector
10,org.apache.commons.jxpath.ri.model.MixedModelTest::testErrorProperty
10,org.apache.commons.jxpath.ri.model.MixedModelTest::testMatrix
10,org.apache.commons.jxpath.ri.model.MixedModelTest::testCreatePathAndSetValueWithMatrix
10,org.apache.commons.jxpath.ri.model.MixedModelTest::testCollectionPointer
10,org.apache.commons.jxpath.ri.model.for::testIndividualIterators
10,org.apache.commons.jxpath.ri.model.for::testMultipleIterators
10,org.apache.commons.jxpath.ri.model.for::testIteratePropertyArrayWithHasNext
10,org.apache.commons.jxpath.ri.model.for::testIteratePropertyArrayWithoutHasNext
10,org.apache.commons.jxpath.ri.model.for::testIterateAndSet
10,org.apache.commons.jxpath.ri.model.for::testIteratePointerSetValue
10,org.apache.commons.jxpath.ri.model.for::testRoot
10,org.apache.commons.jxpath.ri.model.for::testAxisAncestor
10,org.apache.commons.jxpath.ri.model.for::testAxisChild
10,org.apache.commons.jxpath.ri.model.for::testAxisChildNestedBean
10,org.apache.commons.jxpath.ri.model.for::testAxisChildNestedCollection
10,org.apache.commons.jxpath.ri.model.for::testIndexPredicate
10,org.apache.commons.jxpath.ri.model.for::testAxisDescendant
10,org.apache.commons.jxpath.ri.model.for::testAxisDescendantOrSelf
10,org.apache.commons.jxpath.ri.model.for::testAxisFollowing
10,org.apache.commons.jxpath.ri.model.for::testAxisFollowingSibling
10,org.apache.commons.jxpath.ri.model.for::testAxisParent
10,org.apache.commons.jxpath.ri.model.for::testAxisPreceding
10,org.apache.commons.jxpath.ri.model.for::testAxisPrecedingSibling
10,org.apache.commons.jxpath.ri.model.for::testAxisSelf
10,org.apache.commons.jxpath.ri.model.for::testUnion
10,org.apache.commons.jxpath.ri.model.for::testAxisAttribute
10,org.apache.commons.jxpath.ri.model.for::testAttributeName
10,org.apache.commons.jxpath.ri.model.for::testAttributeLang
10,org.apache.commons.jxpath.ri.model.for::testCoreFunctions
10,org.apache.commons.jxpath.ri.model.for::testBooleanPredicate
10,org.apache.commons.jxpath.ri.model.for::testDocumentOrder
10,org.apache.commons.jxpath.ri.model.for::testSetPropertyValue
10,org.apache.commons.jxpath.ri.model.for::testSetCollectionElement
10,org.apache.commons.jxpath.ri.model.for::testSetContextDependentNode
10,org.apache.commons.jxpath.ri.model.for::testSetNonPrimitiveValue
10,org.apache.commons.jxpath.ri.model.for::testCreatePath
10,org.apache.commons.jxpath.ri.model.for::testCreatePathAndSetValue
10,org.apache.commons.jxpath.ri.model.for::testCreatePathExpandNewCollection
10,org.apache.commons.jxpath.ri.model.for::testCreatePathAndSetValueExpandNewCollection
10,org.apache.commons.jxpath.ri.model.for::testCreatePathExpandExistingCollection
10,org.apache.commons.jxpath.ri.model.for::testCreatePathExpandExistingCollectionAndSetProperty
10,org.apache.commons.jxpath.ri.model.for::testCreatePathAndSetValueExpandExistingCollection
10,org.apache.commons.jxpath.ri.model.for::testCreatePathCreateBeanExpandCollection
10,org.apache.commons.jxpath.ri.model.for::testCreatePathAndSetValueCreateBeanExpandCollection
10,org.apache.commons.jxpath.ri.model.for::testRemovePathPropertyValue
10,org.apache.commons.jxpath.ri.model.for::testRemovePathArrayElement
10,org.apache.commons.jxpath.ri.model.for::testRemoveAllArrayElements
10,org.apache.commons.jxpath.ri.model.for::testRemoveAllListElements
10,org.apache.commons.jxpath.ri.model.for::testRemoveAllMapEntries
10,org.apache.commons.jxpath.ri.model.for::testRemovePathBeanValue
10,org.apache.commons.jxpath.ri.model.for::testRelativeContextRelativePath
10,org.apache.commons.jxpath.ri.model.for::testRelativeContextAbsolutePath
10,org.apache.commons.jxpath.ri.model.for::testRelativeContextParent
10,org.apache.commons.jxpath.ri.model.for::testRelativeContextInheritance
10,org.apache.commons.jxpath.ri.compiler.CoreOperationTest::testInfoSetTypes
10,org.apache.commons.jxpath.ri.compiler.CoreOperationTest::testNodeSetOperations
10,org.apache.commons.jxpath.ri.compiler.CoreOperationTest::testEmptyNodeSetOperations
10,org.apache.commons.jxpath.ri.compiler.CoreOperationTest::testNan
10,org.apache.commons.jxpath.ri.compiler.VariableTest::testVariables
10,org.apache.commons.jxpath.ri.compiler.VariableTest::testVariablesInExpressions
10,org.apache.commons.jxpath.ri.compiler.VariableTest::testInvalidVariableName
10,org.apache.commons.jxpath.ri.compiler.VariableTest::testNestedContext
10,org.apache.commons.jxpath.ri.compiler.VariableTest::testSetValue
10,org.apache.commons.jxpath.ri.compiler.VariableTest::testCreatePathDeclareVariable
10,org.apache.commons.jxpath.ri.compiler.VariableTest::testCreatePathAndSetValueDeclareVariable
10,org.apache.commons.jxpath.ri.compiler.VariableTest::testCreatePathDeclareVariableSetCollectionElement
10,org.apache.commons.jxpath.ri.compiler.VariableTest::testCreateAndSetValuePathDeclareVariableSetCollectionElement
10,org.apache.commons.jxpath.ri.compiler.VariableTest::testCreatePathExpandCollection
10,org.apache.commons.jxpath.ri.compiler.VariableTest::testCreatePathAndSetValueExpandCollection
10,org.apache.commons.jxpath.ri.compiler.VariableTest::testCreatePathDeclareVariableSetProperty
10,org.apache.commons.jxpath.ri.compiler.VariableTest::testCreatePathAndSetValueDeclareVariableSetProperty
10,org.apache.commons.jxpath.ri.compiler.VariableTest::testCreatePathDeclareVariableSetCollectionElementProperty
10,org.apache.commons.jxpath.ri.compiler.VariableTest::testCreatePathAndSetValueDeclVarSetCollectionElementProperty
10,org.apache.commons.jxpath.ri.compiler.VariableTest::testRemovePathUndeclareVariable
10,org.apache.commons.jxpath.ri.compiler.VariableTest::testRemovePathArrayElement
10,org.apache.commons.jxpath.ri.compiler.VariableTest::testRemovePathCollectionElement
10,org.apache.commons.jxpath.ri.compiler.VariableTest::testUnionOfVariableAndNode
10,org.apache.commons.jxpath.ri.compiler.VariableTest::testIterateVariable
10,org.apache.commons.jxpath.ri.compiler.ExtensionFunctionTest::testConstructorLookup
10,org.apache.commons.jxpath.ri.compiler.ExtensionFunctionTest::testConstructorLookupWithExpressionContext
10,org.apache.commons.jxpath.ri.compiler.ExtensionFunctionTest::testStaticMethodLookup
10,org.apache.commons.jxpath.ri.compiler.ExtensionFunctionTest::testStaticMethodLookupWithConversion
10,org.apache.commons.jxpath.ri.compiler.ExtensionFunctionTest::testMethodLookup
10,org.apache.commons.jxpath.ri.compiler.ExtensionFunctionTest::testStaticMethodLookupWithExpressionContext
10,org.apache.commons.jxpath.ri.compiler.ExtensionFunctionTest::testMethodLookupWithExpressionContext
10,org.apache.commons.jxpath.ri.compiler.ExtensionFunctionTest::testMethodLookupWithExpressionContextAndArgument
10,org.apache.commons.jxpath.ri.compiler.ExtensionFunctionTest::testAllocation
10,org.apache.commons.jxpath.ri.compiler.ExtensionFunctionTest::testMethodCall
10,org.apache.commons.jxpath.ri.compiler.ExtensionFunctionTest::testCollectionMethodCall
10,org.apache.commons.jxpath.ri.compiler.ExtensionFunctionTest::testStaticMethodCall
10,org.apache.commons.jxpath.ri.compiler.ExtensionFunctionTest::testExpressionContext
10,org.apache.commons.jxpath.ri.compiler.ExtensionFunctionTest::testCollectionReturn
10,org.apache.commons.jxpath.ri.compiler.ExtensionFunctionTest::testNodeSetReturn
10,org.apache.commons.jxpath.ri.compiler.ExtensionFunctionTest::testEstablishNodeSetBaseline
10,org.apache.commons.jxpath.ri.compiler.ExtensionFunctionTest::testBCNodeSetHack
10,org.apache.commons.jxpath.ri.compiler.CoreFunctionTest::testCoreFunctions
10,org.apache.commons.jxpath.ri.compiler.CoreFunctionTest::testIDFunction
10,org.apache.commons.jxpath.ri.compiler.CoreFunctionTest::testKeyFunction
10,org.apache.commons.jxpath.ri.compiler.CoreFunctionTest::testExtendedKeyFunction
10,org.apache.commons.jxpath.ri.compiler.CoreFunctionTest::testFormatNumberFunction
10,org.apache.commons.jxpath.ri.compiler.ContextDependencyTest::testContextDependency
10,org.apache.commons.jxpath.ri.compiler.ContextDependencyTest::testContextDependency
10,org.apache.commons.jxpath.ri.axes.SimplePathInterpreterTest::testDoStepNoPredicatesPropertyOwner
10,org.apache.commons.jxpath.ri.axes.SimplePathInterpreterTest::testDoStepNoPredicatesStandard
10,org.apache.commons.jxpath.ri.axes.SimplePathInterpreterTest::testDoStepPredicatesPropertyOwner
10,org.apache.commons.jxpath.ri.axes.SimplePathInterpreterTest::testDoStepPredicatesStandard
10,org.apache.commons.jxpath.ri.axes.SimplePathInterpreterTest::testDoPredicateName
10,org.apache.commons.jxpath.ri.axes.SimplePathInterpreterTest::testDoPredicatesStandard
10,org.apache.commons.jxpath.ri.axes.SimplePathInterpreterTest::testDoPredicateIndex
10,org.apache.commons.jxpath.ri.axes.SimplePathInterpreterTest::testInterpretExpressionPath
10,org.apache.commons.jxpath.ri.axes.RecursiveAxesTest::testInfiniteDescent
10,org.apache.commons.jxpath.ri.StressTest::testThreads
10,org.apache.commons.jxpath.ri.JXPathCompiledExpressionTest::testConstant
10,org.apache.commons.jxpath.ri.JXPathCompiledExpressionTest::testCoreFunction
10,org.apache.commons.jxpath.ri.JXPathCompiledExpressionTest::testCoreOperationAnd
10,org.apache.commons.jxpath.ri.JXPathCompiledExpressionTest::testCoreOperationOr
10,org.apache.commons.jxpath.ri.JXPathCompiledExpressionTest::testCoreOperationEqual
10,org.apache.commons.jxpath.ri.JXPathCompiledExpressionTest::testCoreOperationNameAttributeTest
10,org.apache.commons.jxpath.ri.JXPathCompiledExpressionTest::testCoreOperationNotEqual
10,org.apache.commons.jxpath.ri.JXPathCompiledExpressionTest::testCoreOperationLessThan
10,org.apache.commons.jxpath.ri.JXPathCompiledExpressionTest::testCoreOperationLessThanOrEqual
10,org.apache.commons.jxpath.ri.JXPathCompiledExpressionTest::testCoreOperationGreaterThan
10,org.apache.commons.jxpath.ri.JXPathCompiledExpressionTest::testCoreOperationGreaterThanOrEqual
10,org.apache.commons.jxpath.ri.JXPathCompiledExpressionTest::testCoreOperationDivide
10,org.apache.commons.jxpath.ri.JXPathCompiledExpressionTest::testCoreOperationMod
10,org.apache.commons.jxpath.ri.JXPathCompiledExpressionTest::testCoreOperationMultiply
10,org.apache.commons.jxpath.ri.JXPathCompiledExpressionTest::testCoreOperationMinus
10,org.apache.commons.jxpath.ri.JXPathCompiledExpressionTest::testCoreOperationSum
10,org.apache.commons.jxpath.ri.JXPathCompiledExpressionTest::testCoreOperationUnaryMinus
10,org.apache.commons.jxpath.ri.JXPathCompiledExpressionTest::testCoreOperationUnion
10,org.apache.commons.jxpath.ri.JXPathCompiledExpressionTest::testExpressionPath
10,org.apache.commons.jxpath.ri.JXPathCompiledExpressionTest::testExtensionFunction
10,org.apache.commons.jxpath.ri.JXPathCompiledExpressionTest::testLocationPathAxisSelf
10,org.apache.commons.jxpath.ri.JXPathCompiledExpressionTest::testLocationPathAxisChild
10,org.apache.commons.jxpath.ri.JXPathCompiledExpressionTest::testLocationPathAxisParent
10,org.apache.commons.jxpath.ri.JXPathCompiledExpressionTest::testLocationPathAxisAttribute
10,org.apache.commons.jxpath.ri.JXPathCompiledExpressionTest::testLocationPathAxisDescendant
10,org.apache.commons.jxpath.ri.JXPathCompiledExpressionTest::testLocationPathAxisDescendantOrSelf
10,org.apache.commons.jxpath.ri.JXPathCompiledExpressionTest::testLocationPathAxisOther
10,org.apache.commons.jxpath.ri.JXPathCompiledExpressionTest::testLocationPathNodeTest
10,org.apache.commons.jxpath.ri.JXPathCompiledExpressionTest::testVariableReference
11,org.apache.commons.jxpath.util.BasicTypeConverterTest::testPrimitiveToString
11,org.apache.commons.jxpath.util.BasicTypeConverterTest::testArrayToList
11,org.apache.commons.jxpath.util.BasicTypeConverterTest::testArrayToArray
11,org.apache.commons.jxpath.util.BasicTypeConverterTest::testListToArray
11,org.apache.commons.jxpath.util.BasicTypeConverterTest::testInvalidConversion
11,org.apache.commons.jxpath.util.BasicTypeConverterTest::testSingletonCollectionToString
11,org.apache.commons.jxpath.util.BasicTypeConverterTest::testSingletonArrayToString
11,org.apache.commons.jxpath.util.BasicTypeConverterTest::testPointerToString
11,org.apache.commons.jxpath.util.BasicTypeConverterTest::testNodeSetToString
11,org.apache.commons.jxpath.util.BasicTypeConverterTest::testNodeSetToInteger
11,org.apache.commons.jxpath.util.BasicTypeConverterTest::testBeanUtilsConverter
11,org.apache.commons.jxpath.ri.model.for::testDocumentOrder
11,org.apache.commons.jxpath.ri.model.for::testSetValue
11,org.apache.commons.jxpath.ri.model.for::testCreatePath
11,org.apache.commons.jxpath.ri.model.for::testCreatePathAndSetValue
11,org.apache.commons.jxpath.ri.model.for::testRemovePath
11,org.apache.commons.jxpath.ri.model.for::testID
11,org.apache.commons.jxpath.ri.model.for::testAxisChild
11,org.apache.commons.jxpath.ri.model.for::testAxisChildIndexPredicate
11,org.apache.commons.jxpath.ri.model.for::testAxisDescendant
11,org.apache.commons.jxpath.ri.model.for::testAxisParent
11,org.apache.commons.jxpath.ri.model.for::testAxisFollowingSibling
11,org.apache.commons.jxpath.ri.model.for::testAxisPrecedingSibling
11,org.apache.commons.jxpath.ri.model.for::testAxisAttribute
11,org.apache.commons.jxpath.ri.model.for::testAxisNamespace
11,org.apache.commons.jxpath.ri.model.for::testAxisAncestor
11,org.apache.commons.jxpath.ri.model.for::testAxisAncestorOrSelf
11,org.apache.commons.jxpath.ri.model.for::testAxisFollowing
11,org.apache.commons.jxpath.ri.model.for::testAxisSelf
11,org.apache.commons.jxpath.ri.model.for::testNodeTypeComment
11,org.apache.commons.jxpath.ri.model.for::testNodeTypeText
11,org.apache.commons.jxpath.ri.model.for::testNodeTypeProcessingInstruction
11,org.apache.commons.jxpath.ri.model.for::testLang
11,org.apache.commons.jxpath.ri.model.for::testDocument
11,org.apache.commons.jxpath.ri.model.for::testContainer
11,org.apache.commons.jxpath.ri.model.for::testElementInVariable
11,org.apache.commons.jxpath.ri.model.for::testTypeConversions
11,org.apache.commons.jxpath.ri.model.for::testBooleanFunction
11,org.apache.commons.jxpath.ri.model.for::testFunctionsLastAndPosition
11,org.apache.commons.jxpath.ri.model.for::testNamespaceMapping
11,org.apache.commons.jxpath.ri.model.jdom.JDOMModelTest::testGetNode
11,org.apache.commons.jxpath.ri.model.jdom.JDOMModelTest::testID
11,org.apache.commons.jxpath.ri.model.dynamic.DynamicPropertiesModelTest::testAxisChild
11,org.apache.commons.jxpath.ri.model.dynamic.DynamicPropertiesModelTest::testAxisDescendant
11,org.apache.commons.jxpath.ri.model.dynamic.DynamicPropertiesModelTest::testAttributeName
11,org.apache.commons.jxpath.ri.model.dynamic.DynamicPropertiesModelTest::testSetPrimitiveValue
11,org.apache.commons.jxpath.ri.model.dynamic.DynamicPropertiesModelTest::testSetCollection
11,org.apache.commons.jxpath.ri.model.dynamic.DynamicPropertiesModelTest::testSetNewKey
11,org.apache.commons.jxpath.ri.model.dynamic.DynamicPropertiesModelTest::testCreatePath
11,org.apache.commons.jxpath.ri.model.dynamic.DynamicPropertiesModelTest::testCreatePathAndSetValue
11,org.apache.commons.jxpath.ri.model.dynamic.DynamicPropertiesModelTest::testCreatePathCreateBean
11,org.apache.commons.jxpath.ri.model.dynamic.DynamicPropertiesModelTest::testCreatePathAndSetValueCreateBean
11,org.apache.commons.jxpath.ri.model.dynamic.DynamicPropertiesModelTest::testCreatePathCollectionElement
11,org.apache.commons.jxpath.ri.model.dynamic.DynamicPropertiesModelTest::testCreatePathAndSetValueCollectionElement
11,org.apache.commons.jxpath.ri.model.dynamic.DynamicPropertiesModelTest::testCreatePathNewCollectionElement
11,org.apache.commons.jxpath.ri.model.dynamic.DynamicPropertiesModelTest::testCreatePathAndSetValueNewCollectionElement
11,org.apache.commons.jxpath.ri.model.dynamic.DynamicPropertiesModelTest::testRemovePath
11,org.apache.commons.jxpath.ri.model.dynamic.DynamicPropertiesModelTest::testRemovePathArrayElement
11,org.apache.commons.jxpath.ri.model.dynamic.DynamicPropertiesModelTest::testCollectionOfMaps
11,org.apache.commons.jxpath.ri.model.dynamic.DynamicPropertiesModelTest::testMapOfMaps
11,org.apache.commons.jxpath.ri.model.dom.DOMModelTest::testGetNode
11,org.apache.commons.jxpath.ri.model.container.ContainerModelTest::testContainerVariableWithCollection
11,org.apache.commons.jxpath.ri.model.container.ContainerModelTest::testContainerPropertyWithCollection
11,org.apache.commons.jxpath.ri.model.container.ContainerModelTest::testContainerMapWithCollection
11,org.apache.commons.jxpath.ri.model.container.ContainerModelTest::testContainerRootWithCollection
11,org.apache.commons.jxpath.ri.model.beans.BeanModelTest::testIndexedProperty
11,org.apache.commons.jxpath.ri.model.beans.BadlyImplementedFactoryTest::testBadFactoryImplementation
11,org.apache.commons.jxpath.ri.model.XMLSpaceTest::testUnspecifiedDOM
11,org.apache.commons.jxpath.ri.model.XMLSpaceTest::testDefaultDOM
11,org.apache.commons.jxpath.ri.model.XMLSpaceTest::testPreserveDOM
11,org.apache.commons.jxpath.ri.model.XMLSpaceTest::testNestedDOM
11,org.apache.commons.jxpath.ri.model.XMLSpaceTest::testNestedWithCommentsDOM
11,org.apache.commons.jxpath.ri.model.XMLSpaceTest::testUnspecifiedJDOM
11,org.apache.commons.jxpath.ri.model.XMLSpaceTest::testDefaultJDOM
11,org.apache.commons.jxpath.ri.model.XMLSpaceTest::testPreserveJDOM
11,org.apache.commons.jxpath.ri.model.XMLSpaceTest::testNestedJDOM
11,org.apache.commons.jxpath.ri.model.XMLSpaceTest::testNestedWithCommentsJDOM
11,org.apache.commons.jxpath.ri.model.XMLPreserveSpaceTest::testUnspecifiedDOM
11,org.apache.commons.jxpath.ri.model.XMLPreserveSpaceTest::testDefaultDOM
11,org.apache.commons.jxpath.ri.model.XMLPreserveSpaceTest::testPreserveDOM
11,org.apache.commons.jxpath.ri.model.XMLPreserveSpaceTest::testNestedDOM
11,org.apache.commons.jxpath.ri.model.XMLPreserveSpaceTest::testNestedWithCommentsDOM
11,org.apache.commons.jxpath.ri.model.XMLPreserveSpaceTest::testUnspecifiedJDOM
11,org.apache.commons.jxpath.ri.model.XMLPreserveSpaceTest::testDefaultJDOM
11,org.apache.commons.jxpath.ri.model.XMLPreserveSpaceTest::testPreserveJDOM
11,org.apache.commons.jxpath.ri.model.XMLPreserveSpaceTest::testNestedJDOM
11,org.apache.commons.jxpath.ri.model.XMLPreserveSpaceTest::testNestedWithCommentsJDOM
11,org.apache.commons.jxpath.ri.model.MixedModelTest::testVar
11,org.apache.commons.jxpath.ri.model.MixedModelTest::testVarPrimitive
11,org.apache.commons.jxpath.ri.model.MixedModelTest::testVarBean
11,org.apache.commons.jxpath.ri.model.MixedModelTest::testVarMap
11,org.apache.commons.jxpath.ri.model.MixedModelTest::testVarList
11,org.apache.commons.jxpath.ri.model.MixedModelTest::testVarDocument
11,org.apache.commons.jxpath.ri.model.MixedModelTest::testVarElement
11,org.apache.commons.jxpath.ri.model.MixedModelTest::testVarContainer
11,org.apache.commons.jxpath.ri.model.MixedModelTest::testBeanPrimitive
11,org.apache.commons.jxpath.ri.model.MixedModelTest::testBeanBean
11,org.apache.commons.jxpath.ri.model.MixedModelTest::testBeanMap
11,org.apache.commons.jxpath.ri.model.MixedModelTest::testBeanList
11,org.apache.commons.jxpath.ri.model.MixedModelTest::testBeanDocument
11,org.apache.commons.jxpath.ri.model.MixedModelTest::testBeanElement
11,org.apache.commons.jxpath.ri.model.MixedModelTest::testBeanContainer
11,org.apache.commons.jxpath.ri.model.MixedModelTest::testMapPrimitive
11,org.apache.commons.jxpath.ri.model.MixedModelTest::testMapBean
11,org.apache.commons.jxpath.ri.model.MixedModelTest::testMapMap
11,org.apache.commons.jxpath.ri.model.MixedModelTest::testMapList
11,org.apache.commons.jxpath.ri.model.MixedModelTest::testMapDocument
11,org.apache.commons.jxpath.ri.model.MixedModelTest::testMapElement
11,org.apache.commons.jxpath.ri.model.MixedModelTest::testMapContainer
11,org.apache.commons.jxpath.ri.model.MixedModelTest::testListPrimitive
11,org.apache.commons.jxpath.ri.model.MixedModelTest::testListBean
11,org.apache.commons.jxpath.ri.model.MixedModelTest::testListMap
11,org.apache.commons.jxpath.ri.model.MixedModelTest::testListList
11,org.apache.commons.jxpath.ri.model.MixedModelTest::testListDocument
11,org.apache.commons.jxpath.ri.model.MixedModelTest::testListElement
11,org.apache.commons.jxpath.ri.model.MixedModelTest::testListContainer
11,org.apache.commons.jxpath.ri.model.MixedModelTest::testNull
11,org.apache.commons.jxpath.ri.model.MixedModelTest::testRootAsCollection
11,org.apache.commons.jxpath.ri.model.MixedModelTest::testCreatePath
11,org.apache.commons.jxpath.ri.model.MixedModelTest::testIterateArray
11,org.apache.commons.jxpath.ri.model.MixedModelTest::testIteratePointersArray
11,org.apache.commons.jxpath.ri.model.MixedModelTest::testIteratePointersArrayElementWithVariable
11,org.apache.commons.jxpath.ri.model.MixedModelTest::testIterateVector
11,org.apache.commons.jxpath.ri.model.MixedModelTest::testErrorProperty
11,org.apache.commons.jxpath.ri.model.MixedModelTest::testMatrix
11,org.apache.commons.jxpath.ri.model.MixedModelTest::testCreatePathAndSetValueWithMatrix
11,org.apache.commons.jxpath.ri.model.MixedModelTest::testCollectionPointer
11,org.apache.commons.jxpath.ri.model.for::testIndividualIterators
11,org.apache.commons.jxpath.ri.model.for::testMultipleIterators
11,org.apache.commons.jxpath.ri.model.for::testIteratePropertyArrayWithHasNext
11,org.apache.commons.jxpath.ri.model.for::testIteratePropertyArrayWithoutHasNext
11,org.apache.commons.jxpath.ri.model.for::testIterateAndSet
11,org.apache.commons.jxpath.ri.model.for::testIteratePointerSetValue
11,org.apache.commons.jxpath.ri.model.for::testRoot
11,org.apache.commons.jxpath.ri.model.for::testAxisAncestor
11,org.apache.commons.jxpath.ri.model.for::testAxisChild
11,org.apache.commons.jxpath.ri.model.for::testAxisChildNestedBean
11,org.apache.commons.jxpath.ri.model.for::testAxisChildNestedCollection
11,org.apache.commons.jxpath.ri.model.for::testIndexPredicate
11,org.apache.commons.jxpath.ri.model.for::testAxisDescendant
11,org.apache.commons.jxpath.ri.model.for::testAxisDescendantOrSelf
11,org.apache.commons.jxpath.ri.model.for::testAxisFollowing
11,org.apache.commons.jxpath.ri.model.for::testAxisFollowingSibling
11,org.apache.commons.jxpath.ri.model.for::testAxisParent
11,org.apache.commons.jxpath.ri.model.for::testAxisPreceding
11,org.apache.commons.jxpath.ri.model.for::testAxisPrecedingSibling
11,org.apache.commons.jxpath.ri.model.for::testAxisSelf
11,org.apache.commons.jxpath.ri.model.for::testUnion
11,org.apache.commons.jxpath.ri.model.for::testAxisAttribute
11,org.apache.commons.jxpath.ri.model.for::testAttributeName
11,org.apache.commons.jxpath.ri.model.for::testAttributeLang
11,org.apache.commons.jxpath.ri.model.for::testCoreFunctions
11,org.apache.commons.jxpath.ri.model.for::testBooleanPredicate
11,org.apache.commons.jxpath.ri.model.for::testDocumentOrder
11,org.apache.commons.jxpath.ri.model.for::testSetPropertyValue
11,org.apache.commons.jxpath.ri.model.for::testSetCollectionElement
11,org.apache.commons.jxpath.ri.model.for::testSetContextDependentNode
11,org.apache.commons.jxpath.ri.model.for::testSetNonPrimitiveValue
11,org.apache.commons.jxpath.ri.model.for::testCreatePath
11,org.apache.commons.jxpath.ri.model.for::testCreatePathAndSetValue
11,org.apache.commons.jxpath.ri.model.for::testCreatePathExpandNewCollection
11,org.apache.commons.jxpath.ri.model.for::testCreatePathAndSetValueExpandNewCollection
11,org.apache.commons.jxpath.ri.model.for::testCreatePathExpandExistingCollection
11,org.apache.commons.jxpath.ri.model.for::testCreatePathExpandExistingCollectionAndSetProperty
11,org.apache.commons.jxpath.ri.model.for::testCreatePathAndSetValueExpandExistingCollection
11,org.apache.commons.jxpath.ri.model.for::testCreatePathCreateBeanExpandCollection
11,org.apache.commons.jxpath.ri.model.for::testCreatePathAndSetValueCreateBeanExpandCollection
11,org.apache.commons.jxpath.ri.model.for::testRemovePathPropertyValue
11,org.apache.commons.jxpath.ri.model.for::testRemovePathArrayElement
11,org.apache.commons.jxpath.ri.model.for::testRemoveAllArrayElements
11,org.apache.commons.jxpath.ri.model.for::testRemoveAllListElements
11,org.apache.commons.jxpath.ri.model.for::testRemoveAllMapEntries
11,org.apache.commons.jxpath.ri.model.for::testRemovePathBeanValue
11,org.apache.commons.jxpath.ri.model.for::testRelativeContextRelativePath
11,org.apache.commons.jxpath.ri.model.for::testRelativeContextAbsolutePath
11,org.apache.commons.jxpath.ri.model.for::testRelativeContextParent
11,org.apache.commons.jxpath.ri.model.for::testRelativeContextInheritance
11,org.apache.commons.jxpath.ri.compiler.VariableTest::testVariables
11,org.apache.commons.jxpath.ri.compiler.VariableTest::testVariablesInExpressions
11,org.apache.commons.jxpath.ri.compiler.VariableTest::testInvalidVariableName
11,org.apache.commons.jxpath.ri.compiler.VariableTest::testNestedContext
11,org.apache.commons.jxpath.ri.compiler.VariableTest::testSetValue
11,org.apache.commons.jxpath.ri.compiler.VariableTest::testCreatePathDeclareVariable
11,org.apache.commons.jxpath.ri.compiler.VariableTest::testCreatePathAndSetValueDeclareVariable
11,org.apache.commons.jxpath.ri.compiler.VariableTest::testCreatePathDeclareVariableSetCollectionElement
11,org.apache.commons.jxpath.ri.compiler.VariableTest::testCreateAndSetValuePathDeclareVariableSetCollectionElement
11,org.apache.commons.jxpath.ri.compiler.VariableTest::testCreatePathExpandCollection
11,org.apache.commons.jxpath.ri.compiler.VariableTest::testCreatePathAndSetValueExpandCollection
11,org.apache.commons.jxpath.ri.compiler.VariableTest::testCreatePathDeclareVariableSetProperty
11,org.apache.commons.jxpath.ri.compiler.VariableTest::testCreatePathAndSetValueDeclareVariableSetProperty
11,org.apache.commons.jxpath.ri.compiler.VariableTest::testCreatePathDeclareVariableSetCollectionElementProperty
11,org.apache.commons.jxpath.ri.compiler.VariableTest::testCreatePathAndSetValueDeclVarSetCollectionElementProperty
11,org.apache.commons.jxpath.ri.compiler.VariableTest::testRemovePathUndeclareVariable
11,org.apache.commons.jxpath.ri.compiler.VariableTest::testRemovePathArrayElement
11,org.apache.commons.jxpath.ri.compiler.VariableTest::testRemovePathCollectionElement
11,org.apache.commons.jxpath.ri.compiler.VariableTest::testUnionOfVariableAndNode
11,org.apache.commons.jxpath.ri.compiler.VariableTest::testIterateVariable
11,org.apache.commons.jxpath.ri.compiler.ExtensionFunctionTest::testConstructorLookup
11,org.apache.commons.jxpath.ri.compiler.ExtensionFunctionTest::testConstructorLookupWithExpressionContext
11,org.apache.commons.jxpath.ri.compiler.ExtensionFunctionTest::testStaticMethodLookup
11,org.apache.commons.jxpath.ri.compiler.ExtensionFunctionTest::testStaticMethodLookupWithConversion
11,org.apache.commons.jxpath.ri.compiler.ExtensionFunctionTest::testMethodLookup
11,org.apache.commons.jxpath.ri.compiler.ExtensionFunctionTest::testStaticMethodLookupWithExpressionContext
11,org.apache.commons.jxpath.ri.compiler.ExtensionFunctionTest::testMethodLookupWithExpressionContext
11,org.apache.commons.jxpath.ri.compiler.ExtensionFunctionTest::testMethodLookupWithExpressionContextAndArgument
11,org.apache.commons.jxpath.ri.compiler.ExtensionFunctionTest::testAllocation
11,org.apache.commons.jxpath.ri.compiler.ExtensionFunctionTest::testMethodCall
11,org.apache.commons.jxpath.ri.compiler.ExtensionFunctionTest::testCollectionMethodCall
11,org.apache.commons.jxpath.ri.compiler.ExtensionFunctionTest::testStaticMethodCall
11,org.apache.commons.jxpath.ri.compiler.ExtensionFunctionTest::testExpressionContext
11,org.apache.commons.jxpath.ri.compiler.ExtensionFunctionTest::testCollectionReturn
11,org.apache.commons.jxpath.ri.compiler.ExtensionFunctionTest::testNodeSetReturn
11,org.apache.commons.jxpath.ri.compiler.ExtensionFunctionTest::testEstablishNodeSetBaseline
11,org.apache.commons.jxpath.ri.compiler.ExtensionFunctionTest::testBCNodeSetHack
11,org.apache.commons.jxpath.ri.compiler.CoreOperationTest::testInfoSetTypes
11,org.apache.commons.jxpath.ri.compiler.CoreOperationTest::testNodeSetOperations
11,org.apache.commons.jxpath.ri.compiler.CoreOperationTest::testEmptyNodeSetOperations
11,org.apache.commons.jxpath.ri.compiler.CoreOperationTest::testNan
11,org.apache.commons.jxpath.ri.compiler.CoreFunctionTest::testCoreFunctions
11,org.apache.commons.jxpath.ri.compiler.CoreFunctionTest::testIDFunction
11,org.apache.commons.jxpath.ri.compiler.CoreFunctionTest::testKeyFunction
11,org.apache.commons.jxpath.ri.compiler.CoreFunctionTest::testExtendedKeyFunction
11,org.apache.commons.jxpath.ri.compiler.CoreFunctionTest::testFormatNumberFunction
11,org.apache.commons.jxpath.ri.compiler.ContextDependencyTest::testContextDependency
11,org.apache.commons.jxpath.ri.compiler.ContextDependencyTest::testContextDependency
11,org.apache.commons.jxpath.ri.axes.SimplePathInterpreterTest::testDoStepNoPredicatesPropertyOwner
11,org.apache.commons.jxpath.ri.axes.SimplePathInterpreterTest::testDoStepNoPredicatesStandard
11,org.apache.commons.jxpath.ri.axes.SimplePathInterpreterTest::testDoStepPredicatesPropertyOwner
11,org.apache.commons.jxpath.ri.axes.SimplePathInterpreterTest::testDoStepPredicatesStandard
11,org.apache.commons.jxpath.ri.axes.SimplePathInterpreterTest::testDoPredicateName
11,org.apache.commons.jxpath.ri.axes.SimplePathInterpreterTest::testDoPredicatesStandard
11,org.apache.commons.jxpath.ri.axes.SimplePathInterpreterTest::testDoPredicateIndex
11,org.apache.commons.jxpath.ri.axes.SimplePathInterpreterTest::testInterpretExpressionPath
11,org.apache.commons.jxpath.ri.axes.RecursiveAxesTest::testInfiniteDescent
11,org.apache.commons.jxpath.ri.StressTest::testThreads
11,org.apache.commons.jxpath.ri.JXPathCompiledExpressionTest::testConstant
11,org.apache.commons.jxpath.ri.JXPathCompiledExpressionTest::testCoreFunction
11,org.apache.commons.jxpath.ri.JXPathCompiledExpressionTest::testCoreOperationAnd
11,org.apache.commons.jxpath.ri.JXPathCompiledExpressionTest::testCoreOperationOr
11,org.apache.commons.jxpath.ri.JXPathCompiledExpressionTest::testCoreOperationEqual
11,org.apache.commons.jxpath.ri.JXPathCompiledExpressionTest::testCoreOperationNameAttributeTest
11,org.apache.commons.jxpath.ri.JXPathCompiledExpressionTest::testCoreOperationNotEqual
11,org.apache.commons.jxpath.ri.JXPathCompiledExpressionTest::testCoreOperationLessThan
11,org.apache.commons.jxpath.ri.JXPathCompiledExpressionTest::testCoreOperationLessThanOrEqual
11,org.apache.commons.jxpath.ri.JXPathCompiledExpressionTest::testCoreOperationGreaterThan
11,org.apache.commons.jxpath.ri.JXPathCompiledExpressionTest::testCoreOperationGreaterThanOrEqual
11,org.apache.commons.jxpath.ri.JXPathCompiledExpressionTest::testCoreOperationDivide
11,org.apache.commons.jxpath.ri.JXPathCompiledExpressionTest::testCoreOperationMod
11,org.apache.commons.jxpath.ri.JXPathCompiledExpressionTest::testCoreOperationMultiply
11,org.apache.commons.jxpath.ri.JXPathCompiledExpressionTest::testCoreOperationMinus
11,org.apache.commons.jxpath.ri.JXPathCompiledExpressionTest::testCoreOperationSum
11,org.apache.commons.jxpath.ri.JXPathCompiledExpressionTest::testCoreOperationUnaryMinus
11,org.apache.commons.jxpath.ri.JXPathCompiledExpressionTest::testCoreOperationUnion
11,org.apache.commons.jxpath.ri.JXPathCompiledExpressionTest::testExpressionPath
11,org.apache.commons.jxpath.ri.JXPathCompiledExpressionTest::testExtensionFunction
11,org.apache.commons.jxpath.ri.JXPathCompiledExpressionTest::testLocationPathAxisSelf
11,org.apache.commons.jxpath.ri.JXPathCompiledExpressionTest::testLocationPathAxisChild
11,org.apache.commons.jxpath.ri.JXPathCompiledExpressionTest::testLocationPathAxisParent
11,org.apache.commons.jxpath.ri.JXPathCompiledExpressionTest::testLocationPathAxisAttribute
11,org.apache.commons.jxpath.ri.JXPathCompiledExpressionTest::testLocationPathAxisDescendant
11,org.apache.commons.jxpath.ri.JXPathCompiledExpressionTest::testLocationPathAxisDescendantOrSelf
11,org.apache.commons.jxpath.ri.JXPathCompiledExpressionTest::testLocationPathAxisOther
11,org.apache.commons.jxpath.ri.JXPathCompiledExpressionTest::testLocationPathNodeTest
11,org.apache.commons.jxpath.ri.JXPathCompiledExpressionTest::testVariableReference
12,org.apache.commons.jxpath.util.BasicTypeConverterTest::testPrimitiveToString
12,org.apache.commons.jxpath.util.BasicTypeConverterTest::testArrayToList
12,org.apache.commons.jxpath.util.BasicTypeConverterTest::testArrayToArray
12,org.apache.commons.jxpath.util.BasicTypeConverterTest::testListToArray
12,org.apache.commons.jxpath.util.BasicTypeConverterTest::testInvalidConversion
12,org.apache.commons.jxpath.util.BasicTypeConverterTest::testSingletonCollectionToString
12,org.apache.commons.jxpath.util.BasicTypeConverterTest::testSingletonArrayToString
12,org.apache.commons.jxpath.util.BasicTypeConverterTest::testPointerToString
12,org.apache.commons.jxpath.util.BasicTypeConverterTest::testNodeSetToString
12,org.apache.commons.jxpath.util.BasicTypeConverterTest::testNodeSetToInteger
12,org.apache.commons.jxpath.util.BasicTypeConverterTest::testBeanUtilsConverter
12,org.apache.commons.jxpath.ri.model.ExternalXMLNamespaceTest::testAttributeDOM
12,org.apache.commons.jxpath.ri.model.ExternalXMLNamespaceTest::testElementDOM
12,org.apache.commons.jxpath.ri.model.jdom.JDOMModelTest::testGetNode
12,org.apache.commons.jxpath.ri.model.jdom.JDOMModelTest::testID
12,org.apache.commons.jxpath.ri.model.dynamic.DynamicPropertiesModelTest::testAxisChild
12,org.apache.commons.jxpath.ri.model.dynamic.DynamicPropertiesModelTest::testAxisDescendant
12,org.apache.commons.jxpath.ri.model.dynamic.DynamicPropertiesModelTest::testAttributeName
12,org.apache.commons.jxpath.ri.model.dynamic.DynamicPropertiesModelTest::testSetPrimitiveValue
12,org.apache.commons.jxpath.ri.model.dynamic.DynamicPropertiesModelTest::testSetCollection
12,org.apache.commons.jxpath.ri.model.dynamic.DynamicPropertiesModelTest::testSetNewKey
12,org.apache.commons.jxpath.ri.model.dynamic.DynamicPropertiesModelTest::testCreatePath
12,org.apache.commons.jxpath.ri.model.dynamic.DynamicPropertiesModelTest::testCreatePathAndSetValue
12,org.apache.commons.jxpath.ri.model.dynamic.DynamicPropertiesModelTest::testCreatePathCreateBean
12,org.apache.commons.jxpath.ri.model.dynamic.DynamicPropertiesModelTest::testCreatePathAndSetValueCreateBean
12,org.apache.commons.jxpath.ri.model.dynamic.DynamicPropertiesModelTest::testCreatePathCollectionElement
12,org.apache.commons.jxpath.ri.model.dynamic.DynamicPropertiesModelTest::testCreatePathAndSetValueCollectionElement
12,org.apache.commons.jxpath.ri.model.dynamic.DynamicPropertiesModelTest::testCreatePathNewCollectionElement
12,org.apache.commons.jxpath.ri.model.dynamic.DynamicPropertiesModelTest::testCreatePathAndSetValueNewCollectionElement
12,org.apache.commons.jxpath.ri.model.dynamic.DynamicPropertiesModelTest::testRemovePath
12,org.apache.commons.jxpath.ri.model.dynamic.DynamicPropertiesModelTest::testRemovePathArrayElement
12,org.apache.commons.jxpath.ri.model.dynamic.DynamicPropertiesModelTest::testCollectionOfMaps
12,org.apache.commons.jxpath.ri.model.dynamic.DynamicPropertiesModelTest::testMapOfMaps
12,org.apache.commons.jxpath.ri.model.dom.DOMModelTest::testGetNode
12,org.apache.commons.jxpath.ri.model.container.ContainerModelTest::testContainerVariableWithCollection
12,org.apache.commons.jxpath.ri.model.container.ContainerModelTest::testContainerPropertyWithCollection
12,org.apache.commons.jxpath.ri.model.container.ContainerModelTest::testContainerMapWithCollection
12,org.apache.commons.jxpath.ri.model.container.ContainerModelTest::testContainerRootWithCollection
12,org.apache.commons.jxpath.ri.model.beans.BeanModelTest::testIndexedProperty
12,org.apache.commons.jxpath.ri.model.beans.BadlyImplementedFactoryTest::testBadFactoryImplementation
12,org.apache.commons.jxpath.ri.model.XMLSpaceTest::testUnspecifiedDOM
12,org.apache.commons.jxpath.ri.model.XMLSpaceTest::testDefaultDOM
12,org.apache.commons.jxpath.ri.model.XMLSpaceTest::testPreserveDOM
12,org.apache.commons.jxpath.ri.model.XMLSpaceTest::testNestedDOM
12,org.apache.commons.jxpath.ri.model.XMLSpaceTest::testNestedWithCommentsDOM
12,org.apache.commons.jxpath.ri.model.XMLSpaceTest::testUnspecifiedJDOM
12,org.apache.commons.jxpath.ri.model.XMLSpaceTest::testDefaultJDOM
12,org.apache.commons.jxpath.ri.model.XMLSpaceTest::testPreserveJDOM
12,org.apache.commons.jxpath.ri.model.XMLSpaceTest::testNestedJDOM
12,org.apache.commons.jxpath.ri.model.XMLSpaceTest::testNestedWithCommentsJDOM
12,org.apache.commons.jxpath.ri.model.XMLPreserveSpaceTest::testUnspecifiedDOM
12,org.apache.commons.jxpath.ri.model.XMLPreserveSpaceTest::testDefaultDOM
12,org.apache.commons.jxpath.ri.model.XMLPreserveSpaceTest::testPreserveDOM
12,org.apache.commons.jxpath.ri.model.XMLPreserveSpaceTest::testNestedDOM
12,org.apache.commons.jxpath.ri.model.XMLPreserveSpaceTest::testNestedWithCommentsDOM
12,org.apache.commons.jxpath.ri.model.XMLPreserveSpaceTest::testUnspecifiedJDOM
12,org.apache.commons.jxpath.ri.model.XMLPreserveSpaceTest::testDefaultJDOM
12,org.apache.commons.jxpath.ri.model.XMLPreserveSpaceTest::testPreserveJDOM
12,org.apache.commons.jxpath.ri.model.XMLPreserveSpaceTest::testNestedJDOM
12,org.apache.commons.jxpath.ri.model.XMLPreserveSpaceTest::testNestedWithCommentsJDOM
12,org.apache.commons.jxpath.ri.model.for::testDocumentOrder
12,org.apache.commons.jxpath.ri.model.for::testSetValue
12,org.apache.commons.jxpath.ri.model.for::testCreatePath
12,org.apache.commons.jxpath.ri.model.for::testCreatePathAndSetValue
12,org.apache.commons.jxpath.ri.model.for::testRemovePath
12,org.apache.commons.jxpath.ri.model.for::testID
12,org.apache.commons.jxpath.ri.model.for::testAxisChild
12,org.apache.commons.jxpath.ri.model.for::testAxisChildIndexPredicate
12,org.apache.commons.jxpath.ri.model.for::testAxisDescendant
12,org.apache.commons.jxpath.ri.model.for::testAxisParent
12,org.apache.commons.jxpath.ri.model.for::testAxisFollowingSibling
12,org.apache.commons.jxpath.ri.model.for::testAxisPrecedingSibling
12,org.apache.commons.jxpath.ri.model.for::testAxisAttribute
12,org.apache.commons.jxpath.ri.model.for::testAxisNamespace
12,org.apache.commons.jxpath.ri.model.for::testAxisAncestor
12,org.apache.commons.jxpath.ri.model.for::testAxisAncestorOrSelf
12,org.apache.commons.jxpath.ri.model.for::testAxisFollowing
12,org.apache.commons.jxpath.ri.model.for::testAxisSelf
12,org.apache.commons.jxpath.ri.model.for::testNodeTypeComment
12,org.apache.commons.jxpath.ri.model.for::testNodeTypeText
12,org.apache.commons.jxpath.ri.model.for::testNodeTypeProcessingInstruction
12,org.apache.commons.jxpath.ri.model.for::testLang
12,org.apache.commons.jxpath.ri.model.for::testDocument
12,org.apache.commons.jxpath.ri.model.for::testContainer
12,org.apache.commons.jxpath.ri.model.for::testElementInVariable
12,org.apache.commons.jxpath.ri.model.for::testTypeConversions
12,org.apache.commons.jxpath.ri.model.for::testBooleanFunction
12,org.apache.commons.jxpath.ri.model.for::testFunctionsLastAndPosition
12,org.apache.commons.jxpath.ri.model.for::testNamespaceMapping
12,org.apache.commons.jxpath.ri.model.MixedModelTest::testVar
12,org.apache.commons.jxpath.ri.model.MixedModelTest::testVarPrimitive
12,org.apache.commons.jxpath.ri.model.MixedModelTest::testVarBean
12,org.apache.commons.jxpath.ri.model.MixedModelTest::testVarMap
12,org.apache.commons.jxpath.ri.model.MixedModelTest::testVarList
12,org.apache.commons.jxpath.ri.model.MixedModelTest::testVarDocument
12,org.apache.commons.jxpath.ri.model.MixedModelTest::testVarElement
12,org.apache.commons.jxpath.ri.model.MixedModelTest::testVarContainer
12,org.apache.commons.jxpath.ri.model.MixedModelTest::testBeanPrimitive
12,org.apache.commons.jxpath.ri.model.MixedModelTest::testBeanBean
12,org.apache.commons.jxpath.ri.model.MixedModelTest::testBeanMap
12,org.apache.commons.jxpath.ri.model.MixedModelTest::testBeanList
12,org.apache.commons.jxpath.ri.model.MixedModelTest::testBeanDocument
12,org.apache.commons.jxpath.ri.model.MixedModelTest::testBeanElement
12,org.apache.commons.jxpath.ri.model.MixedModelTest::testBeanContainer
12,org.apache.commons.jxpath.ri.model.MixedModelTest::testMapPrimitive
12,org.apache.commons.jxpath.ri.model.MixedModelTest::testMapBean
12,org.apache.commons.jxpath.ri.model.MixedModelTest::testMapMap
12,org.apache.commons.jxpath.ri.model.MixedModelTest::testMapList
12,org.apache.commons.jxpath.ri.model.MixedModelTest::testMapDocument
12,org.apache.commons.jxpath.ri.model.MixedModelTest::testMapElement
12,org.apache.commons.jxpath.ri.model.MixedModelTest::testMapContainer
12,org.apache.commons.jxpath.ri.model.MixedModelTest::testListPrimitive
12,org.apache.commons.jxpath.ri.model.MixedModelTest::testListBean
12,org.apache.commons.jxpath.ri.model.MixedModelTest::testListMap
12,org.apache.commons.jxpath.ri.model.MixedModelTest::testListList
12,org.apache.commons.jxpath.ri.model.MixedModelTest::testListDocument
12,org.apache.commons.jxpath.ri.model.MixedModelTest::testListElement
12,org.apache.commons.jxpath.ri.model.MixedModelTest::testListContainer
12,org.apache.commons.jxpath.ri.model.MixedModelTest::testNull
12,org.apache.commons.jxpath.ri.model.MixedModelTest::testRootAsCollection
12,org.apache.commons.jxpath.ri.model.MixedModelTest::testCreatePath
12,org.apache.commons.jxpath.ri.model.MixedModelTest::testIterateArray
12,org.apache.commons.jxpath.ri.model.MixedModelTest::testIteratePointersArray
12,org.apache.commons.jxpath.ri.model.MixedModelTest::testIteratePointersArrayElementWithVariable
12,org.apache.commons.jxpath.ri.model.MixedModelTest::testIterateVector
12,org.apache.commons.jxpath.ri.model.MixedModelTest::testErrorProperty
12,org.apache.commons.jxpath.ri.model.MixedModelTest::testMatrix
12,org.apache.commons.jxpath.ri.model.MixedModelTest::testCreatePathAndSetValueWithMatrix
12,org.apache.commons.jxpath.ri.model.MixedModelTest::testCollectionPointer
12,org.apache.commons.jxpath.ri.model.for::testIndividualIterators
12,org.apache.commons.jxpath.ri.model.for::testMultipleIterators
12,org.apache.commons.jxpath.ri.model.for::testIteratePropertyArrayWithHasNext
12,org.apache.commons.jxpath.ri.model.for::testIteratePropertyArrayWithoutHasNext
12,org.apache.commons.jxpath.ri.model.for::testIterateAndSet
12,org.apache.commons.jxpath.ri.model.for::testIteratePointerSetValue
12,org.apache.commons.jxpath.ri.model.for::testRoot
12,org.apache.commons.jxpath.ri.model.for::testAxisAncestor
12,org.apache.commons.jxpath.ri.model.for::testAxisChild
12,org.apache.commons.jxpath.ri.model.for::testAxisChildNestedBean
12,org.apache.commons.jxpath.ri.model.for::testAxisChildNestedCollection
12,org.apache.commons.jxpath.ri.model.for::testIndexPredicate
12,org.apache.commons.jxpath.ri.model.for::testAxisDescendant
12,org.apache.commons.jxpath.ri.model.for::testAxisDescendantOrSelf
12,org.apache.commons.jxpath.ri.model.for::testAxisFollowing
12,org.apache.commons.jxpath.ri.model.for::testAxisFollowingSibling
12,org.apache.commons.jxpath.ri.model.for::testAxisParent
12,org.apache.commons.jxpath.ri.model.for::testAxisPreceding
12,org.apache.commons.jxpath.ri.model.for::testAxisPrecedingSibling
12,org.apache.commons.jxpath.ri.model.for::testAxisSelf
12,org.apache.commons.jxpath.ri.model.for::testUnion
12,org.apache.commons.jxpath.ri.model.for::testAxisAttribute
12,org.apache.commons.jxpath.ri.model.for::testAttributeName
12,org.apache.commons.jxpath.ri.model.for::testAttributeLang
12,org.apache.commons.jxpath.ri.model.for::testCoreFunctions
12,org.apache.commons.jxpath.ri.model.for::testBooleanPredicate
12,org.apache.commons.jxpath.ri.model.for::testDocumentOrder
12,org.apache.commons.jxpath.ri.model.for::testSetPropertyValue
12,org.apache.commons.jxpath.ri.model.for::testSetCollectionElement
12,org.apache.commons.jxpath.ri.model.for::testSetContextDependentNode
12,org.apache.commons.jxpath.ri.model.for::testSetNonPrimitiveValue
12,org.apache.commons.jxpath.ri.model.for::testCreatePath
12,org.apache.commons.jxpath.ri.model.for::testCreatePathAndSetValue
12,org.apache.commons.jxpath.ri.model.for::testCreatePathExpandNewCollection
12,org.apache.commons.jxpath.ri.model.for::testCreatePathAndSetValueExpandNewCollection
12,org.apache.commons.jxpath.ri.model.for::testCreatePathExpandExistingCollection
12,org.apache.commons.jxpath.ri.model.for::testCreatePathExpandExistingCollectionAndSetProperty
12,org.apache.commons.jxpath.ri.model.for::testCreatePathAndSetValueExpandExistingCollection
12,org.apache.commons.jxpath.ri.model.for::testCreatePathCreateBeanExpandCollection
12,org.apache.commons.jxpath.ri.model.for::testCreatePathAndSetValueCreateBeanExpandCollection
12,org.apache.commons.jxpath.ri.model.for::testRemovePathPropertyValue
12,org.apache.commons.jxpath.ri.model.for::testRemovePathArrayElement
12,org.apache.commons.jxpath.ri.model.for::testRemoveAllArrayElements
12,org.apache.commons.jxpath.ri.model.for::testRemoveAllListElements
12,org.apache.commons.jxpath.ri.model.for::testRemoveAllMapEntries
12,org.apache.commons.jxpath.ri.model.for::testRemovePathBeanValue
12,org.apache.commons.jxpath.ri.model.for::testRelativeContextRelativePath
12,org.apache.commons.jxpath.ri.model.for::testRelativeContextAbsolutePath
12,org.apache.commons.jxpath.ri.model.for::testRelativeContextParent
12,org.apache.commons.jxpath.ri.model.for::testRelativeContextInheritance
12,org.apache.commons.jxpath.ri.compiler.VariableTest::testVariables
12,org.apache.commons.jxpath.ri.compiler.VariableTest::testVariablesInExpressions
12,org.apache.commons.jxpath.ri.compiler.VariableTest::testInvalidVariableName
12,org.apache.commons.jxpath.ri.compiler.VariableTest::testNestedContext
12,org.apache.commons.jxpath.ri.compiler.VariableTest::testSetValue
12,org.apache.commons.jxpath.ri.compiler.VariableTest::testCreatePathDeclareVariable
12,org.apache.commons.jxpath.ri.compiler.VariableTest::testCreatePathAndSetValueDeclareVariable
12,org.apache.commons.jxpath.ri.compiler.VariableTest::testCreatePathDeclareVariableSetCollectionElement
12,org.apache.commons.jxpath.ri.compiler.VariableTest::testCreateAndSetValuePathDeclareVariableSetCollectionElement
12,org.apache.commons.jxpath.ri.compiler.VariableTest::testCreatePathExpandCollection
12,org.apache.commons.jxpath.ri.compiler.VariableTest::testCreatePathAndSetValueExpandCollection
12,org.apache.commons.jxpath.ri.compiler.VariableTest::testCreatePathDeclareVariableSetProperty
12,org.apache.commons.jxpath.ri.compiler.VariableTest::testCreatePathAndSetValueDeclareVariableSetProperty
12,org.apache.commons.jxpath.ri.compiler.VariableTest::testCreatePathDeclareVariableSetCollectionElementProperty
12,org.apache.commons.jxpath.ri.compiler.VariableTest::testCreatePathAndSetValueDeclVarSetCollectionElementProperty
12,org.apache.commons.jxpath.ri.compiler.VariableTest::testRemovePathUndeclareVariable
12,org.apache.commons.jxpath.ri.compiler.VariableTest::testRemovePathArrayElement
12,org.apache.commons.jxpath.ri.compiler.VariableTest::testRemovePathCollectionElement
12,org.apache.commons.jxpath.ri.compiler.VariableTest::testUnionOfVariableAndNode
12,org.apache.commons.jxpath.ri.compiler.VariableTest::testIterateVariable
12,org.apache.commons.jxpath.ri.compiler.ExtensionFunctionTest::testConstructorLookup
12,org.apache.commons.jxpath.ri.compiler.ExtensionFunctionTest::testConstructorLookupWithExpressionContext
12,org.apache.commons.jxpath.ri.compiler.ExtensionFunctionTest::testStaticMethodLookup
12,org.apache.commons.jxpath.ri.compiler.ExtensionFunctionTest::testStaticMethodLookupWithConversion
12,org.apache.commons.jxpath.ri.compiler.ExtensionFunctionTest::testMethodLookup
12,org.apache.commons.jxpath.ri.compiler.ExtensionFunctionTest::testStaticMethodLookupWithExpressionContext
12,org.apache.commons.jxpath.ri.compiler.ExtensionFunctionTest::testMethodLookupWithExpressionContext
12,org.apache.commons.jxpath.ri.compiler.ExtensionFunctionTest::testMethodLookupWithExpressionContextAndArgument
12,org.apache.commons.jxpath.ri.compiler.ExtensionFunctionTest::testAllocation
12,org.apache.commons.jxpath.ri.compiler.ExtensionFunctionTest::testMethodCall
12,org.apache.commons.jxpath.ri.compiler.ExtensionFunctionTest::testCollectionMethodCall
12,org.apache.commons.jxpath.ri.compiler.ExtensionFunctionTest::testStaticMethodCall
12,org.apache.commons.jxpath.ri.compiler.ExtensionFunctionTest::testExpressionContext
12,org.apache.commons.jxpath.ri.compiler.ExtensionFunctionTest::testCollectionReturn
12,org.apache.commons.jxpath.ri.compiler.ExtensionFunctionTest::testNodeSetReturn
12,org.apache.commons.jxpath.ri.compiler.ExtensionFunctionTest::testEstablishNodeSetBaseline
12,org.apache.commons.jxpath.ri.compiler.ExtensionFunctionTest::testBCNodeSetHack
12,org.apache.commons.jxpath.ri.compiler.CoreOperationTest::testInfoSetTypes
12,org.apache.commons.jxpath.ri.compiler.CoreOperationTest::testNodeSetOperations
12,org.apache.commons.jxpath.ri.compiler.CoreOperationTest::testEmptyNodeSetOperations
12,org.apache.commons.jxpath.ri.compiler.CoreOperationTest::testNan
12,org.apache.commons.jxpath.ri.compiler.CoreFunctionTest::testCoreFunctions
12,org.apache.commons.jxpath.ri.compiler.CoreFunctionTest::testIDFunction
12,org.apache.commons.jxpath.ri.compiler.CoreFunctionTest::testKeyFunction
12,org.apache.commons.jxpath.ri.compiler.CoreFunctionTest::testExtendedKeyFunction
12,org.apache.commons.jxpath.ri.compiler.CoreFunctionTest::testFormatNumberFunction
12,org.apache.commons.jxpath.ri.compiler.ContextDependencyTest::testContextDependency
12,org.apache.commons.jxpath.ri.compiler.ContextDependencyTest::testContextDependency
12,org.apache.commons.jxpath.ri.axes.SimplePathInterpreterTest::testDoStepNoPredicatesPropertyOwner
12,org.apache.commons.jxpath.ri.axes.SimplePathInterpreterTest::testDoStepNoPredicatesStandard
12,org.apache.commons.jxpath.ri.axes.SimplePathInterpreterTest::testDoStepPredicatesPropertyOwner
12,org.apache.commons.jxpath.ri.axes.SimplePathInterpreterTest::testDoStepPredicatesStandard
12,org.apache.commons.jxpath.ri.axes.SimplePathInterpreterTest::testDoPredicateName
12,org.apache.commons.jxpath.ri.axes.SimplePathInterpreterTest::testDoPredicatesStandard
12,org.apache.commons.jxpath.ri.axes.SimplePathInterpreterTest::testDoPredicateIndex
12,org.apache.commons.jxpath.ri.axes.SimplePathInterpreterTest::testInterpretExpressionPath
12,org.apache.commons.jxpath.ri.axes.RecursiveAxesTest::testInfiniteDescent
12,org.apache.commons.jxpath.ri.StressTest::testThreads
12,org.apache.commons.jxpath.ri.JXPathCompiledExpressionTest::testConstant
12,org.apache.commons.jxpath.ri.JXPathCompiledExpressionTest::testCoreFunction
12,org.apache.commons.jxpath.ri.JXPathCompiledExpressionTest::testCoreOperationAnd
12,org.apache.commons.jxpath.ri.JXPathCompiledExpressionTest::testCoreOperationOr
12,org.apache.commons.jxpath.ri.JXPathCompiledExpressionTest::testCoreOperationEqual
12,org.apache.commons.jxpath.ri.JXPathCompiledExpressionTest::testCoreOperationNameAttributeTest
12,org.apache.commons.jxpath.ri.JXPathCompiledExpressionTest::testCoreOperationNotEqual
12,org.apache.commons.jxpath.ri.JXPathCompiledExpressionTest::testCoreOperationLessThan
12,org.apache.commons.jxpath.ri.JXPathCompiledExpressionTest::testCoreOperationLessThanOrEqual
12,org.apache.commons.jxpath.ri.JXPathCompiledExpressionTest::testCoreOperationGreaterThan
12,org.apache.commons.jxpath.ri.JXPathCompiledExpressionTest::testCoreOperationGreaterThanOrEqual
12,org.apache.commons.jxpath.ri.JXPathCompiledExpressionTest::testCoreOperationDivide
12,org.apache.commons.jxpath.ri.JXPathCompiledExpressionTest::testCoreOperationMod
12,org.apache.commons.jxpath.ri.JXPathCompiledExpressionTest::testCoreOperationMultiply
12,org.apache.commons.jxpath.ri.JXPathCompiledExpressionTest::testCoreOperationMinus
12,org.apache.commons.jxpath.ri.JXPathCompiledExpressionTest::testCoreOperationSum
12,org.apache.commons.jxpath.ri.JXPathCompiledExpressionTest::testCoreOperationUnaryMinus
12,org.apache.commons.jxpath.ri.JXPathCompiledExpressionTest::testCoreOperationUnion
12,org.apache.commons.jxpath.ri.JXPathCompiledExpressionTest::testExpressionPath
12,org.apache.commons.jxpath.ri.JXPathCompiledExpressionTest::testExtensionFunction
12,org.apache.commons.jxpath.ri.JXPathCompiledExpressionTest::testLocationPathAxisSelf
12,org.apache.commons.jxpath.ri.JXPathCompiledExpressionTest::testLocationPathAxisChild
12,org.apache.commons.jxpath.ri.JXPathCompiledExpressionTest::testLocationPathAxisParent
12,org.apache.commons.jxpath.ri.JXPathCompiledExpressionTest::testLocationPathAxisAttribute
12,org.apache.commons.jxpath.ri.JXPathCompiledExpressionTest::testLocationPathAxisDescendant
12,org.apache.commons.jxpath.ri.JXPathCompiledExpressionTest::testLocationPathAxisDescendantOrSelf
12,org.apache.commons.jxpath.ri.JXPathCompiledExpressionTest::testLocationPathAxisOther
12,org.apache.commons.jxpath.ri.JXPathCompiledExpressionTest::testLocationPathNodeTest
12,org.apache.commons.jxpath.ri.JXPathCompiledExpressionTest::testVariableReference
13,org.apache.commons.jxpath.util.BasicTypeConverterTest::testPrimitiveToString
13,org.apache.commons.jxpath.util.BasicTypeConverterTest::testArrayToList
13,org.apache.commons.jxpath.util.BasicTypeConverterTest::testArrayToArray
13,org.apache.commons.jxpath.util.BasicTypeConverterTest::testListToArray
13,org.apache.commons.jxpath.util.BasicTypeConverterTest::testInvalidConversion
13,org.apache.commons.jxpath.util.BasicTypeConverterTest::testSingletonCollectionToString
13,org.apache.commons.jxpath.util.BasicTypeConverterTest::testSingletonArrayToString
13,org.apache.commons.jxpath.util.BasicTypeConverterTest::testPointerToString
13,org.apache.commons.jxpath.util.BasicTypeConverterTest::testNodeSetToString
13,org.apache.commons.jxpath.util.BasicTypeConverterTest::testNodeSetToInteger
13,org.apache.commons.jxpath.util.BasicTypeConverterTest::testBeanUtilsConverter
13,org.apache.commons.jxpath.ri.model.ExternalXMLNamespaceTest::testAttributeDOM
13,org.apache.commons.jxpath.ri.model.ExternalXMLNamespaceTest::testElementDOM
13,org.apache.commons.jxpath.ri.model.ExternalXMLNamespaceTest::testCreateAndSetAttributeDOM
13,org.apache.commons.jxpath.ri.model.jdom.JDOMModelTest::testGetNode
13,org.apache.commons.jxpath.ri.model.jdom.JDOMModelTest::testID
13,org.apache.commons.jxpath.ri.model.dynamic.DynamicPropertiesModelTest::testAxisChild
13,org.apache.commons.jxpath.ri.model.dynamic.DynamicPropertiesModelTest::testAxisDescendant
13,org.apache.commons.jxpath.ri.model.dynamic.DynamicPropertiesModelTest::testAttributeName
13,org.apache.commons.jxpath.ri.model.dynamic.DynamicPropertiesModelTest::testSetPrimitiveValue
13,org.apache.commons.jxpath.ri.model.dynamic.DynamicPropertiesModelTest::testSetCollection
13,org.apache.commons.jxpath.ri.model.dynamic.DynamicPropertiesModelTest::testSetNewKey
13,org.apache.commons.jxpath.ri.model.dynamic.DynamicPropertiesModelTest::testCreatePath
13,org.apache.commons.jxpath.ri.model.dynamic.DynamicPropertiesModelTest::testCreatePathAndSetValue
13,org.apache.commons.jxpath.ri.model.dynamic.DynamicPropertiesModelTest::testCreatePathCreateBean
13,org.apache.commons.jxpath.ri.model.dynamic.DynamicPropertiesModelTest::testCreatePathAndSetValueCreateBean
13,org.apache.commons.jxpath.ri.model.dynamic.DynamicPropertiesModelTest::testCreatePathCollectionElement
13,org.apache.commons.jxpath.ri.model.dynamic.DynamicPropertiesModelTest::testCreatePathAndSetValueCollectionElement
13,org.apache.commons.jxpath.ri.model.dynamic.DynamicPropertiesModelTest::testCreatePathNewCollectionElement
13,org.apache.commons.jxpath.ri.model.dynamic.DynamicPropertiesModelTest::testCreatePathAndSetValueNewCollectionElement
13,org.apache.commons.jxpath.ri.model.dynamic.DynamicPropertiesModelTest::testRemovePath
13,org.apache.commons.jxpath.ri.model.dynamic.DynamicPropertiesModelTest::testRemovePathArrayElement
13,org.apache.commons.jxpath.ri.model.dynamic.DynamicPropertiesModelTest::testCollectionOfMaps
13,org.apache.commons.jxpath.ri.model.dynamic.DynamicPropertiesModelTest::testMapOfMaps
13,org.apache.commons.jxpath.ri.model.dom.DOMModelTest::testGetNode
13,org.apache.commons.jxpath.ri.model.container.ContainerModelTest::testContainerVariableWithCollection
13,org.apache.commons.jxpath.ri.model.container.ContainerModelTest::testContainerPropertyWithCollection
13,org.apache.commons.jxpath.ri.model.container.ContainerModelTest::testContainerMapWithCollection
13,org.apache.commons.jxpath.ri.model.container.ContainerModelTest::testContainerRootWithCollection
13,org.apache.commons.jxpath.ri.model.beans.BeanModelTest::testIndexedProperty
13,org.apache.commons.jxpath.ri.model.beans.BadlyImplementedFactoryTest::testBadFactoryImplementation
13,org.apache.commons.jxpath.ri.model.XMLSpaceTest::testUnspecifiedDOM
13,org.apache.commons.jxpath.ri.model.XMLSpaceTest::testDefaultDOM
13,org.apache.commons.jxpath.ri.model.XMLSpaceTest::testPreserveDOM
13,org.apache.commons.jxpath.ri.model.XMLSpaceTest::testNestedDOM
13,org.apache.commons.jxpath.ri.model.XMLSpaceTest::testNestedWithCommentsDOM
13,org.apache.commons.jxpath.ri.model.XMLSpaceTest::testUnspecifiedJDOM
13,org.apache.commons.jxpath.ri.model.XMLSpaceTest::testDefaultJDOM
13,org.apache.commons.jxpath.ri.model.XMLSpaceTest::testPreserveJDOM
13,org.apache.commons.jxpath.ri.model.XMLSpaceTest::testNestedJDOM
13,org.apache.commons.jxpath.ri.model.XMLSpaceTest::testNestedWithCommentsJDOM
13,org.apache.commons.jxpath.ri.model.XMLPreserveSpaceTest::testUnspecifiedDOM
13,org.apache.commons.jxpath.ri.model.XMLPreserveSpaceTest::testDefaultDOM
13,org.apache.commons.jxpath.ri.model.XMLPreserveSpaceTest::testPreserveDOM
13,org.apache.commons.jxpath.ri.model.XMLPreserveSpaceTest::testNestedDOM
13,org.apache.commons.jxpath.ri.model.XMLPreserveSpaceTest::testNestedWithCommentsDOM
13,org.apache.commons.jxpath.ri.model.XMLPreserveSpaceTest::testUnspecifiedJDOM
13,org.apache.commons.jxpath.ri.model.XMLPreserveSpaceTest::testDefaultJDOM
13,org.apache.commons.jxpath.ri.model.XMLPreserveSpaceTest::testPreserveJDOM
13,org.apache.commons.jxpath.ri.model.XMLPreserveSpaceTest::testNestedJDOM
13,org.apache.commons.jxpath.ri.model.XMLPreserveSpaceTest::testNestedWithCommentsJDOM
13,org.apache.commons.jxpath.ri.model.for::testDocumentOrder
13,org.apache.commons.jxpath.ri.model.for::testSetValue
13,org.apache.commons.jxpath.ri.model.for::testCreatePath
13,org.apache.commons.jxpath.ri.model.for::testCreatePathAndSetValue
13,org.apache.commons.jxpath.ri.model.for::testRemovePath
13,org.apache.commons.jxpath.ri.model.for::testID
13,org.apache.commons.jxpath.ri.model.for::testAxisChild
13,org.apache.commons.jxpath.ri.model.for::testAxisChildIndexPredicate
13,org.apache.commons.jxpath.ri.model.for::testAxisDescendant
13,org.apache.commons.jxpath.ri.model.for::testAxisParent
13,org.apache.commons.jxpath.ri.model.for::testAxisFollowingSibling
13,org.apache.commons.jxpath.ri.model.for::testAxisPrecedingSibling
13,org.apache.commons.jxpath.ri.model.for::testAxisAttribute
13,org.apache.commons.jxpath.ri.model.for::testAxisNamespace
13,org.apache.commons.jxpath.ri.model.for::testAxisAncestor
13,org.apache.commons.jxpath.ri.model.for::testAxisAncestorOrSelf
13,org.apache.commons.jxpath.ri.model.for::testAxisFollowing
13,org.apache.commons.jxpath.ri.model.for::testAxisSelf
13,org.apache.commons.jxpath.ri.model.for::testNodeTypeComment
13,org.apache.commons.jxpath.ri.model.for::testNodeTypeText
13,org.apache.commons.jxpath.ri.model.for::testNodeTypeProcessingInstruction
13,org.apache.commons.jxpath.ri.model.for::testLang
13,org.apache.commons.jxpath.ri.model.for::testDocument
13,org.apache.commons.jxpath.ri.model.for::testContainer
13,org.apache.commons.jxpath.ri.model.for::testElementInVariable
13,org.apache.commons.jxpath.ri.model.for::testTypeConversions
13,org.apache.commons.jxpath.ri.model.for::testBooleanFunction
13,org.apache.commons.jxpath.ri.model.for::testFunctionsLastAndPosition
13,org.apache.commons.jxpath.ri.model.for::testNamespaceMapping
13,org.apache.commons.jxpath.ri.model.MixedModelTest::testVar
13,org.apache.commons.jxpath.ri.model.MixedModelTest::testVarPrimitive
13,org.apache.commons.jxpath.ri.model.MixedModelTest::testVarBean
13,org.apache.commons.jxpath.ri.model.MixedModelTest::testVarMap
13,org.apache.commons.jxpath.ri.model.MixedModelTest::testVarList
13,org.apache.commons.jxpath.ri.model.MixedModelTest::testVarDocument
13,org.apache.commons.jxpath.ri.model.MixedModelTest::testVarElement
13,org.apache.commons.jxpath.ri.model.MixedModelTest::testVarContainer
13,org.apache.commons.jxpath.ri.model.MixedModelTest::testBeanPrimitive
13,org.apache.commons.jxpath.ri.model.MixedModelTest::testBeanBean
13,org.apache.commons.jxpath.ri.model.MixedModelTest::testBeanMap
13,org.apache.commons.jxpath.ri.model.MixedModelTest::testBeanList
13,org.apache.commons.jxpath.ri.model.MixedModelTest::testBeanDocument
13,org.apache.commons.jxpath.ri.model.MixedModelTest::testBeanElement
13,org.apache.commons.jxpath.ri.model.MixedModelTest::testBeanContainer
13,org.apache.commons.jxpath.ri.model.MixedModelTest::testMapPrimitive
13,org.apache.commons.jxpath.ri.model.MixedModelTest::testMapBean
13,org.apache.commons.jxpath.ri.model.MixedModelTest::testMapMap
13,org.apache.commons.jxpath.ri.model.MixedModelTest::testMapList
13,org.apache.commons.jxpath.ri.model.MixedModelTest::testMapDocument
13,org.apache.commons.jxpath.ri.model.MixedModelTest::testMapElement
13,org.apache.commons.jxpath.ri.model.MixedModelTest::testMapContainer
13,org.apache.commons.jxpath.ri.model.MixedModelTest::testListPrimitive
13,org.apache.commons.jxpath.ri.model.MixedModelTest::testListBean
13,org.apache.commons.jxpath.ri.model.MixedModelTest::testListMap
13,org.apache.commons.jxpath.ri.model.MixedModelTest::testListList
13,org.apache.commons.jxpath.ri.model.MixedModelTest::testListDocument
13,org.apache.commons.jxpath.ri.model.MixedModelTest::testListElement
13,org.apache.commons.jxpath.ri.model.MixedModelTest::testListContainer
13,org.apache.commons.jxpath.ri.model.MixedModelTest::testNull
13,org.apache.commons.jxpath.ri.model.MixedModelTest::testRootAsCollection
13,org.apache.commons.jxpath.ri.model.MixedModelTest::testCreatePath
13,org.apache.commons.jxpath.ri.model.MixedModelTest::testIterateArray
13,org.apache.commons.jxpath.ri.model.MixedModelTest::testIteratePointersArray
13,org.apache.commons.jxpath.ri.model.MixedModelTest::testIteratePointersArrayElementWithVariable
13,org.apache.commons.jxpath.ri.model.MixedModelTest::testIterateVector
13,org.apache.commons.jxpath.ri.model.MixedModelTest::testErrorProperty
13,org.apache.commons.jxpath.ri.model.MixedModelTest::testMatrix
13,org.apache.commons.jxpath.ri.model.MixedModelTest::testCreatePathAndSetValueWithMatrix
13,org.apache.commons.jxpath.ri.model.MixedModelTest::testCollectionPointer
13,org.apache.commons.jxpath.ri.model.for::testIndividualIterators
13,org.apache.commons.jxpath.ri.model.for::testMultipleIterators
13,org.apache.commons.jxpath.ri.model.for::testIteratePropertyArrayWithHasNext
13,org.apache.commons.jxpath.ri.model.for::testIteratePropertyArrayWithoutHasNext
13,org.apache.commons.jxpath.ri.model.for::testIterateAndSet
13,org.apache.commons.jxpath.ri.model.for::testIteratePointerSetValue
13,org.apache.commons.jxpath.ri.model.for::testRoot
13,org.apache.commons.jxpath.ri.model.for::testAxisAncestor
13,org.apache.commons.jxpath.ri.model.for::testAxisChild
13,org.apache.commons.jxpath.ri.model.for::testAxisChildNestedBean
13,org.apache.commons.jxpath.ri.model.for::testAxisChildNestedCollection
13,org.apache.commons.jxpath.ri.model.for::testIndexPredicate
13,org.apache.commons.jxpath.ri.model.for::testAxisDescendant
13,org.apache.commons.jxpath.ri.model.for::testAxisDescendantOrSelf
13,org.apache.commons.jxpath.ri.model.for::testAxisFollowing
13,org.apache.commons.jxpath.ri.model.for::testAxisFollowingSibling
13,org.apache.commons.jxpath.ri.model.for::testAxisParent
13,org.apache.commons.jxpath.ri.model.for::testAxisPreceding
13,org.apache.commons.jxpath.ri.model.for::testAxisPrecedingSibling
13,org.apache.commons.jxpath.ri.model.for::testAxisSelf
13,org.apache.commons.jxpath.ri.model.for::testUnion
13,org.apache.commons.jxpath.ri.model.for::testAxisAttribute
13,org.apache.commons.jxpath.ri.model.for::testAttributeName
13,org.apache.commons.jxpath.ri.model.for::testAttributeLang
13,org.apache.commons.jxpath.ri.model.for::testCoreFunctions
13,org.apache.commons.jxpath.ri.model.for::testBooleanPredicate
13,org.apache.commons.jxpath.ri.model.for::testDocumentOrder
13,org.apache.commons.jxpath.ri.model.for::testSetPropertyValue
13,org.apache.commons.jxpath.ri.model.for::testSetCollectionElement
13,org.apache.commons.jxpath.ri.model.for::testSetContextDependentNode
13,org.apache.commons.jxpath.ri.model.for::testSetNonPrimitiveValue
13,org.apache.commons.jxpath.ri.model.for::testCreatePath
13,org.apache.commons.jxpath.ri.model.for::testCreatePathAndSetValue
13,org.apache.commons.jxpath.ri.model.for::testCreatePathExpandNewCollection
13,org.apache.commons.jxpath.ri.model.for::testCreatePathAndSetValueExpandNewCollection
13,org.apache.commons.jxpath.ri.model.for::testCreatePathExpandExistingCollection
13,org.apache.commons.jxpath.ri.model.for::testCreatePathExpandExistingCollectionAndSetProperty
13,org.apache.commons.jxpath.ri.model.for::testCreatePathAndSetValueExpandExistingCollection
13,org.apache.commons.jxpath.ri.model.for::testCreatePathCreateBeanExpandCollection
13,org.apache.commons.jxpath.ri.model.for::testCreatePathAndSetValueCreateBeanExpandCollection
13,org.apache.commons.jxpath.ri.model.for::testRemovePathPropertyValue
13,org.apache.commons.jxpath.ri.model.for::testRemovePathArrayElement
13,org.apache.commons.jxpath.ri.model.for::testRemoveAllArrayElements
13,org.apache.commons.jxpath.ri.model.for::testRemoveAllListElements
13,org.apache.commons.jxpath.ri.model.for::testRemoveAllMapEntries
13,org.apache.commons.jxpath.ri.model.for::testRemovePathBeanValue
13,org.apache.commons.jxpath.ri.model.for::testRelativeContextRelativePath
13,org.apache.commons.jxpath.ri.model.for::testRelativeContextAbsolutePath
13,org.apache.commons.jxpath.ri.model.for::testRelativeContextParent
13,org.apache.commons.jxpath.ri.model.for::testRelativeContextInheritance
13,org.apache.commons.jxpath.ri.compiler.VariableTest::testVariables
13,org.apache.commons.jxpath.ri.compiler.VariableTest::testVariablesInExpressions
13,org.apache.commons.jxpath.ri.compiler.VariableTest::testInvalidVariableName
13,org.apache.commons.jxpath.ri.compiler.VariableTest::testNestedContext
13,org.apache.commons.jxpath.ri.compiler.VariableTest::testSetValue
13,org.apache.commons.jxpath.ri.compiler.VariableTest::testCreatePathDeclareVariable
13,org.apache.commons.jxpath.ri.compiler.VariableTest::testCreatePathAndSetValueDeclareVariable
13,org.apache.commons.jxpath.ri.compiler.VariableTest::testCreatePathDeclareVariableSetCollectionElement
13,org.apache.commons.jxpath.ri.compiler.VariableTest::testCreateAndSetValuePathDeclareVariableSetCollectionElement
13,org.apache.commons.jxpath.ri.compiler.VariableTest::testCreatePathExpandCollection
13,org.apache.commons.jxpath.ri.compiler.VariableTest::testCreatePathAndSetValueExpandCollection
13,org.apache.commons.jxpath.ri.compiler.VariableTest::testCreatePathDeclareVariableSetProperty
13,org.apache.commons.jxpath.ri.compiler.VariableTest::testCreatePathAndSetValueDeclareVariableSetProperty
13,org.apache.commons.jxpath.ri.compiler.VariableTest::testCreatePathDeclareVariableSetCollectionElementProperty
13,org.apache.commons.jxpath.ri.compiler.VariableTest::testCreatePathAndSetValueDeclVarSetCollectionElementProperty
13,org.apache.commons.jxpath.ri.compiler.VariableTest::testRemovePathUndeclareVariable
13,org.apache.commons.jxpath.ri.compiler.VariableTest::testRemovePathArrayElement
13,org.apache.commons.jxpath.ri.compiler.VariableTest::testRemovePathCollectionElement
13,org.apache.commons.jxpath.ri.compiler.VariableTest::testUnionOfVariableAndNode
13,org.apache.commons.jxpath.ri.compiler.VariableTest::testIterateVariable
13,org.apache.commons.jxpath.ri.compiler.ExtensionFunctionTest::testConstructorLookup
13,org.apache.commons.jxpath.ri.compiler.ExtensionFunctionTest::testConstructorLookupWithExpressionContext
13,org.apache.commons.jxpath.ri.compiler.ExtensionFunctionTest::testStaticMethodLookup
13,org.apache.commons.jxpath.ri.compiler.ExtensionFunctionTest::testStaticMethodLookupWithConversion
13,org.apache.commons.jxpath.ri.compiler.ExtensionFunctionTest::testMethodLookup
13,org.apache.commons.jxpath.ri.compiler.ExtensionFunctionTest::testStaticMethodLookupWithExpressionContext
13,org.apache.commons.jxpath.ri.compiler.ExtensionFunctionTest::testMethodLookupWithExpressionContext
13,org.apache.commons.jxpath.ri.compiler.ExtensionFunctionTest::testMethodLookupWithExpressionContextAndArgument
13,org.apache.commons.jxpath.ri.compiler.ExtensionFunctionTest::testAllocation
13,org.apache.commons.jxpath.ri.compiler.ExtensionFunctionTest::testMethodCall
13,org.apache.commons.jxpath.ri.compiler.ExtensionFunctionTest::testCollectionMethodCall
13,org.apache.commons.jxpath.ri.compiler.ExtensionFunctionTest::testStaticMethodCall
13,org.apache.commons.jxpath.ri.compiler.ExtensionFunctionTest::testExpressionContext
13,org.apache.commons.jxpath.ri.compiler.ExtensionFunctionTest::testCollectionReturn
13,org.apache.commons.jxpath.ri.compiler.ExtensionFunctionTest::testNodeSetReturn
13,org.apache.commons.jxpath.ri.compiler.ExtensionFunctionTest::testEstablishNodeSetBaseline
13,org.apache.commons.jxpath.ri.compiler.ExtensionFunctionTest::testBCNodeSetHack
13,org.apache.commons.jxpath.ri.compiler.CoreOperationTest::testInfoSetTypes
13,org.apache.commons.jxpath.ri.compiler.CoreOperationTest::testNodeSetOperations
13,org.apache.commons.jxpath.ri.compiler.CoreOperationTest::testEmptyNodeSetOperations
13,org.apache.commons.jxpath.ri.compiler.CoreOperationTest::testNan
13,org.apache.commons.jxpath.ri.compiler.CoreFunctionTest::testCoreFunctions
13,org.apache.commons.jxpath.ri.compiler.CoreFunctionTest::testIDFunction
13,org.apache.commons.jxpath.ri.compiler.CoreFunctionTest::testKeyFunction
13,org.apache.commons.jxpath.ri.compiler.CoreFunctionTest::testExtendedKeyFunction
13,org.apache.commons.jxpath.ri.compiler.CoreFunctionTest::testFormatNumberFunction
13,org.apache.commons.jxpath.ri.compiler.ContextDependencyTest::testContextDependency
13,org.apache.commons.jxpath.ri.compiler.ContextDependencyTest::testContextDependency
13,org.apache.commons.jxpath.ri.axes.SimplePathInterpreterTest::testDoStepNoPredicatesPropertyOwner
13,org.apache.commons.jxpath.ri.axes.SimplePathInterpreterTest::testDoStepNoPredicatesStandard
13,org.apache.commons.jxpath.ri.axes.SimplePathInterpreterTest::testDoStepPredicatesPropertyOwner
13,org.apache.commons.jxpath.ri.axes.SimplePathInterpreterTest::testDoStepPredicatesStandard
13,org.apache.commons.jxpath.ri.axes.SimplePathInterpreterTest::testDoPredicateName
13,org.apache.commons.jxpath.ri.axes.SimplePathInterpreterTest::testDoPredicatesStandard
13,org.apache.commons.jxpath.ri.axes.SimplePathInterpreterTest::testDoPredicateIndex
13,org.apache.commons.jxpath.ri.axes.SimplePathInterpreterTest::testInterpretExpressionPath
13,org.apache.commons.jxpath.ri.axes.RecursiveAxesTest::testInfiniteDescent
13,org.apache.commons.jxpath.ri.StressTest::testThreads
13,org.apache.commons.jxpath.ri.JXPathCompiledExpressionTest::testConstant
13,org.apache.commons.jxpath.ri.JXPathCompiledExpressionTest::testCoreFunction
13,org.apache.commons.jxpath.ri.JXPathCompiledExpressionTest::testCoreOperationAnd
13,org.apache.commons.jxpath.ri.JXPathCompiledExpressionTest::testCoreOperationOr
13,org.apache.commons.jxpath.ri.JXPathCompiledExpressionTest::testCoreOperationEqual
13,org.apache.commons.jxpath.ri.JXPathCompiledExpressionTest::testCoreOperationNameAttributeTest
13,org.apache.commons.jxpath.ri.JXPathCompiledExpressionTest::testCoreOperationNotEqual
13,org.apache.commons.jxpath.ri.JXPathCompiledExpressionTest::testCoreOperationLessThan
13,org.apache.commons.jxpath.ri.JXPathCompiledExpressionTest::testCoreOperationLessThanOrEqual
13,org.apache.commons.jxpath.ri.JXPathCompiledExpressionTest::testCoreOperationGreaterThan
13,org.apache.commons.jxpath.ri.JXPathCompiledExpressionTest::testCoreOperationGreaterThanOrEqual
13,org.apache.commons.jxpath.ri.JXPathCompiledExpressionTest::testCoreOperationDivide
13,org.apache.commons.jxpath.ri.JXPathCompiledExpressionTest::testCoreOperationMod
13,org.apache.commons.jxpath.ri.JXPathCompiledExpressionTest::testCoreOperationMultiply
13,org.apache.commons.jxpath.ri.JXPathCompiledExpressionTest::testCoreOperationMinus
13,org.apache.commons.jxpath.ri.JXPathCompiledExpressionTest::testCoreOperationSum
13,org.apache.commons.jxpath.ri.JXPathCompiledExpressionTest::testCoreOperationUnaryMinus
13,org.apache.commons.jxpath.ri.JXPathCompiledExpressionTest::testCoreOperationUnion
13,org.apache.commons.jxpath.ri.JXPathCompiledExpressionTest::testExpressionPath
13,org.apache.commons.jxpath.ri.JXPathCompiledExpressionTest::testExtensionFunction
13,org.apache.commons.jxpath.ri.JXPathCompiledExpressionTest::testLocationPathAxisSelf
13,org.apache.commons.jxpath.ri.JXPathCompiledExpressionTest::testLocationPathAxisChild
13,org.apache.commons.jxpath.ri.JXPathCompiledExpressionTest::testLocationPathAxisParent
13,org.apache.commons.jxpath.ri.JXPathCompiledExpressionTest::testLocationPathAxisAttribute
13,org.apache.commons.jxpath.ri.JXPathCompiledExpressionTest::testLocationPathAxisDescendant
13,org.apache.commons.jxpath.ri.JXPathCompiledExpressionTest::testLocationPathAxisDescendantOrSelf
13,org.apache.commons.jxpath.ri.JXPathCompiledExpressionTest::testLocationPathAxisOther
13,org.apache.commons.jxpath.ri.JXPathCompiledExpressionTest::testLocationPathNodeTest
13,org.apache.commons.jxpath.ri.JXPathCompiledExpressionTest::testVariableReference
14,org.apache.commons.jxpath.util.BasicTypeConverterTest::testPrimitiveToString
14,org.apache.commons.jxpath.util.BasicTypeConverterTest::testArrayToList
14,org.apache.commons.jxpath.util.BasicTypeConverterTest::testArrayToArray
14,org.apache.commons.jxpath.util.BasicTypeConverterTest::testListToArray
14,org.apache.commons.jxpath.util.BasicTypeConverterTest::testInvalidConversion
14,org.apache.commons.jxpath.util.BasicTypeConverterTest::testSingletonCollectionToString
14,org.apache.commons.jxpath.util.BasicTypeConverterTest::testSingletonArrayToString
14,org.apache.commons.jxpath.util.BasicTypeConverterTest::testPointerToString
14,org.apache.commons.jxpath.util.BasicTypeConverterTest::testNodeSetToString
14,org.apache.commons.jxpath.util.BasicTypeConverterTest::testNodeSetToInteger
14,org.apache.commons.jxpath.util.BasicTypeConverterTest::testBeanUtilsConverter
14,org.apache.commons.jxpath.ri.model.jdom.JDOMModelTest::testGetNode
14,org.apache.commons.jxpath.ri.model.jdom.JDOMModelTest::testID
14,org.apache.commons.jxpath.ri.model.dynamic.DynamicPropertiesModelTest::testAxisChild
14,org.apache.commons.jxpath.ri.model.dynamic.DynamicPropertiesModelTest::testAxisDescendant
14,org.apache.commons.jxpath.ri.model.dynamic.DynamicPropertiesModelTest::testAttributeName
14,org.apache.commons.jxpath.ri.model.dynamic.DynamicPropertiesModelTest::testSetPrimitiveValue
14,org.apache.commons.jxpath.ri.model.dynamic.DynamicPropertiesModelTest::testSetCollection
14,org.apache.commons.jxpath.ri.model.dynamic.DynamicPropertiesModelTest::testSetNewKey
14,org.apache.commons.jxpath.ri.model.dynamic.DynamicPropertiesModelTest::testCreatePath
14,org.apache.commons.jxpath.ri.model.dynamic.DynamicPropertiesModelTest::testCreatePathAndSetValue
14,org.apache.commons.jxpath.ri.model.dynamic.DynamicPropertiesModelTest::testCreatePathCreateBean
14,org.apache.commons.jxpath.ri.model.dynamic.DynamicPropertiesModelTest::testCreatePathAndSetValueCreateBean
14,org.apache.commons.jxpath.ri.model.dynamic.DynamicPropertiesModelTest::testCreatePathCollectionElement
14,org.apache.commons.jxpath.ri.model.dynamic.DynamicPropertiesModelTest::testCreatePathAndSetValueCollectionElement
14,org.apache.commons.jxpath.ri.model.dynamic.DynamicPropertiesModelTest::testCreatePathNewCollectionElement
14,org.apache.commons.jxpath.ri.model.dynamic.DynamicPropertiesModelTest::testCreatePathAndSetValueNewCollectionElement
14,org.apache.commons.jxpath.ri.model.dynamic.DynamicPropertiesModelTest::testRemovePath
14,org.apache.commons.jxpath.ri.model.dynamic.DynamicPropertiesModelTest::testRemovePathArrayElement
14,org.apache.commons.jxpath.ri.model.dynamic.DynamicPropertiesModelTest::testCollectionOfMaps
14,org.apache.commons.jxpath.ri.model.dynamic.DynamicPropertiesModelTest::testMapOfMaps
14,org.apache.commons.jxpath.ri.model.dom.DOMModelTest::testGetNode
14,org.apache.commons.jxpath.ri.model.container.ContainerModelTest::testContainerVariableWithCollection
14,org.apache.commons.jxpath.ri.model.container.ContainerModelTest::testContainerPropertyWithCollection
14,org.apache.commons.jxpath.ri.model.container.ContainerModelTest::testContainerMapWithCollection
14,org.apache.commons.jxpath.ri.model.container.ContainerModelTest::testContainerRootWithCollection
14,org.apache.commons.jxpath.ri.model.beans.BeanModelTest::testIndexedProperty
14,org.apache.commons.jxpath.ri.model.beans.BadlyImplementedFactoryTest::testBadFactoryImplementation
14,org.apache.commons.jxpath.ri.model.XMLSpaceTest::testUnspecifiedDOM
14,org.apache.commons.jxpath.ri.model.XMLSpaceTest::testDefaultDOM
14,org.apache.commons.jxpath.ri.model.XMLSpaceTest::testPreserveDOM
14,org.apache.commons.jxpath.ri.model.XMLSpaceTest::testNestedDOM
14,org.apache.commons.jxpath.ri.model.XMLSpaceTest::testNestedWithCommentsDOM
14,org.apache.commons.jxpath.ri.model.XMLSpaceTest::testUnspecifiedJDOM
14,org.apache.commons.jxpath.ri.model.XMLSpaceTest::testDefaultJDOM
14,org.apache.commons.jxpath.ri.model.XMLSpaceTest::testPreserveJDOM
14,org.apache.commons.jxpath.ri.model.XMLSpaceTest::testNestedJDOM
14,org.apache.commons.jxpath.ri.model.XMLSpaceTest::testNestedWithCommentsJDOM
14,org.apache.commons.jxpath.ri.model.XMLPreserveSpaceTest::testUnspecifiedDOM
14,org.apache.commons.jxpath.ri.model.XMLPreserveSpaceTest::testDefaultDOM
14,org.apache.commons.jxpath.ri.model.XMLPreserveSpaceTest::testPreserveDOM
14,org.apache.commons.jxpath.ri.model.XMLPreserveSpaceTest::testNestedDOM
14,org.apache.commons.jxpath.ri.model.XMLPreserveSpaceTest::testNestedWithCommentsDOM
14,org.apache.commons.jxpath.ri.model.XMLPreserveSpaceTest::testUnspecifiedJDOM
14,org.apache.commons.jxpath.ri.model.XMLPreserveSpaceTest::testDefaultJDOM
14,org.apache.commons.jxpath.ri.model.XMLPreserveSpaceTest::testPreserveJDOM
14,org.apache.commons.jxpath.ri.model.XMLPreserveSpaceTest::testNestedJDOM
14,org.apache.commons.jxpath.ri.model.XMLPreserveSpaceTest::testNestedWithCommentsJDOM
14,org.apache.commons.jxpath.ri.model.for::testDocumentOrder
14,org.apache.commons.jxpath.ri.model.for::testSetValue
14,org.apache.commons.jxpath.ri.model.for::testCreatePath
14,org.apache.commons.jxpath.ri.model.for::testCreatePathAndSetValue
14,org.apache.commons.jxpath.ri.model.for::testRemovePath
14,org.apache.commons.jxpath.ri.model.for::testID
14,org.apache.commons.jxpath.ri.model.for::testAxisChild
14,org.apache.commons.jxpath.ri.model.for::testAxisChildIndexPredicate
14,org.apache.commons.jxpath.ri.model.for::testAxisDescendant
14,org.apache.commons.jxpath.ri.model.for::testAxisParent
14,org.apache.commons.jxpath.ri.model.for::testAxisFollowingSibling
14,org.apache.commons.jxpath.ri.model.for::testAxisPrecedingSibling
14,org.apache.commons.jxpath.ri.model.for::testAxisAttribute
14,org.apache.commons.jxpath.ri.model.for::testAxisNamespace
14,org.apache.commons.jxpath.ri.model.for::testAxisAncestor
14,org.apache.commons.jxpath.ri.model.for::testAxisAncestorOrSelf
14,org.apache.commons.jxpath.ri.model.for::testAxisFollowing
14,org.apache.commons.jxpath.ri.model.for::testAxisSelf
14,org.apache.commons.jxpath.ri.model.for::testNodeTypeComment
14,org.apache.commons.jxpath.ri.model.for::testNodeTypeText
14,org.apache.commons.jxpath.ri.model.for::testNodeTypeProcessingInstruction
14,org.apache.commons.jxpath.ri.model.for::testLang
14,org.apache.commons.jxpath.ri.model.for::testDocument
14,org.apache.commons.jxpath.ri.model.for::testContainer
14,org.apache.commons.jxpath.ri.model.for::testElementInVariable
14,org.apache.commons.jxpath.ri.model.for::testTypeConversions
14,org.apache.commons.jxpath.ri.model.for::testBooleanFunction
14,org.apache.commons.jxpath.ri.model.for::testFunctionsLastAndPosition
14,org.apache.commons.jxpath.ri.model.for::testNamespaceMapping
14,org.apache.commons.jxpath.ri.model.MixedModelTest::testVar
14,org.apache.commons.jxpath.ri.model.MixedModelTest::testVarPrimitive
14,org.apache.commons.jxpath.ri.model.MixedModelTest::testVarBean
14,org.apache.commons.jxpath.ri.model.MixedModelTest::testVarMap
14,org.apache.commons.jxpath.ri.model.MixedModelTest::testVarList
14,org.apache.commons.jxpath.ri.model.MixedModelTest::testVarDocument
14,org.apache.commons.jxpath.ri.model.MixedModelTest::testVarElement
14,org.apache.commons.jxpath.ri.model.MixedModelTest::testVarContainer
14,org.apache.commons.jxpath.ri.model.MixedModelTest::testBeanPrimitive
14,org.apache.commons.jxpath.ri.model.MixedModelTest::testBeanBean
14,org.apache.commons.jxpath.ri.model.MixedModelTest::testBeanMap
14,org.apache.commons.jxpath.ri.model.MixedModelTest::testBeanList
14,org.apache.commons.jxpath.ri.model.MixedModelTest::testBeanDocument
14,org.apache.commons.jxpath.ri.model.MixedModelTest::testBeanElement
14,org.apache.commons.jxpath.ri.model.MixedModelTest::testBeanContainer
14,org.apache.commons.jxpath.ri.model.MixedModelTest::testMapPrimitive
14,org.apache.commons.jxpath.ri.model.MixedModelTest::testMapBean
14,org.apache.commons.jxpath.ri.model.MixedModelTest::testMapMap
14,org.apache.commons.jxpath.ri.model.MixedModelTest::testMapList
14,org.apache.commons.jxpath.ri.model.MixedModelTest::testMapDocument
14,org.apache.commons.jxpath.ri.model.MixedModelTest::testMapElement
14,org.apache.commons.jxpath.ri.model.MixedModelTest::testMapContainer
14,org.apache.commons.jxpath.ri.model.MixedModelTest::testListPrimitive
14,org.apache.commons.jxpath.ri.model.MixedModelTest::testListBean
14,org.apache.commons.jxpath.ri.model.MixedModelTest::testListMap
14,org.apache.commons.jxpath.ri.model.MixedModelTest::testListList
14,org.apache.commons.jxpath.ri.model.MixedModelTest::testListDocument
14,org.apache.commons.jxpath.ri.model.MixedModelTest::testListElement
14,org.apache.commons.jxpath.ri.model.MixedModelTest::testListContainer
14,org.apache.commons.jxpath.ri.model.MixedModelTest::testNull
14,org.apache.commons.jxpath.ri.model.MixedModelTest::testRootAsCollection
14,org.apache.commons.jxpath.ri.model.MixedModelTest::testCreatePath
14,org.apache.commons.jxpath.ri.model.MixedModelTest::testIterateArray
14,org.apache.commons.jxpath.ri.model.MixedModelTest::testIteratePointersArray
14,org.apache.commons.jxpath.ri.model.MixedModelTest::testIteratePointersArrayElementWithVariable
14,org.apache.commons.jxpath.ri.model.MixedModelTest::testIterateVector
14,org.apache.commons.jxpath.ri.model.MixedModelTest::testErrorProperty
14,org.apache.commons.jxpath.ri.model.MixedModelTest::testMatrix
14,org.apache.commons.jxpath.ri.model.MixedModelTest::testCreatePathAndSetValueWithMatrix
14,org.apache.commons.jxpath.ri.model.MixedModelTest::testCollectionPointer
14,org.apache.commons.jxpath.ri.model.ExternalXMLNamespaceTest::testAttributeDOM
14,org.apache.commons.jxpath.ri.model.ExternalXMLNamespaceTest::testElementDOM
14,org.apache.commons.jxpath.ri.model.ExternalXMLNamespaceTest::testCreateAndSetAttributeDOM
14,org.apache.commons.jxpath.ri.model.EmptyCollectionTest::testEmptyList
14,org.apache.commons.jxpath.ri.model.EmptyCollectionTest::testEmptyArray
14,org.apache.commons.jxpath.ri.model.EmptyCollectionTest::testEmptySet
14,org.apache.commons.jxpath.ri.model.EmptyCollectionTest::testEmptyChildList
14,org.apache.commons.jxpath.ri.model.EmptyCollectionTest::testEmptyChildArray
14,org.apache.commons.jxpath.ri.model.EmptyCollectionTest::testEmptyChildSet
14,org.apache.commons.jxpath.ri.model.for::testIndividualIterators
14,org.apache.commons.jxpath.ri.model.for::testMultipleIterators
14,org.apache.commons.jxpath.ri.model.for::testIteratePropertyArrayWithHasNext
14,org.apache.commons.jxpath.ri.model.for::testIteratePropertyArrayWithoutHasNext
14,org.apache.commons.jxpath.ri.model.for::testIterateAndSet
14,org.apache.commons.jxpath.ri.model.for::testIteratePointerSetValue
14,org.apache.commons.jxpath.ri.model.for::testRoot
14,org.apache.commons.jxpath.ri.model.for::testAxisAncestor
14,org.apache.commons.jxpath.ri.model.for::testAxisChild
14,org.apache.commons.jxpath.ri.model.for::testAxisChildNestedBean
14,org.apache.commons.jxpath.ri.model.for::testAxisChildNestedCollection
14,org.apache.commons.jxpath.ri.model.for::testIndexPredicate
14,org.apache.commons.jxpath.ri.model.for::testAxisDescendant
14,org.apache.commons.jxpath.ri.model.for::testAxisDescendantOrSelf
14,org.apache.commons.jxpath.ri.model.for::testAxisFollowing
14,org.apache.commons.jxpath.ri.model.for::testAxisFollowingSibling
14,org.apache.commons.jxpath.ri.model.for::testAxisParent
14,org.apache.commons.jxpath.ri.model.for::testAxisPreceding
14,org.apache.commons.jxpath.ri.model.for::testAxisPrecedingSibling
14,org.apache.commons.jxpath.ri.model.for::testAxisSelf
14,org.apache.commons.jxpath.ri.model.for::testUnion
14,org.apache.commons.jxpath.ri.model.for::testAxisAttribute
14,org.apache.commons.jxpath.ri.model.for::testAttributeName
14,org.apache.commons.jxpath.ri.model.for::testAttributeLang
14,org.apache.commons.jxpath.ri.model.for::testCoreFunctions
14,org.apache.commons.jxpath.ri.model.for::testBooleanPredicate
14,org.apache.commons.jxpath.ri.model.for::testDocumentOrder
14,org.apache.commons.jxpath.ri.model.for::testSetPropertyValue
14,org.apache.commons.jxpath.ri.model.for::testSetCollectionElement
14,org.apache.commons.jxpath.ri.model.for::testSetContextDependentNode
14,org.apache.commons.jxpath.ri.model.for::testSetNonPrimitiveValue
14,org.apache.commons.jxpath.ri.model.for::testCreatePath
14,org.apache.commons.jxpath.ri.model.for::testCreatePathAndSetValue
14,org.apache.commons.jxpath.ri.model.for::testCreatePathExpandNewCollection
14,org.apache.commons.jxpath.ri.model.for::testCreatePathAndSetValueExpandNewCollection
14,org.apache.commons.jxpath.ri.model.for::testCreatePathExpandExistingCollection
14,org.apache.commons.jxpath.ri.model.for::testCreatePathExpandExistingCollectionAndSetProperty
14,org.apache.commons.jxpath.ri.model.for::testCreatePathAndSetValueExpandExistingCollection
14,org.apache.commons.jxpath.ri.model.for::testCreatePathCreateBeanExpandCollection
14,org.apache.commons.jxpath.ri.model.for::testCreatePathAndSetValueCreateBeanExpandCollection
14,org.apache.commons.jxpath.ri.model.for::testRemovePathPropertyValue
14,org.apache.commons.jxpath.ri.model.for::testRemovePathArrayElement
14,org.apache.commons.jxpath.ri.model.for::testRemoveAllArrayElements
14,org.apache.commons.jxpath.ri.model.for::testRemoveAllListElements
14,org.apache.commons.jxpath.ri.model.for::testRemoveAllMapEntries
14,org.apache.commons.jxpath.ri.model.for::testRemovePathBeanValue
14,org.apache.commons.jxpath.ri.model.for::testRelativeContextRelativePath
14,org.apache.commons.jxpath.ri.model.for::testRelativeContextAbsolutePath
14,org.apache.commons.jxpath.ri.model.for::testRelativeContextParent
14,org.apache.commons.jxpath.ri.model.for::testRelativeContextInheritance
14,org.apache.commons.jxpath.ri.compiler.CoreFunctionTest::testCoreFunctions
14,org.apache.commons.jxpath.ri.compiler.CoreFunctionTest::testIDFunction
14,org.apache.commons.jxpath.ri.compiler.CoreFunctionTest::testKeyFunction
14,org.apache.commons.jxpath.ri.compiler.CoreFunctionTest::testExtendedKeyFunction
14,org.apache.commons.jxpath.ri.compiler.CoreFunctionTest::testFormatNumberFunction
14,org.apache.commons.jxpath.ri.compiler.VariableTest::testVariables
14,org.apache.commons.jxpath.ri.compiler.VariableTest::testVariablesInExpressions
14,org.apache.commons.jxpath.ri.compiler.VariableTest::testInvalidVariableName
14,org.apache.commons.jxpath.ri.compiler.VariableTest::testNestedContext
14,org.apache.commons.jxpath.ri.compiler.VariableTest::testSetValue
14,org.apache.commons.jxpath.ri.compiler.VariableTest::testCreatePathDeclareVariable
14,org.apache.commons.jxpath.ri.compiler.VariableTest::testCreatePathAndSetValueDeclareVariable
14,org.apache.commons.jxpath.ri.compiler.VariableTest::testCreatePathDeclareVariableSetCollectionElement
14,org.apache.commons.jxpath.ri.compiler.VariableTest::testCreateAndSetValuePathDeclareVariableSetCollectionElement
14,org.apache.commons.jxpath.ri.compiler.VariableTest::testCreatePathExpandCollection
14,org.apache.commons.jxpath.ri.compiler.VariableTest::testCreatePathAndSetValueExpandCollection
14,org.apache.commons.jxpath.ri.compiler.VariableTest::testCreatePathDeclareVariableSetProperty
14,org.apache.commons.jxpath.ri.compiler.VariableTest::testCreatePathAndSetValueDeclareVariableSetProperty
14,org.apache.commons.jxpath.ri.compiler.VariableTest::testCreatePathDeclareVariableSetCollectionElementProperty
14,org.apache.commons.jxpath.ri.compiler.VariableTest::testCreatePathAndSetValueDeclVarSetCollectionElementProperty
14,org.apache.commons.jxpath.ri.compiler.VariableTest::testRemovePathUndeclareVariable
14,org.apache.commons.jxpath.ri.compiler.VariableTest::testRemovePathArrayElement
14,org.apache.commons.jxpath.ri.compiler.VariableTest::testRemovePathCollectionElement
14,org.apache.commons.jxpath.ri.compiler.VariableTest::testUnionOfVariableAndNode
14,org.apache.commons.jxpath.ri.compiler.VariableTest::testIterateVariable
14,org.apache.commons.jxpath.ri.compiler.ExtensionFunctionTest::testConstructorLookup
14,org.apache.commons.jxpath.ri.compiler.ExtensionFunctionTest::testConstructorLookupWithExpressionContext
14,org.apache.commons.jxpath.ri.compiler.ExtensionFunctionTest::testStaticMethodLookup
14,org.apache.commons.jxpath.ri.compiler.ExtensionFunctionTest::testStaticMethodLookupWithConversion
14,org.apache.commons.jxpath.ri.compiler.ExtensionFunctionTest::testMethodLookup
14,org.apache.commons.jxpath.ri.compiler.ExtensionFunctionTest::testStaticMethodLookupWithExpressionContext
14,org.apache.commons.jxpath.ri.compiler.ExtensionFunctionTest::testMethodLookupWithExpressionContext
14,org.apache.commons.jxpath.ri.compiler.ExtensionFunctionTest::testMethodLookupWithExpressionContextAndArgument
14,org.apache.commons.jxpath.ri.compiler.ExtensionFunctionTest::testAllocation
14,org.apache.commons.jxpath.ri.compiler.ExtensionFunctionTest::testMethodCall
14,org.apache.commons.jxpath.ri.compiler.ExtensionFunctionTest::testCollectionMethodCall
14,org.apache.commons.jxpath.ri.compiler.ExtensionFunctionTest::testStaticMethodCall
14,org.apache.commons.jxpath.ri.compiler.ExtensionFunctionTest::testExpressionContext
14,org.apache.commons.jxpath.ri.compiler.ExtensionFunctionTest::testCollectionReturn
14,org.apache.commons.jxpath.ri.compiler.ExtensionFunctionTest::testNodeSetReturn
14,org.apache.commons.jxpath.ri.compiler.ExtensionFunctionTest::testEstablishNodeSetBaseline
14,org.apache.commons.jxpath.ri.compiler.ExtensionFunctionTest::testBCNodeSetHack
14,org.apache.commons.jxpath.ri.compiler.CoreOperationTest::testInfoSetTypes
14,org.apache.commons.jxpath.ri.compiler.CoreOperationTest::testNodeSetOperations
14,org.apache.commons.jxpath.ri.compiler.CoreOperationTest::testEmptyNodeSetOperations
14,org.apache.commons.jxpath.ri.compiler.CoreOperationTest::testNan
14,org.apache.commons.jxpath.ri.compiler.ContextDependencyTest::testContextDependency
14,org.apache.commons.jxpath.ri.compiler.ContextDependencyTest::testContextDependency
14,org.apache.commons.jxpath.ri.axes.SimplePathInterpreterTest::testDoStepNoPredicatesPropertyOwner
14,org.apache.commons.jxpath.ri.axes.SimplePathInterpreterTest::testDoStepNoPredicatesStandard
14,org.apache.commons.jxpath.ri.axes.SimplePathInterpreterTest::testDoStepPredicatesPropertyOwner
14,org.apache.commons.jxpath.ri.axes.SimplePathInterpreterTest::testDoStepPredicatesStandard
14,org.apache.commons.jxpath.ri.axes.SimplePathInterpreterTest::testDoPredicateName
14,org.apache.commons.jxpath.ri.axes.SimplePathInterpreterTest::testDoPredicatesStandard
14,org.apache.commons.jxpath.ri.axes.SimplePathInterpreterTest::testDoPredicateIndex
14,org.apache.commons.jxpath.ri.axes.SimplePathInterpreterTest::testInterpretExpressionPath
14,org.apache.commons.jxpath.ri.axes.RecursiveAxesTest::testInfiniteDescent
14,org.apache.commons.jxpath.ri.StressTest::testThreads
14,org.apache.commons.jxpath.ri.JXPathCompiledExpressionTest::testConstant
14,org.apache.commons.jxpath.ri.JXPathCompiledExpressionTest::testCoreFunction
14,org.apache.commons.jxpath.ri.JXPathCompiledExpressionTest::testCoreOperationAnd
14,org.apache.commons.jxpath.ri.JXPathCompiledExpressionTest::testCoreOperationOr
14,org.apache.commons.jxpath.ri.JXPathCompiledExpressionTest::testCoreOperationEqual
14,org.apache.commons.jxpath.ri.JXPathCompiledExpressionTest::testCoreOperationNameAttributeTest
14,org.apache.commons.jxpath.ri.JXPathCompiledExpressionTest::testCoreOperationNotEqual
14,org.apache.commons.jxpath.ri.JXPathCompiledExpressionTest::testCoreOperationLessThan
14,org.apache.commons.jxpath.ri.JXPathCompiledExpressionTest::testCoreOperationLessThanOrEqual
14,org.apache.commons.jxpath.ri.JXPathCompiledExpressionTest::testCoreOperationGreaterThan
14,org.apache.commons.jxpath.ri.JXPathCompiledExpressionTest::testCoreOperationGreaterThanOrEqual
14,org.apache.commons.jxpath.ri.JXPathCompiledExpressionTest::testCoreOperationDivide
14,org.apache.commons.jxpath.ri.JXPathCompiledExpressionTest::testCoreOperationMod
14,org.apache.commons.jxpath.ri.JXPathCompiledExpressionTest::testCoreOperationMultiply
14,org.apache.commons.jxpath.ri.JXPathCompiledExpressionTest::testCoreOperationMinus
14,org.apache.commons.jxpath.ri.JXPathCompiledExpressionTest::testCoreOperationSum
14,org.apache.commons.jxpath.ri.JXPathCompiledExpressionTest::testCoreOperationUnaryMinus
14,org.apache.commons.jxpath.ri.JXPathCompiledExpressionTest::testCoreOperationUnion
14,org.apache.commons.jxpath.ri.JXPathCompiledExpressionTest::testExpressionPath
14,org.apache.commons.jxpath.ri.JXPathCompiledExpressionTest::testExtensionFunction
14,org.apache.commons.jxpath.ri.JXPathCompiledExpressionTest::testLocationPathAxisSelf
14,org.apache.commons.jxpath.ri.JXPathCompiledExpressionTest::testLocationPathAxisChild
14,org.apache.commons.jxpath.ri.JXPathCompiledExpressionTest::testLocationPathAxisParent
14,org.apache.commons.jxpath.ri.JXPathCompiledExpressionTest::testLocationPathAxisAttribute
14,org.apache.commons.jxpath.ri.JXPathCompiledExpressionTest::testLocationPathAxisDescendant
14,org.apache.commons.jxpath.ri.JXPathCompiledExpressionTest::testLocationPathAxisDescendantOrSelf
14,org.apache.commons.jxpath.ri.JXPathCompiledExpressionTest::testLocationPathAxisOther
14,org.apache.commons.jxpath.ri.JXPathCompiledExpressionTest::testLocationPathNodeTest
14,org.apache.commons.jxpath.ri.JXPathCompiledExpressionTest::testVariableReference
15,org.apache.commons.jxpath.util.BasicTypeConverterTest::testPrimitiveToString
15,org.apache.commons.jxpath.util.BasicTypeConverterTest::testArrayToList
15,org.apache.commons.jxpath.util.BasicTypeConverterTest::testArrayToArray
15,org.apache.commons.jxpath.util.BasicTypeConverterTest::testListToArray
15,org.apache.commons.jxpath.util.BasicTypeConverterTest::testInvalidConversion
15,org.apache.commons.jxpath.util.BasicTypeConverterTest::testSingletonCollectionToString
15,org.apache.commons.jxpath.util.BasicTypeConverterTest::testSingletonArrayToString
15,org.apache.commons.jxpath.util.BasicTypeConverterTest::testPointerToString
15,org.apache.commons.jxpath.util.BasicTypeConverterTest::testNodeSetToString
15,org.apache.commons.jxpath.util.BasicTypeConverterTest::testNodeSetToInteger
15,org.apache.commons.jxpath.util.BasicTypeConverterTest::testBeanUtilsConverter
15,org.apache.commons.jxpath.ri.model.for::testDocumentOrder
15,org.apache.commons.jxpath.ri.model.for::testSetValue
15,org.apache.commons.jxpath.ri.model.for::testCreatePath
15,org.apache.commons.jxpath.ri.model.for::testCreatePathAndSetValue
15,org.apache.commons.jxpath.ri.model.for::testRemovePath
15,org.apache.commons.jxpath.ri.model.for::testID
15,org.apache.commons.jxpath.ri.model.for::testAxisChild
15,org.apache.commons.jxpath.ri.model.for::testAxisChildIndexPredicate
15,org.apache.commons.jxpath.ri.model.for::testAxisDescendant
15,org.apache.commons.jxpath.ri.model.for::testAxisParent
15,org.apache.commons.jxpath.ri.model.for::testAxisFollowingSibling
15,org.apache.commons.jxpath.ri.model.for::testAxisPrecedingSibling
15,org.apache.commons.jxpath.ri.model.for::testAxisAttribute
15,org.apache.commons.jxpath.ri.model.for::testAxisNamespace
15,org.apache.commons.jxpath.ri.model.for::testAxisAncestor
15,org.apache.commons.jxpath.ri.model.for::testAxisAncestorOrSelf
15,org.apache.commons.jxpath.ri.model.for::testAxisFollowing
15,org.apache.commons.jxpath.ri.model.for::testAxisSelf
15,org.apache.commons.jxpath.ri.model.for::testNodeTypeComment
15,org.apache.commons.jxpath.ri.model.for::testNodeTypeText
15,org.apache.commons.jxpath.ri.model.for::testNodeTypeProcessingInstruction
15,org.apache.commons.jxpath.ri.model.for::testLang
15,org.apache.commons.jxpath.ri.model.for::testDocument
15,org.apache.commons.jxpath.ri.model.for::testContainer
15,org.apache.commons.jxpath.ri.model.for::testElementInVariable
15,org.apache.commons.jxpath.ri.model.for::testTypeConversions
15,org.apache.commons.jxpath.ri.model.for::testBooleanFunction
15,org.apache.commons.jxpath.ri.model.for::testFunctionsLastAndPosition
15,org.apache.commons.jxpath.ri.model.for::testNamespaceMapping
15,org.apache.commons.jxpath.ri.model.for::testUnion
15,org.apache.commons.jxpath.ri.model.jdom.JDOMModelTest::testGetNode
15,org.apache.commons.jxpath.ri.model.jdom.JDOMModelTest::testID
15,org.apache.commons.jxpath.ri.model.dynamic.DynamicPropertiesModelTest::testAxisChild
15,org.apache.commons.jxpath.ri.model.dynamic.DynamicPropertiesModelTest::testAxisDescendant
15,org.apache.commons.jxpath.ri.model.dynamic.DynamicPropertiesModelTest::testAttributeName
15,org.apache.commons.jxpath.ri.model.dynamic.DynamicPropertiesModelTest::testSetPrimitiveValue
15,org.apache.commons.jxpath.ri.model.dynamic.DynamicPropertiesModelTest::testSetCollection
15,org.apache.commons.jxpath.ri.model.dynamic.DynamicPropertiesModelTest::testSetNewKey
15,org.apache.commons.jxpath.ri.model.dynamic.DynamicPropertiesModelTest::testCreatePath
15,org.apache.commons.jxpath.ri.model.dynamic.DynamicPropertiesModelTest::testCreatePathAndSetValue
15,org.apache.commons.jxpath.ri.model.dynamic.DynamicPropertiesModelTest::testCreatePathCreateBean
15,org.apache.commons.jxpath.ri.model.dynamic.DynamicPropertiesModelTest::testCreatePathAndSetValueCreateBean
15,org.apache.commons.jxpath.ri.model.dynamic.DynamicPropertiesModelTest::testCreatePathCollectionElement
15,org.apache.commons.jxpath.ri.model.dynamic.DynamicPropertiesModelTest::testCreatePathAndSetValueCollectionElement
15,org.apache.commons.jxpath.ri.model.dynamic.DynamicPropertiesModelTest::testCreatePathNewCollectionElement
15,org.apache.commons.jxpath.ri.model.dynamic.DynamicPropertiesModelTest::testCreatePathAndSetValueNewCollectionElement
15,org.apache.commons.jxpath.ri.model.dynamic.DynamicPropertiesModelTest::testRemovePath
15,org.apache.commons.jxpath.ri.model.dynamic.DynamicPropertiesModelTest::testRemovePathArrayElement
15,org.apache.commons.jxpath.ri.model.dynamic.DynamicPropertiesModelTest::testCollectionOfMaps
15,org.apache.commons.jxpath.ri.model.dynamic.DynamicPropertiesModelTest::testMapOfMaps
15,org.apache.commons.jxpath.ri.model.dom.DOMModelTest::testGetNode
15,org.apache.commons.jxpath.ri.model.container.ContainerModelTest::testContainerVariableWithCollection
15,org.apache.commons.jxpath.ri.model.container.ContainerModelTest::testContainerPropertyWithCollection
15,org.apache.commons.jxpath.ri.model.container.ContainerModelTest::testContainerMapWithCollection
15,org.apache.commons.jxpath.ri.model.container.ContainerModelTest::testContainerRootWithCollection
15,org.apache.commons.jxpath.ri.model.beans.BeanModelTest::testIndexedProperty
15,org.apache.commons.jxpath.ri.model.beans.BadlyImplementedFactoryTest::testBadFactoryImplementation
15,org.apache.commons.jxpath.ri.model.XMLSpaceTest::testUnspecifiedDOM
15,org.apache.commons.jxpath.ri.model.XMLSpaceTest::testDefaultDOM
15,org.apache.commons.jxpath.ri.model.XMLSpaceTest::testPreserveDOM
15,org.apache.commons.jxpath.ri.model.XMLSpaceTest::testNestedDOM
15,org.apache.commons.jxpath.ri.model.XMLSpaceTest::testNestedWithCommentsDOM
15,org.apache.commons.jxpath.ri.model.XMLSpaceTest::testUnspecifiedJDOM
15,org.apache.commons.jxpath.ri.model.XMLSpaceTest::testDefaultJDOM
15,org.apache.commons.jxpath.ri.model.XMLSpaceTest::testPreserveJDOM
15,org.apache.commons.jxpath.ri.model.XMLSpaceTest::testNestedJDOM
15,org.apache.commons.jxpath.ri.model.XMLSpaceTest::testNestedWithCommentsJDOM
15,org.apache.commons.jxpath.ri.model.XMLPreserveSpaceTest::testUnspecifiedDOM
15,org.apache.commons.jxpath.ri.model.XMLPreserveSpaceTest::testDefaultDOM
15,org.apache.commons.jxpath.ri.model.XMLPreserveSpaceTest::testPreserveDOM
15,org.apache.commons.jxpath.ri.model.XMLPreserveSpaceTest::testNestedDOM
15,org.apache.commons.jxpath.ri.model.XMLPreserveSpaceTest::testNestedWithCommentsDOM
15,org.apache.commons.jxpath.ri.model.XMLPreserveSpaceTest::testUnspecifiedJDOM
15,org.apache.commons.jxpath.ri.model.XMLPreserveSpaceTest::testDefaultJDOM
15,org.apache.commons.jxpath.ri.model.XMLPreserveSpaceTest::testPreserveJDOM
15,org.apache.commons.jxpath.ri.model.XMLPreserveSpaceTest::testNestedJDOM
15,org.apache.commons.jxpath.ri.model.XMLPreserveSpaceTest::testNestedWithCommentsJDOM
15,org.apache.commons.jxpath.ri.model.MixedModelTest::testVar
15,org.apache.commons.jxpath.ri.model.MixedModelTest::testVarPrimitive
15,org.apache.commons.jxpath.ri.model.MixedModelTest::testVarBean
15,org.apache.commons.jxpath.ri.model.MixedModelTest::testVarMap
15,org.apache.commons.jxpath.ri.model.MixedModelTest::testVarList
15,org.apache.commons.jxpath.ri.model.MixedModelTest::testVarDocument
15,org.apache.commons.jxpath.ri.model.MixedModelTest::testVarElement
15,org.apache.commons.jxpath.ri.model.MixedModelTest::testVarContainer
15,org.apache.commons.jxpath.ri.model.MixedModelTest::testBeanPrimitive
15,org.apache.commons.jxpath.ri.model.MixedModelTest::testBeanBean
15,org.apache.commons.jxpath.ri.model.MixedModelTest::testBeanMap
15,org.apache.commons.jxpath.ri.model.MixedModelTest::testBeanList
15,org.apache.commons.jxpath.ri.model.MixedModelTest::testBeanDocument
15,org.apache.commons.jxpath.ri.model.MixedModelTest::testBeanElement
15,org.apache.commons.jxpath.ri.model.MixedModelTest::testBeanContainer
15,org.apache.commons.jxpath.ri.model.MixedModelTest::testMapPrimitive
15,org.apache.commons.jxpath.ri.model.MixedModelTest::testMapBean
15,org.apache.commons.jxpath.ri.model.MixedModelTest::testMapMap
15,org.apache.commons.jxpath.ri.model.MixedModelTest::testMapList
15,org.apache.commons.jxpath.ri.model.MixedModelTest::testMapDocument
15,org.apache.commons.jxpath.ri.model.MixedModelTest::testMapElement
15,org.apache.commons.jxpath.ri.model.MixedModelTest::testMapContainer
15,org.apache.commons.jxpath.ri.model.MixedModelTest::testListPrimitive
15,org.apache.commons.jxpath.ri.model.MixedModelTest::testListBean
15,org.apache.commons.jxpath.ri.model.MixedModelTest::testListMap
15,org.apache.commons.jxpath.ri.model.MixedModelTest::testListList
15,org.apache.commons.jxpath.ri.model.MixedModelTest::testListDocument
15,org.apache.commons.jxpath.ri.model.MixedModelTest::testListElement
15,org.apache.commons.jxpath.ri.model.MixedModelTest::testListContainer
15,org.apache.commons.jxpath.ri.model.MixedModelTest::testNull
15,org.apache.commons.jxpath.ri.model.MixedModelTest::testRootAsCollection
15,org.apache.commons.jxpath.ri.model.MixedModelTest::testCreatePath
15,org.apache.commons.jxpath.ri.model.MixedModelTest::testIterateArray
15,org.apache.commons.jxpath.ri.model.MixedModelTest::testIteratePointersArray
15,org.apache.commons.jxpath.ri.model.MixedModelTest::testIteratePointersArrayElementWithVariable
15,org.apache.commons.jxpath.ri.model.MixedModelTest::testIterateVector
15,org.apache.commons.jxpath.ri.model.MixedModelTest::testErrorProperty
15,org.apache.commons.jxpath.ri.model.MixedModelTest::testMatrix
15,org.apache.commons.jxpath.ri.model.MixedModelTest::testCreatePathAndSetValueWithMatrix
15,org.apache.commons.jxpath.ri.model.MixedModelTest::testCollectionPointer
15,org.apache.commons.jxpath.ri.model.ExternalXMLNamespaceTest::testAttributeDOM
15,org.apache.commons.jxpath.ri.model.ExternalXMLNamespaceTest::testElementDOM
15,org.apache.commons.jxpath.ri.model.ExternalXMLNamespaceTest::testCreateAndSetAttributeDOM
15,org.apache.commons.jxpath.ri.model.EmptyCollectionTest::testEmptyList
15,org.apache.commons.jxpath.ri.model.EmptyCollectionTest::testEmptyArray
15,org.apache.commons.jxpath.ri.model.EmptyCollectionTest::testEmptySet
15,org.apache.commons.jxpath.ri.model.EmptyCollectionTest::testEmptyChildList
15,org.apache.commons.jxpath.ri.model.EmptyCollectionTest::testEmptyChildArray
15,org.apache.commons.jxpath.ri.model.EmptyCollectionTest::testEmptyChildSet
15,org.apache.commons.jxpath.ri.model.for::testIndividualIterators
15,org.apache.commons.jxpath.ri.model.for::testMultipleIterators
15,org.apache.commons.jxpath.ri.model.for::testIteratePropertyArrayWithHasNext
15,org.apache.commons.jxpath.ri.model.for::testIteratePropertyArrayWithoutHasNext
15,org.apache.commons.jxpath.ri.model.for::testIterateAndSet
15,org.apache.commons.jxpath.ri.model.for::testIteratePointerSetValue
15,org.apache.commons.jxpath.ri.model.for::testRoot
15,org.apache.commons.jxpath.ri.model.for::testAxisAncestor
15,org.apache.commons.jxpath.ri.model.for::testAxisChild
15,org.apache.commons.jxpath.ri.model.for::testAxisChildNestedBean
15,org.apache.commons.jxpath.ri.model.for::testAxisChildNestedCollection
15,org.apache.commons.jxpath.ri.model.for::testIndexPredicate
15,org.apache.commons.jxpath.ri.model.for::testAxisDescendant
15,org.apache.commons.jxpath.ri.model.for::testAxisDescendantOrSelf
15,org.apache.commons.jxpath.ri.model.for::testAxisFollowing
15,org.apache.commons.jxpath.ri.model.for::testAxisFollowingSibling
15,org.apache.commons.jxpath.ri.model.for::testAxisParent
15,org.apache.commons.jxpath.ri.model.for::testAxisPreceding
15,org.apache.commons.jxpath.ri.model.for::testAxisPrecedingSibling
15,org.apache.commons.jxpath.ri.model.for::testAxisSelf
15,org.apache.commons.jxpath.ri.model.for::testUnion
15,org.apache.commons.jxpath.ri.model.for::testAxisAttribute
15,org.apache.commons.jxpath.ri.model.for::testAttributeName
15,org.apache.commons.jxpath.ri.model.for::testAttributeLang
15,org.apache.commons.jxpath.ri.model.for::testCoreFunctions
15,org.apache.commons.jxpath.ri.model.for::testBooleanPredicate
15,org.apache.commons.jxpath.ri.model.for::testDocumentOrder
15,org.apache.commons.jxpath.ri.model.for::testSetPropertyValue
15,org.apache.commons.jxpath.ri.model.for::testSetCollectionElement
15,org.apache.commons.jxpath.ri.model.for::testSetContextDependentNode
15,org.apache.commons.jxpath.ri.model.for::testSetNonPrimitiveValue
15,org.apache.commons.jxpath.ri.model.for::testCreatePath
15,org.apache.commons.jxpath.ri.model.for::testCreatePathAndSetValue
15,org.apache.commons.jxpath.ri.model.for::testCreatePathExpandNewCollection
15,org.apache.commons.jxpath.ri.model.for::testCreatePathAndSetValueExpandNewCollection
15,org.apache.commons.jxpath.ri.model.for::testCreatePathExpandExistingCollection
15,org.apache.commons.jxpath.ri.model.for::testCreatePathExpandExistingCollectionAndSetProperty
15,org.apache.commons.jxpath.ri.model.for::testCreatePathAndSetValueExpandExistingCollection
15,org.apache.commons.jxpath.ri.model.for::testCreatePathCreateBeanExpandCollection
15,org.apache.commons.jxpath.ri.model.for::testCreatePathAndSetValueCreateBeanExpandCollection
15,org.apache.commons.jxpath.ri.model.for::testRemovePathPropertyValue
15,org.apache.commons.jxpath.ri.model.for::testRemovePathArrayElement
15,org.apache.commons.jxpath.ri.model.for::testRemoveAllArrayElements
15,org.apache.commons.jxpath.ri.model.for::testRemoveAllListElements
15,org.apache.commons.jxpath.ri.model.for::testRemoveAllMapEntries
15,org.apache.commons.jxpath.ri.model.for::testRemovePathBeanValue
15,org.apache.commons.jxpath.ri.model.for::testRelativeContextRelativePath
15,org.apache.commons.jxpath.ri.model.for::testRelativeContextAbsolutePath
15,org.apache.commons.jxpath.ri.model.for::testRelativeContextParent
15,org.apache.commons.jxpath.ri.model.for::testRelativeContextInheritance
15,org.apache.commons.jxpath.ri.compiler.VariableTest::testVariables
15,org.apache.commons.jxpath.ri.compiler.VariableTest::testVariablesInExpressions
15,org.apache.commons.jxpath.ri.compiler.VariableTest::testInvalidVariableName
15,org.apache.commons.jxpath.ri.compiler.VariableTest::testNestedContext
15,org.apache.commons.jxpath.ri.compiler.VariableTest::testSetValue
15,org.apache.commons.jxpath.ri.compiler.VariableTest::testCreatePathDeclareVariable
15,org.apache.commons.jxpath.ri.compiler.VariableTest::testCreatePathAndSetValueDeclareVariable
15,org.apache.commons.jxpath.ri.compiler.VariableTest::testCreatePathDeclareVariableSetCollectionElement
15,org.apache.commons.jxpath.ri.compiler.VariableTest::testCreateAndSetValuePathDeclareVariableSetCollectionElement
15,org.apache.commons.jxpath.ri.compiler.VariableTest::testCreatePathExpandCollection
15,org.apache.commons.jxpath.ri.compiler.VariableTest::testCreatePathAndSetValueExpandCollection
15,org.apache.commons.jxpath.ri.compiler.VariableTest::testCreatePathDeclareVariableSetProperty
15,org.apache.commons.jxpath.ri.compiler.VariableTest::testCreatePathAndSetValueDeclareVariableSetProperty
15,org.apache.commons.jxpath.ri.compiler.VariableTest::testCreatePathDeclareVariableSetCollectionElementProperty
15,org.apache.commons.jxpath.ri.compiler.VariableTest::testCreatePathAndSetValueDeclVarSetCollectionElementProperty
15,org.apache.commons.jxpath.ri.compiler.VariableTest::testRemovePathUndeclareVariable
15,org.apache.commons.jxpath.ri.compiler.VariableTest::testRemovePathArrayElement
15,org.apache.commons.jxpath.ri.compiler.VariableTest::testRemovePathCollectionElement
15,org.apache.commons.jxpath.ri.compiler.VariableTest::testUnionOfVariableAndNode
15,org.apache.commons.jxpath.ri.compiler.VariableTest::testIterateVariable
15,org.apache.commons.jxpath.ri.compiler.ExtensionFunctionTest::testConstructorLookup
15,org.apache.commons.jxpath.ri.compiler.ExtensionFunctionTest::testConstructorLookupWithExpressionContext
15,org.apache.commons.jxpath.ri.compiler.ExtensionFunctionTest::testStaticMethodLookup
15,org.apache.commons.jxpath.ri.compiler.ExtensionFunctionTest::testStaticMethodLookupWithConversion
15,org.apache.commons.jxpath.ri.compiler.ExtensionFunctionTest::testMethodLookup
15,org.apache.commons.jxpath.ri.compiler.ExtensionFunctionTest::testStaticMethodLookupWithExpressionContext
15,org.apache.commons.jxpath.ri.compiler.ExtensionFunctionTest::testMethodLookupWithExpressionContext
15,org.apache.commons.jxpath.ri.compiler.ExtensionFunctionTest::testMethodLookupWithExpressionContextAndArgument
15,org.apache.commons.jxpath.ri.compiler.ExtensionFunctionTest::testAllocation
15,org.apache.commons.jxpath.ri.compiler.ExtensionFunctionTest::testMethodCall
15,org.apache.commons.jxpath.ri.compiler.ExtensionFunctionTest::testCollectionMethodCall
15,org.apache.commons.jxpath.ri.compiler.ExtensionFunctionTest::testStaticMethodCall
15,org.apache.commons.jxpath.ri.compiler.ExtensionFunctionTest::testExpressionContext
15,org.apache.commons.jxpath.ri.compiler.ExtensionFunctionTest::testCollectionReturn
15,org.apache.commons.jxpath.ri.compiler.ExtensionFunctionTest::testNodeSetReturn
15,org.apache.commons.jxpath.ri.compiler.ExtensionFunctionTest::testEstablishNodeSetBaseline
15,org.apache.commons.jxpath.ri.compiler.ExtensionFunctionTest::testBCNodeSetHack
15,org.apache.commons.jxpath.ri.compiler.CoreOperationTest::testInfoSetTypes
15,org.apache.commons.jxpath.ri.compiler.CoreOperationTest::testNodeSetOperations
15,org.apache.commons.jxpath.ri.compiler.CoreOperationTest::testEmptyNodeSetOperations
15,org.apache.commons.jxpath.ri.compiler.CoreOperationTest::testNan
15,org.apache.commons.jxpath.ri.compiler.CoreFunctionTest::testCoreFunctions
15,org.apache.commons.jxpath.ri.compiler.CoreFunctionTest::testIDFunction
15,org.apache.commons.jxpath.ri.compiler.CoreFunctionTest::testKeyFunction
15,org.apache.commons.jxpath.ri.compiler.CoreFunctionTest::testExtendedKeyFunction
15,org.apache.commons.jxpath.ri.compiler.CoreFunctionTest::testFormatNumberFunction
15,org.apache.commons.jxpath.ri.compiler.ContextDependencyTest::testContextDependency
15,org.apache.commons.jxpath.ri.compiler.ContextDependencyTest::testContextDependency
15,org.apache.commons.jxpath.ri.axes.SimplePathInterpreterTest::testDoStepNoPredicatesPropertyOwner
15,org.apache.commons.jxpath.ri.axes.SimplePathInterpreterTest::testDoStepNoPredicatesStandard
15,org.apache.commons.jxpath.ri.axes.SimplePathInterpreterTest::testDoStepPredicatesPropertyOwner
15,org.apache.commons.jxpath.ri.axes.SimplePathInterpreterTest::testDoStepPredicatesStandard
15,org.apache.commons.jxpath.ri.axes.SimplePathInterpreterTest::testDoPredicateName
15,org.apache.commons.jxpath.ri.axes.SimplePathInterpreterTest::testDoPredicatesStandard
15,org.apache.commons.jxpath.ri.axes.SimplePathInterpreterTest::testDoPredicateIndex
15,org.apache.commons.jxpath.ri.axes.SimplePathInterpreterTest::testInterpretExpressionPath
15,org.apache.commons.jxpath.ri.axes.RecursiveAxesTest::testInfiniteDescent
15,org.apache.commons.jxpath.ri.StressTest::testThreads
15,org.apache.commons.jxpath.ri.JXPathCompiledExpressionTest::testConstant
15,org.apache.commons.jxpath.ri.JXPathCompiledExpressionTest::testCoreFunction
15,org.apache.commons.jxpath.ri.JXPathCompiledExpressionTest::testCoreOperationAnd
15,org.apache.commons.jxpath.ri.JXPathCompiledExpressionTest::testCoreOperationOr
15,org.apache.commons.jxpath.ri.JXPathCompiledExpressionTest::testCoreOperationEqual
15,org.apache.commons.jxpath.ri.JXPathCompiledExpressionTest::testCoreOperationNameAttributeTest
15,org.apache.commons.jxpath.ri.JXPathCompiledExpressionTest::testCoreOperationNotEqual
15,org.apache.commons.jxpath.ri.JXPathCompiledExpressionTest::testCoreOperationLessThan
15,org.apache.commons.jxpath.ri.JXPathCompiledExpressionTest::testCoreOperationLessThanOrEqual
15,org.apache.commons.jxpath.ri.JXPathCompiledExpressionTest::testCoreOperationGreaterThan
15,org.apache.commons.jxpath.ri.JXPathCompiledExpressionTest::testCoreOperationGreaterThanOrEqual
15,org.apache.commons.jxpath.ri.JXPathCompiledExpressionTest::testCoreOperationDivide
15,org.apache.commons.jxpath.ri.JXPathCompiledExpressionTest::testCoreOperationMod
15,org.apache.commons.jxpath.ri.JXPathCompiledExpressionTest::testCoreOperationMultiply
15,org.apache.commons.jxpath.ri.JXPathCompiledExpressionTest::testCoreOperationMinus
15,org.apache.commons.jxpath.ri.JXPathCompiledExpressionTest::testCoreOperationSum
15,org.apache.commons.jxpath.ri.JXPathCompiledExpressionTest::testCoreOperationUnaryMinus
15,org.apache.commons.jxpath.ri.JXPathCompiledExpressionTest::testCoreOperationUnion
15,org.apache.commons.jxpath.ri.JXPathCompiledExpressionTest::testExpressionPath
15,org.apache.commons.jxpath.ri.JXPathCompiledExpressionTest::testExtensionFunction
15,org.apache.commons.jxpath.ri.JXPathCompiledExpressionTest::testLocationPathAxisSelf
15,org.apache.commons.jxpath.ri.JXPathCompiledExpressionTest::testLocationPathAxisChild
15,org.apache.commons.jxpath.ri.JXPathCompiledExpressionTest::testLocationPathAxisParent
15,org.apache.commons.jxpath.ri.JXPathCompiledExpressionTest::testLocationPathAxisAttribute
15,org.apache.commons.jxpath.ri.JXPathCompiledExpressionTest::testLocationPathAxisDescendant
15,org.apache.commons.jxpath.ri.JXPathCompiledExpressionTest::testLocationPathAxisDescendantOrSelf
15,org.apache.commons.jxpath.ri.JXPathCompiledExpressionTest::testLocationPathAxisOther
15,org.apache.commons.jxpath.ri.JXPathCompiledExpressionTest::testLocationPathNodeTest
15,org.apache.commons.jxpath.ri.JXPathCompiledExpressionTest::testVariableReference
16,org.apache.commons.jxpath.util.BasicTypeConverterTest::testPrimitiveToString
16,org.apache.commons.jxpath.util.BasicTypeConverterTest::testArrayToList
16,org.apache.commons.jxpath.util.BasicTypeConverterTest::testArrayToArray
16,org.apache.commons.jxpath.util.BasicTypeConverterTest::testListToArray
16,org.apache.commons.jxpath.util.BasicTypeConverterTest::testInvalidConversion
16,org.apache.commons.jxpath.util.BasicTypeConverterTest::testSingletonCollectionToString
16,org.apache.commons.jxpath.util.BasicTypeConverterTest::testSingletonArrayToString
16,org.apache.commons.jxpath.util.BasicTypeConverterTest::testPointerToString
16,org.apache.commons.jxpath.util.BasicTypeConverterTest::testNodeSetToString
16,org.apache.commons.jxpath.util.BasicTypeConverterTest::testNodeSetToInteger
16,org.apache.commons.jxpath.util.BasicTypeConverterTest::testBeanUtilsConverter
16,org.apache.commons.jxpath.ri.model.for::testDocumentOrder
16,org.apache.commons.jxpath.ri.model.for::testSetValue
16,org.apache.commons.jxpath.ri.model.for::testCreatePath
16,org.apache.commons.jxpath.ri.model.for::testCreatePathAndSetValue
16,org.apache.commons.jxpath.ri.model.for::testRemovePath
16,org.apache.commons.jxpath.ri.model.for::testID
16,org.apache.commons.jxpath.ri.model.for::testAxisChild
16,org.apache.commons.jxpath.ri.model.for::testAxisChildIndexPredicate
16,org.apache.commons.jxpath.ri.model.for::testAxisDescendant
16,org.apache.commons.jxpath.ri.model.for::testAxisParent
16,org.apache.commons.jxpath.ri.model.for::testAxisFollowingSibling
16,org.apache.commons.jxpath.ri.model.for::testAxisPrecedingSibling
16,org.apache.commons.jxpath.ri.model.for::testAxisPreceding
16,org.apache.commons.jxpath.ri.model.for::testAxisAttribute
16,org.apache.commons.jxpath.ri.model.for::testAxisNamespace
16,org.apache.commons.jxpath.ri.model.for::testAxisAncestor
16,org.apache.commons.jxpath.ri.model.for::testAxisAncestorOrSelf
16,org.apache.commons.jxpath.ri.model.for::testAxisFollowing
16,org.apache.commons.jxpath.ri.model.for::testAxisSelf
16,org.apache.commons.jxpath.ri.model.for::testNodeTypeComment
16,org.apache.commons.jxpath.ri.model.for::testNodeTypeText
16,org.apache.commons.jxpath.ri.model.for::testNodeTypeProcessingInstruction
16,org.apache.commons.jxpath.ri.model.for::testLang
16,org.apache.commons.jxpath.ri.model.for::testDocument
16,org.apache.commons.jxpath.ri.model.for::testContainer
16,org.apache.commons.jxpath.ri.model.for::testElementInVariable
16,org.apache.commons.jxpath.ri.model.for::testTypeConversions
16,org.apache.commons.jxpath.ri.model.for::testBooleanFunction
16,org.apache.commons.jxpath.ri.model.for::testFunctionsLastAndPosition
16,org.apache.commons.jxpath.ri.model.for::testNamespaceMapping
16,org.apache.commons.jxpath.ri.model.for::testUnion
16,org.apache.commons.jxpath.ri.model.for::testNodes
16,org.apache.commons.jxpath.ri.model.jdom.JDOMModelTest::testGetNode
16,org.apache.commons.jxpath.ri.model.jdom.JDOMModelTest::testID
16,org.apache.commons.jxpath.ri.model.dynamic.DynamicPropertiesModelTest::testAxisChild
16,org.apache.commons.jxpath.ri.model.dynamic.DynamicPropertiesModelTest::testAxisDescendant
16,org.apache.commons.jxpath.ri.model.dynamic.DynamicPropertiesModelTest::testAttributeName
16,org.apache.commons.jxpath.ri.model.dynamic.DynamicPropertiesModelTest::testSetPrimitiveValue
16,org.apache.commons.jxpath.ri.model.dynamic.DynamicPropertiesModelTest::testSetCollection
16,org.apache.commons.jxpath.ri.model.dynamic.DynamicPropertiesModelTest::testSetNewKey
16,org.apache.commons.jxpath.ri.model.dynamic.DynamicPropertiesModelTest::testCreatePath
16,org.apache.commons.jxpath.ri.model.dynamic.DynamicPropertiesModelTest::testCreatePathAndSetValue
16,org.apache.commons.jxpath.ri.model.dynamic.DynamicPropertiesModelTest::testCreatePathCreateBean
16,org.apache.commons.jxpath.ri.model.dynamic.DynamicPropertiesModelTest::testCreatePathAndSetValueCreateBean
16,org.apache.commons.jxpath.ri.model.dynamic.DynamicPropertiesModelTest::testCreatePathCollectionElement
16,org.apache.commons.jxpath.ri.model.dynamic.DynamicPropertiesModelTest::testCreatePathAndSetValueCollectionElement
16,org.apache.commons.jxpath.ri.model.dynamic.DynamicPropertiesModelTest::testCreatePathNewCollectionElement
16,org.apache.commons.jxpath.ri.model.dynamic.DynamicPropertiesModelTest::testCreatePathAndSetValueNewCollectionElement
16,org.apache.commons.jxpath.ri.model.dynamic.DynamicPropertiesModelTest::testRemovePath
16,org.apache.commons.jxpath.ri.model.dynamic.DynamicPropertiesModelTest::testRemovePathArrayElement
16,org.apache.commons.jxpath.ri.model.dynamic.DynamicPropertiesModelTest::testCollectionOfMaps
16,org.apache.commons.jxpath.ri.model.dynamic.DynamicPropertiesModelTest::testMapOfMaps
16,org.apache.commons.jxpath.ri.model.dom.DOMModelTest::testGetNode
16,org.apache.commons.jxpath.ri.model.container.ContainerModelTest::testContainerVariableWithCollection
16,org.apache.commons.jxpath.ri.model.container.ContainerModelTest::testContainerPropertyWithCollection
16,org.apache.commons.jxpath.ri.model.container.ContainerModelTest::testContainerMapWithCollection
16,org.apache.commons.jxpath.ri.model.container.ContainerModelTest::testContainerRootWithCollection
16,org.apache.commons.jxpath.ri.model.beans.BeanModelTest::testIndexedProperty
16,org.apache.commons.jxpath.ri.model.beans.BadlyImplementedFactoryTest::testBadFactoryImplementation
16,org.apache.commons.jxpath.ri.model.XMLSpaceTest::testUnspecifiedDOM
16,org.apache.commons.jxpath.ri.model.XMLSpaceTest::testDefaultDOM
16,org.apache.commons.jxpath.ri.model.XMLSpaceTest::testPreserveDOM
16,org.apache.commons.jxpath.ri.model.XMLSpaceTest::testNestedDOM
16,org.apache.commons.jxpath.ri.model.XMLSpaceTest::testNestedWithCommentsDOM
16,org.apache.commons.jxpath.ri.model.XMLSpaceTest::testUnspecifiedJDOM
16,org.apache.commons.jxpath.ri.model.XMLSpaceTest::testDefaultJDOM
16,org.apache.commons.jxpath.ri.model.XMLSpaceTest::testPreserveJDOM
16,org.apache.commons.jxpath.ri.model.XMLSpaceTest::testNestedJDOM
16,org.apache.commons.jxpath.ri.model.XMLSpaceTest::testNestedWithCommentsJDOM
16,org.apache.commons.jxpath.ri.model.XMLPreserveSpaceTest::testUnspecifiedDOM
16,org.apache.commons.jxpath.ri.model.XMLPreserveSpaceTest::testDefaultDOM
16,org.apache.commons.jxpath.ri.model.XMLPreserveSpaceTest::testPreserveDOM
16,org.apache.commons.jxpath.ri.model.XMLPreserveSpaceTest::testNestedDOM
16,org.apache.commons.jxpath.ri.model.XMLPreserveSpaceTest::testNestedWithCommentsDOM
16,org.apache.commons.jxpath.ri.model.XMLPreserveSpaceTest::testUnspecifiedJDOM
16,org.apache.commons.jxpath.ri.model.XMLPreserveSpaceTest::testDefaultJDOM
16,org.apache.commons.jxpath.ri.model.XMLPreserveSpaceTest::testPreserveJDOM
16,org.apache.commons.jxpath.ri.model.XMLPreserveSpaceTest::testNestedJDOM
16,org.apache.commons.jxpath.ri.model.XMLPreserveSpaceTest::testNestedWithCommentsJDOM
16,org.apache.commons.jxpath.ri.model.MixedModelTest::testVar
16,org.apache.commons.jxpath.ri.model.MixedModelTest::testVarPrimitive
16,org.apache.commons.jxpath.ri.model.MixedModelTest::testVarBean
16,org.apache.commons.jxpath.ri.model.MixedModelTest::testVarMap
16,org.apache.commons.jxpath.ri.model.MixedModelTest::testVarList
16,org.apache.commons.jxpath.ri.model.MixedModelTest::testVarDocument
16,org.apache.commons.jxpath.ri.model.MixedModelTest::testVarElement
16,org.apache.commons.jxpath.ri.model.MixedModelTest::testVarContainer
16,org.apache.commons.jxpath.ri.model.MixedModelTest::testBeanPrimitive
16,org.apache.commons.jxpath.ri.model.MixedModelTest::testBeanBean
16,org.apache.commons.jxpath.ri.model.MixedModelTest::testBeanMap
16,org.apache.commons.jxpath.ri.model.MixedModelTest::testBeanList
16,org.apache.commons.jxpath.ri.model.MixedModelTest::testBeanDocument
16,org.apache.commons.jxpath.ri.model.MixedModelTest::testBeanElement
16,org.apache.commons.jxpath.ri.model.MixedModelTest::testBeanContainer
16,org.apache.commons.jxpath.ri.model.MixedModelTest::testMapPrimitive
16,org.apache.commons.jxpath.ri.model.MixedModelTest::testMapBean
16,org.apache.commons.jxpath.ri.model.MixedModelTest::testMapMap
16,org.apache.commons.jxpath.ri.model.MixedModelTest::testMapList
16,org.apache.commons.jxpath.ri.model.MixedModelTest::testMapDocument
16,org.apache.commons.jxpath.ri.model.MixedModelTest::testMapElement
16,org.apache.commons.jxpath.ri.model.MixedModelTest::testMapContainer
16,org.apache.commons.jxpath.ri.model.MixedModelTest::testListPrimitive
16,org.apache.commons.jxpath.ri.model.MixedModelTest::testListBean
16,org.apache.commons.jxpath.ri.model.MixedModelTest::testListMap
16,org.apache.commons.jxpath.ri.model.MixedModelTest::testListList
16,org.apache.commons.jxpath.ri.model.MixedModelTest::testListDocument
16,org.apache.commons.jxpath.ri.model.MixedModelTest::testListElement
16,org.apache.commons.jxpath.ri.model.MixedModelTest::testListContainer
16,org.apache.commons.jxpath.ri.model.MixedModelTest::testNull
16,org.apache.commons.jxpath.ri.model.MixedModelTest::testRootAsCollection
16,org.apache.commons.jxpath.ri.model.MixedModelTest::testCreatePath
16,org.apache.commons.jxpath.ri.model.MixedModelTest::testIterateArray
16,org.apache.commons.jxpath.ri.model.MixedModelTest::testIteratePointersArray
16,org.apache.commons.jxpath.ri.model.MixedModelTest::testIteratePointersArrayElementWithVariable
16,org.apache.commons.jxpath.ri.model.MixedModelTest::testIterateVector
16,org.apache.commons.jxpath.ri.model.MixedModelTest::testErrorProperty
16,org.apache.commons.jxpath.ri.model.MixedModelTest::testMatrix
16,org.apache.commons.jxpath.ri.model.MixedModelTest::testCreatePathAndSetValueWithMatrix
16,org.apache.commons.jxpath.ri.model.MixedModelTest::testCollectionPointer
16,org.apache.commons.jxpath.ri.model.ExternalXMLNamespaceTest::testAttributeDOM
16,org.apache.commons.jxpath.ri.model.ExternalXMLNamespaceTest::testElementDOM
16,org.apache.commons.jxpath.ri.model.ExternalXMLNamespaceTest::testCreateAndSetAttributeDOM
16,org.apache.commons.jxpath.ri.model.EmptyCollectionTest::testEmptyList
16,org.apache.commons.jxpath.ri.model.EmptyCollectionTest::testEmptyArray
16,org.apache.commons.jxpath.ri.model.EmptyCollectionTest::testEmptySet
16,org.apache.commons.jxpath.ri.model.EmptyCollectionTest::testEmptyChildList
16,org.apache.commons.jxpath.ri.model.EmptyCollectionTest::testEmptyChildArray
16,org.apache.commons.jxpath.ri.model.EmptyCollectionTest::testEmptyChildSet
16,org.apache.commons.jxpath.ri.model.EmbeddedColonMapKeysTest::testSelectNodes
16,org.apache.commons.jxpath.ri.model.EmbeddedColonMapKeysTest::testSelectSingleNode
16,org.apache.commons.jxpath.ri.model.for::testIndividualIterators
16,org.apache.commons.jxpath.ri.model.for::testMultipleIterators
16,org.apache.commons.jxpath.ri.model.for::testIteratePropertyArrayWithHasNext
16,org.apache.commons.jxpath.ri.model.for::testIteratePropertyArrayWithoutHasNext
16,org.apache.commons.jxpath.ri.model.for::testIterateAndSet
16,org.apache.commons.jxpath.ri.model.for::testIteratePointerSetValue
16,org.apache.commons.jxpath.ri.model.for::testRoot
16,org.apache.commons.jxpath.ri.model.for::testAxisAncestor
16,org.apache.commons.jxpath.ri.model.for::testAxisChild
16,org.apache.commons.jxpath.ri.model.for::testAxisChildNestedBean
16,org.apache.commons.jxpath.ri.model.for::testAxisChildNestedCollection
16,org.apache.commons.jxpath.ri.model.for::testIndexPredicate
16,org.apache.commons.jxpath.ri.model.for::testAxisDescendant
16,org.apache.commons.jxpath.ri.model.for::testAxisDescendantOrSelf
16,org.apache.commons.jxpath.ri.model.for::testAxisFollowing
16,org.apache.commons.jxpath.ri.model.for::testAxisFollowingSibling
16,org.apache.commons.jxpath.ri.model.for::testAxisParent
16,org.apache.commons.jxpath.ri.model.for::testAxisPreceding
16,org.apache.commons.jxpath.ri.model.for::testAxisPrecedingSibling
16,org.apache.commons.jxpath.ri.model.for::testAxisSelf
16,org.apache.commons.jxpath.ri.model.for::testUnion
16,org.apache.commons.jxpath.ri.model.for::testAxisAttribute
16,org.apache.commons.jxpath.ri.model.for::testAttributeName
16,org.apache.commons.jxpath.ri.model.for::testAttributeLang
16,org.apache.commons.jxpath.ri.model.for::testCoreFunctions
16,org.apache.commons.jxpath.ri.model.for::testBooleanPredicate
16,org.apache.commons.jxpath.ri.model.for::testDocumentOrder
16,org.apache.commons.jxpath.ri.model.for::testSetPropertyValue
16,org.apache.commons.jxpath.ri.model.for::testSetCollectionElement
16,org.apache.commons.jxpath.ri.model.for::testSetContextDependentNode
16,org.apache.commons.jxpath.ri.model.for::testSetNonPrimitiveValue
16,org.apache.commons.jxpath.ri.model.for::testCreatePath
16,org.apache.commons.jxpath.ri.model.for::testCreatePathAndSetValue
16,org.apache.commons.jxpath.ri.model.for::testCreatePathExpandNewCollection
16,org.apache.commons.jxpath.ri.model.for::testCreatePathAndSetValueExpandNewCollection
16,org.apache.commons.jxpath.ri.model.for::testCreatePathExpandExistingCollection
16,org.apache.commons.jxpath.ri.model.for::testCreatePathExpandExistingCollectionAndSetProperty
16,org.apache.commons.jxpath.ri.model.for::testCreatePathAndSetValueExpandExistingCollection
16,org.apache.commons.jxpath.ri.model.for::testCreatePathCreateBeanExpandCollection
16,org.apache.commons.jxpath.ri.model.for::testCreatePathAndSetValueCreateBeanExpandCollection
16,org.apache.commons.jxpath.ri.model.for::testRemovePathPropertyValue
16,org.apache.commons.jxpath.ri.model.for::testRemovePathArrayElement
16,org.apache.commons.jxpath.ri.model.for::testRemoveAllArrayElements
16,org.apache.commons.jxpath.ri.model.for::testRemoveAllListElements
16,org.apache.commons.jxpath.ri.model.for::testRemoveAllMapEntries
16,org.apache.commons.jxpath.ri.model.for::testRemovePathBeanValue
16,org.apache.commons.jxpath.ri.model.for::testRelativeContextRelativePath
16,org.apache.commons.jxpath.ri.model.for::testRelativeContextAbsolutePath
16,org.apache.commons.jxpath.ri.model.for::testRelativeContextParent
16,org.apache.commons.jxpath.ri.model.for::testRelativeContextInheritance
16,org.apache.commons.jxpath.ri.compiler.VariableTest::testVariables
16,org.apache.commons.jxpath.ri.compiler.VariableTest::testVariablesInExpressions
16,org.apache.commons.jxpath.ri.compiler.VariableTest::testInvalidVariableName
16,org.apache.commons.jxpath.ri.compiler.VariableTest::testNestedContext
16,org.apache.commons.jxpath.ri.compiler.VariableTest::testSetValue
16,org.apache.commons.jxpath.ri.compiler.VariableTest::testCreatePathDeclareVariable
16,org.apache.commons.jxpath.ri.compiler.VariableTest::testCreatePathAndSetValueDeclareVariable
16,org.apache.commons.jxpath.ri.compiler.VariableTest::testCreatePathDeclareVariableSetCollectionElement
16,org.apache.commons.jxpath.ri.compiler.VariableTest::testCreateAndSetValuePathDeclareVariableSetCollectionElement
16,org.apache.commons.jxpath.ri.compiler.VariableTest::testCreatePathExpandCollection
16,org.apache.commons.jxpath.ri.compiler.VariableTest::testCreatePathAndSetValueExpandCollection
16,org.apache.commons.jxpath.ri.compiler.VariableTest::testCreatePathDeclareVariableSetProperty
16,org.apache.commons.jxpath.ri.compiler.VariableTest::testCreatePathAndSetValueDeclareVariableSetProperty
16,org.apache.commons.jxpath.ri.compiler.VariableTest::testCreatePathDeclareVariableSetCollectionElementProperty
16,org.apache.commons.jxpath.ri.compiler.VariableTest::testCreatePathAndSetValueDeclVarSetCollectionElementProperty
16,org.apache.commons.jxpath.ri.compiler.VariableTest::testRemovePathUndeclareVariable
16,org.apache.commons.jxpath.ri.compiler.VariableTest::testRemovePathArrayElement
16,org.apache.commons.jxpath.ri.compiler.VariableTest::testRemovePathCollectionElement
16,org.apache.commons.jxpath.ri.compiler.VariableTest::testUnionOfVariableAndNode
16,org.apache.commons.jxpath.ri.compiler.VariableTest::testIterateVariable
16,org.apache.commons.jxpath.ri.compiler.ExtensionFunctionTest::testConstructorLookup
16,org.apache.commons.jxpath.ri.compiler.ExtensionFunctionTest::testConstructorLookupWithExpressionContext
16,org.apache.commons.jxpath.ri.compiler.ExtensionFunctionTest::testStaticMethodLookup
16,org.apache.commons.jxpath.ri.compiler.ExtensionFunctionTest::testStaticMethodLookupWithConversion
16,org.apache.commons.jxpath.ri.compiler.ExtensionFunctionTest::testMethodLookup
16,org.apache.commons.jxpath.ri.compiler.ExtensionFunctionTest::testStaticMethodLookupWithExpressionContext
16,org.apache.commons.jxpath.ri.compiler.ExtensionFunctionTest::testMethodLookupWithExpressionContext
16,org.apache.commons.jxpath.ri.compiler.ExtensionFunctionTest::testMethodLookupWithExpressionContextAndArgument
16,org.apache.commons.jxpath.ri.compiler.ExtensionFunctionTest::testAllocation
16,org.apache.commons.jxpath.ri.compiler.ExtensionFunctionTest::testMethodCall
16,org.apache.commons.jxpath.ri.compiler.ExtensionFunctionTest::testCollectionMethodCall
16,org.apache.commons.jxpath.ri.compiler.ExtensionFunctionTest::testStaticMethodCall
16,org.apache.commons.jxpath.ri.compiler.ExtensionFunctionTest::testExpressionContext
16,org.apache.commons.jxpath.ri.compiler.ExtensionFunctionTest::testCollectionReturn
16,org.apache.commons.jxpath.ri.compiler.ExtensionFunctionTest::testNodeSetReturn
16,org.apache.commons.jxpath.ri.compiler.ExtensionFunctionTest::testEstablishNodeSetBaseline
16,org.apache.commons.jxpath.ri.compiler.ExtensionFunctionTest::testBCNodeSetHack
16,org.apache.commons.jxpath.ri.compiler.CoreOperationTest::testInfoSetTypes
16,org.apache.commons.jxpath.ri.compiler.CoreOperationTest::testNodeSetOperations
16,org.apache.commons.jxpath.ri.compiler.CoreOperationTest::testEmptyNodeSetOperations
16,org.apache.commons.jxpath.ri.compiler.CoreOperationTest::testNan
16,org.apache.commons.jxpath.ri.compiler.CoreFunctionTest::testCoreFunctions
16,org.apache.commons.jxpath.ri.compiler.CoreFunctionTest::testIDFunction
16,org.apache.commons.jxpath.ri.compiler.CoreFunctionTest::testKeyFunction
16,org.apache.commons.jxpath.ri.compiler.CoreFunctionTest::testExtendedKeyFunction
16,org.apache.commons.jxpath.ri.compiler.CoreFunctionTest::testFormatNumberFunction
16,org.apache.commons.jxpath.ri.compiler.ContextDependencyTest::testContextDependency
16,org.apache.commons.jxpath.ri.compiler.ContextDependencyTest::testContextDependency
16,org.apache.commons.jxpath.ri.axes.SimplePathInterpreterTest::testDoStepNoPredicatesPropertyOwner
16,org.apache.commons.jxpath.ri.axes.SimplePathInterpreterTest::testDoStepNoPredicatesStandard
16,org.apache.commons.jxpath.ri.axes.SimplePathInterpreterTest::testDoStepPredicatesPropertyOwner
16,org.apache.commons.jxpath.ri.axes.SimplePathInterpreterTest::testDoStepPredicatesStandard
16,org.apache.commons.jxpath.ri.axes.SimplePathInterpreterTest::testDoPredicateName
16,org.apache.commons.jxpath.ri.axes.SimplePathInterpreterTest::testDoPredicatesStandard
16,org.apache.commons.jxpath.ri.axes.SimplePathInterpreterTest::testDoPredicateIndex
16,org.apache.commons.jxpath.ri.axes.SimplePathInterpreterTest::testInterpretExpressionPath
16,org.apache.commons.jxpath.ri.axes.RecursiveAxesTest::testInfiniteDescent
16,org.apache.commons.jxpath.ri.StressTest::testThreads
16,org.apache.commons.jxpath.ri.JXPathCompiledExpressionTest::testConstant
16,org.apache.commons.jxpath.ri.JXPathCompiledExpressionTest::testCoreFunction
16,org.apache.commons.jxpath.ri.JXPathCompiledExpressionTest::testCoreOperationAnd
16,org.apache.commons.jxpath.ri.JXPathCompiledExpressionTest::testCoreOperationOr
16,org.apache.commons.jxpath.ri.JXPathCompiledExpressionTest::testCoreOperationEqual
16,org.apache.commons.jxpath.ri.JXPathCompiledExpressionTest::testCoreOperationNameAttributeTest
16,org.apache.commons.jxpath.ri.JXPathCompiledExpressionTest::testCoreOperationNotEqual
16,org.apache.commons.jxpath.ri.JXPathCompiledExpressionTest::testCoreOperationLessThan
16,org.apache.commons.jxpath.ri.JXPathCompiledExpressionTest::testCoreOperationLessThanOrEqual
16,org.apache.commons.jxpath.ri.JXPathCompiledExpressionTest::testCoreOperationGreaterThan
16,org.apache.commons.jxpath.ri.JXPathCompiledExpressionTest::testCoreOperationGreaterThanOrEqual
16,org.apache.commons.jxpath.ri.JXPathCompiledExpressionTest::testCoreOperationDivide
16,org.apache.commons.jxpath.ri.JXPathCompiledExpressionTest::testCoreOperationMod
16,org.apache.commons.jxpath.ri.JXPathCompiledExpressionTest::testCoreOperationMultiply
16,org.apache.commons.jxpath.ri.JXPathCompiledExpressionTest::testCoreOperationMinus
16,org.apache.commons.jxpath.ri.JXPathCompiledExpressionTest::testCoreOperationSum
16,org.apache.commons.jxpath.ri.JXPathCompiledExpressionTest::testCoreOperationUnaryMinus
16,org.apache.commons.jxpath.ri.JXPathCompiledExpressionTest::testCoreOperationUnion
16,org.apache.commons.jxpath.ri.JXPathCompiledExpressionTest::testExpressionPath
16,org.apache.commons.jxpath.ri.JXPathCompiledExpressionTest::testExtensionFunction
16,org.apache.commons.jxpath.ri.JXPathCompiledExpressionTest::testLocationPathAxisSelf
16,org.apache.commons.jxpath.ri.JXPathCompiledExpressionTest::testLocationPathAxisChild
16,org.apache.commons.jxpath.ri.JXPathCompiledExpressionTest::testLocationPathAxisParent
16,org.apache.commons.jxpath.ri.JXPathCompiledExpressionTest::testLocationPathAxisAttribute
16,org.apache.commons.jxpath.ri.JXPathCompiledExpressionTest::testLocationPathAxisDescendant
16,org.apache.commons.jxpath.ri.JXPathCompiledExpressionTest::testLocationPathAxisDescendantOrSelf
16,org.apache.commons.jxpath.ri.JXPathCompiledExpressionTest::testLocationPathAxisOther
16,org.apache.commons.jxpath.ri.JXPathCompiledExpressionTest::testLocationPathNodeTest
16,org.apache.commons.jxpath.ri.JXPathCompiledExpressionTest::testVariableReference
16,org.apache.commons.jxpath.BasicNodeSetTest::testAdd
16,org.apache.commons.jxpath.BasicNodeSetTest::testRemove
16,org.apache.commons.jxpath.BasicNodeSetTest::testNodes
17,org.apache.commons.jxpath.util.BasicTypeConverterTest::testPrimitiveToString
17,org.apache.commons.jxpath.util.BasicTypeConverterTest::testArrayToList
17,org.apache.commons.jxpath.util.BasicTypeConverterTest::testArrayToArray
17,org.apache.commons.jxpath.util.BasicTypeConverterTest::testListToArray
17,org.apache.commons.jxpath.util.BasicTypeConverterTest::testInvalidConversion
17,org.apache.commons.jxpath.util.BasicTypeConverterTest::testSingletonCollectionToString
17,org.apache.commons.jxpath.util.BasicTypeConverterTest::testSingletonArrayToString
17,org.apache.commons.jxpath.util.BasicTypeConverterTest::testPointerToString
17,org.apache.commons.jxpath.util.BasicTypeConverterTest::testNodeSetToString
17,org.apache.commons.jxpath.util.BasicTypeConverterTest::testNodeSetToInteger
17,org.apache.commons.jxpath.util.BasicTypeConverterTest::testBeanUtilsConverter
17,org.apache.commons.jxpath.ri.model.for::testDocumentOrder
17,org.apache.commons.jxpath.ri.model.for::testSetValue
17,org.apache.commons.jxpath.ri.model.for::testCreatePath
17,org.apache.commons.jxpath.ri.model.for::testCreatePathAndSetValue
17,org.apache.commons.jxpath.ri.model.for::testRemovePath
17,org.apache.commons.jxpath.ri.model.for::testID
17,org.apache.commons.jxpath.ri.model.for::testAxisChild
17,org.apache.commons.jxpath.ri.model.for::testAxisChildIndexPredicate
17,org.apache.commons.jxpath.ri.model.for::testAxisDescendant
17,org.apache.commons.jxpath.ri.model.for::testAxisParent
17,org.apache.commons.jxpath.ri.model.for::testAxisFollowingSibling
17,org.apache.commons.jxpath.ri.model.for::testAxisPrecedingSibling
17,org.apache.commons.jxpath.ri.model.for::testAxisPreceding
17,org.apache.commons.jxpath.ri.model.for::testAxisAttribute
17,org.apache.commons.jxpath.ri.model.for::testAxisNamespace
17,org.apache.commons.jxpath.ri.model.for::testAxisAncestor
17,org.apache.commons.jxpath.ri.model.for::testAxisAncestorOrSelf
17,org.apache.commons.jxpath.ri.model.for::testAxisFollowing
17,org.apache.commons.jxpath.ri.model.for::testAxisSelf
17,org.apache.commons.jxpath.ri.model.for::testNodeTypeComment
17,org.apache.commons.jxpath.ri.model.for::testNodeTypeText
17,org.apache.commons.jxpath.ri.model.for::testNodeTypeProcessingInstruction
17,org.apache.commons.jxpath.ri.model.for::testLang
17,org.apache.commons.jxpath.ri.model.for::testDocument
17,org.apache.commons.jxpath.ri.model.for::testContainer
17,org.apache.commons.jxpath.ri.model.for::testElementInVariable
17,org.apache.commons.jxpath.ri.model.for::testTypeConversions
17,org.apache.commons.jxpath.ri.model.for::testBooleanFunction
17,org.apache.commons.jxpath.ri.model.for::testFunctionsLastAndPosition
17,org.apache.commons.jxpath.ri.model.for::testNamespaceMapping
17,org.apache.commons.jxpath.ri.model.for::testUnion
17,org.apache.commons.jxpath.ri.model.for::testNodes
17,org.apache.commons.jxpath.ri.model.jdom.JDOMModelTest::testGetNode
17,org.apache.commons.jxpath.ri.model.jdom.JDOMModelTest::testID
17,org.apache.commons.jxpath.ri.model.dynamic.DynamicPropertiesModelTest::testAxisChild
17,org.apache.commons.jxpath.ri.model.dynamic.DynamicPropertiesModelTest::testAxisDescendant
17,org.apache.commons.jxpath.ri.model.dynamic.DynamicPropertiesModelTest::testAttributeName
17,org.apache.commons.jxpath.ri.model.dynamic.DynamicPropertiesModelTest::testSetPrimitiveValue
17,org.apache.commons.jxpath.ri.model.dynamic.DynamicPropertiesModelTest::testSetCollection
17,org.apache.commons.jxpath.ri.model.dynamic.DynamicPropertiesModelTest::testSetNewKey
17,org.apache.commons.jxpath.ri.model.dynamic.DynamicPropertiesModelTest::testCreatePath
17,org.apache.commons.jxpath.ri.model.dynamic.DynamicPropertiesModelTest::testCreatePathAndSetValue
17,org.apache.commons.jxpath.ri.model.dynamic.DynamicPropertiesModelTest::testCreatePathCreateBean
17,org.apache.commons.jxpath.ri.model.dynamic.DynamicPropertiesModelTest::testCreatePathAndSetValueCreateBean
17,org.apache.commons.jxpath.ri.model.dynamic.DynamicPropertiesModelTest::testCreatePathCollectionElement
17,org.apache.commons.jxpath.ri.model.dynamic.DynamicPropertiesModelTest::testCreatePathAndSetValueCollectionElement
17,org.apache.commons.jxpath.ri.model.dynamic.DynamicPropertiesModelTest::testCreatePathNewCollectionElement
17,org.apache.commons.jxpath.ri.model.dynamic.DynamicPropertiesModelTest::testCreatePathAndSetValueNewCollectionElement
17,org.apache.commons.jxpath.ri.model.dynamic.DynamicPropertiesModelTest::testRemovePath
17,org.apache.commons.jxpath.ri.model.dynamic.DynamicPropertiesModelTest::testRemovePathArrayElement
17,org.apache.commons.jxpath.ri.model.dynamic.DynamicPropertiesModelTest::testCollectionOfMaps
17,org.apache.commons.jxpath.ri.model.dynamic.DynamicPropertiesModelTest::testMapOfMaps
17,org.apache.commons.jxpath.ri.model.dom.JxPath17DebugTest::testDebug
17,org.apache.commons.jxpath.ri.model.dom.DOMModelTest::testGetNode
17,org.apache.commons.jxpath.ri.model.container.ContainerModelTest::testContainerVariableWithCollection
17,org.apache.commons.jxpath.ri.model.container.ContainerModelTest::testContainerPropertyWithCollection
17,org.apache.commons.jxpath.ri.model.container.ContainerModelTest::testContainerMapWithCollection
17,org.apache.commons.jxpath.ri.model.container.ContainerModelTest::testContainerRootWithCollection
17,org.apache.commons.jxpath.ri.model.beans.BeanModelTest::testIndexedProperty
17,org.apache.commons.jxpath.ri.model.beans.BadlyImplementedFactoryTest::testBadFactoryImplementation
17,org.apache.commons.jxpath.ri.model.XMLSpaceTest::testUnspecifiedDOM
17,org.apache.commons.jxpath.ri.model.XMLSpaceTest::testDefaultDOM
17,org.apache.commons.jxpath.ri.model.XMLSpaceTest::testPreserveDOM
17,org.apache.commons.jxpath.ri.model.XMLSpaceTest::testNestedDOM
17,org.apache.commons.jxpath.ri.model.XMLSpaceTest::testNestedWithCommentsDOM
17,org.apache.commons.jxpath.ri.model.XMLSpaceTest::testUnspecifiedJDOM
17,org.apache.commons.jxpath.ri.model.XMLSpaceTest::testDefaultJDOM
17,org.apache.commons.jxpath.ri.model.XMLSpaceTest::testPreserveJDOM
17,org.apache.commons.jxpath.ri.model.XMLSpaceTest::testNestedJDOM
17,org.apache.commons.jxpath.ri.model.XMLSpaceTest::testNestedWithCommentsJDOM
17,org.apache.commons.jxpath.ri.model.XMLPreserveSpaceTest::testUnspecifiedDOM
17,org.apache.commons.jxpath.ri.model.XMLPreserveSpaceTest::testDefaultDOM
17,org.apache.commons.jxpath.ri.model.XMLPreserveSpaceTest::testPreserveDOM
17,org.apache.commons.jxpath.ri.model.XMLPreserveSpaceTest::testNestedDOM
17,org.apache.commons.jxpath.ri.model.XMLPreserveSpaceTest::testNestedWithCommentsDOM
17,org.apache.commons.jxpath.ri.model.XMLPreserveSpaceTest::testUnspecifiedJDOM
17,org.apache.commons.jxpath.ri.model.XMLPreserveSpaceTest::testDefaultJDOM
17,org.apache.commons.jxpath.ri.model.XMLPreserveSpaceTest::testPreserveJDOM
17,org.apache.commons.jxpath.ri.model.XMLPreserveSpaceTest::testNestedJDOM
17,org.apache.commons.jxpath.ri.model.XMLPreserveSpaceTest::testNestedWithCommentsJDOM
17,org.apache.commons.jxpath.ri.model.MixedModelTest::testVar
17,org.apache.commons.jxpath.ri.model.MixedModelTest::testVarPrimitive
17,org.apache.commons.jxpath.ri.model.MixedModelTest::testVarBean
17,org.apache.commons.jxpath.ri.model.MixedModelTest::testVarMap
17,org.apache.commons.jxpath.ri.model.MixedModelTest::testVarList
17,org.apache.commons.jxpath.ri.model.MixedModelTest::testVarDocument
17,org.apache.commons.jxpath.ri.model.MixedModelTest::testVarElement
17,org.apache.commons.jxpath.ri.model.MixedModelTest::testVarContainer
17,org.apache.commons.jxpath.ri.model.MixedModelTest::testBeanPrimitive
17,org.apache.commons.jxpath.ri.model.MixedModelTest::testBeanBean
17,org.apache.commons.jxpath.ri.model.MixedModelTest::testBeanMap
17,org.apache.commons.jxpath.ri.model.MixedModelTest::testBeanList
17,org.apache.commons.jxpath.ri.model.MixedModelTest::testBeanDocument
17,org.apache.commons.jxpath.ri.model.MixedModelTest::testBeanElement
17,org.apache.commons.jxpath.ri.model.MixedModelTest::testBeanContainer
17,org.apache.commons.jxpath.ri.model.MixedModelTest::testMapPrimitive
17,org.apache.commons.jxpath.ri.model.MixedModelTest::testMapBean
17,org.apache.commons.jxpath.ri.model.MixedModelTest::testMapMap
17,org.apache.commons.jxpath.ri.model.MixedModelTest::testMapList
17,org.apache.commons.jxpath.ri.model.MixedModelTest::testMapDocument
17,org.apache.commons.jxpath.ri.model.MixedModelTest::testMapElement
17,org.apache.commons.jxpath.ri.model.MixedModelTest::testMapContainer
17,org.apache.commons.jxpath.ri.model.MixedModelTest::testListPrimitive
17,org.apache.commons.jxpath.ri.model.MixedModelTest::testListBean
17,org.apache.commons.jxpath.ri.model.MixedModelTest::testListMap
17,org.apache.commons.jxpath.ri.model.MixedModelTest::testListList
17,org.apache.commons.jxpath.ri.model.MixedModelTest::testListDocument
17,org.apache.commons.jxpath.ri.model.MixedModelTest::testListElement
17,org.apache.commons.jxpath.ri.model.MixedModelTest::testListContainer
17,org.apache.commons.jxpath.ri.model.MixedModelTest::testNull
17,org.apache.commons.jxpath.ri.model.MixedModelTest::testRootAsCollection
17,org.apache.commons.jxpath.ri.model.MixedModelTest::testCreatePath
17,org.apache.commons.jxpath.ri.model.MixedModelTest::testIterateArray
17,org.apache.commons.jxpath.ri.model.MixedModelTest::testIteratePointersArray
17,org.apache.commons.jxpath.ri.model.MixedModelTest::testIteratePointersArrayElementWithVariable
17,org.apache.commons.jxpath.ri.model.MixedModelTest::testIterateVector
17,org.apache.commons.jxpath.ri.model.MixedModelTest::testErrorProperty
17,org.apache.commons.jxpath.ri.model.MixedModelTest::testMatrix
17,org.apache.commons.jxpath.ri.model.MixedModelTest::testCreatePathAndSetValueWithMatrix
17,org.apache.commons.jxpath.ri.model.MixedModelTest::testCollectionPointer
17,org.apache.commons.jxpath.ri.model.ExternalXMLNamespaceTest::testAttributeDOM
17,org.apache.commons.jxpath.ri.model.ExternalXMLNamespaceTest::testElementDOM
17,org.apache.commons.jxpath.ri.model.ExternalXMLNamespaceTest::testCreateAndSetAttributeDOM
17,org.apache.commons.jxpath.ri.model.EmptyCollectionTest::testEmptyList
17,org.apache.commons.jxpath.ri.model.EmptyCollectionTest::testEmptyArray
17,org.apache.commons.jxpath.ri.model.EmptyCollectionTest::testEmptySet
17,org.apache.commons.jxpath.ri.model.EmptyCollectionTest::testEmptyChildList
17,org.apache.commons.jxpath.ri.model.EmptyCollectionTest::testEmptyChildArray
17,org.apache.commons.jxpath.ri.model.EmptyCollectionTest::testEmptyChildSet
17,org.apache.commons.jxpath.ri.model.EmbeddedColonMapKeysTest::testSelectNodes
17,org.apache.commons.jxpath.ri.model.EmbeddedColonMapKeysTest::testSelectSingleNode
17,org.apache.commons.jxpath.ri.model.for::testIndividualIterators
17,org.apache.commons.jxpath.ri.model.for::testMultipleIterators
17,org.apache.commons.jxpath.ri.model.for::testIteratePropertyArrayWithHasNext
17,org.apache.commons.jxpath.ri.model.for::testIteratePropertyArrayWithoutHasNext
17,org.apache.commons.jxpath.ri.model.for::testIterateAndSet
17,org.apache.commons.jxpath.ri.model.for::testIteratePointerSetValue
17,org.apache.commons.jxpath.ri.model.for::testRoot
17,org.apache.commons.jxpath.ri.model.for::testAxisAncestor
17,org.apache.commons.jxpath.ri.model.for::testAxisChild
17,org.apache.commons.jxpath.ri.model.for::testAxisChildNestedBean
17,org.apache.commons.jxpath.ri.model.for::testAxisChildNestedCollection
17,org.apache.commons.jxpath.ri.model.for::testIndexPredicate
17,org.apache.commons.jxpath.ri.model.for::testAxisDescendant
17,org.apache.commons.jxpath.ri.model.for::testAxisDescendantOrSelf
17,org.apache.commons.jxpath.ri.model.for::testAxisFollowing
17,org.apache.commons.jxpath.ri.model.for::testAxisFollowingSibling
17,org.apache.commons.jxpath.ri.model.for::testAxisParent
17,org.apache.commons.jxpath.ri.model.for::testAxisPreceding
17,org.apache.commons.jxpath.ri.model.for::testAxisPrecedingSibling
17,org.apache.commons.jxpath.ri.model.for::testAxisSelf
17,org.apache.commons.jxpath.ri.model.for::testUnion
17,org.apache.commons.jxpath.ri.model.for::testAxisAttribute
17,org.apache.commons.jxpath.ri.model.for::testAttributeName
17,org.apache.commons.jxpath.ri.model.for::testAttributeLang
17,org.apache.commons.jxpath.ri.model.for::testCoreFunctions
17,org.apache.commons.jxpath.ri.model.for::testBooleanPredicate
17,org.apache.commons.jxpath.ri.model.for::testDocumentOrder
17,org.apache.commons.jxpath.ri.model.for::testSetPropertyValue
17,org.apache.commons.jxpath.ri.model.for::testSetCollectionElement
17,org.apache.commons.jxpath.ri.model.for::testSetContextDependentNode
17,org.apache.commons.jxpath.ri.model.for::testSetNonPrimitiveValue
17,org.apache.commons.jxpath.ri.model.for::testCreatePath
17,org.apache.commons.jxpath.ri.model.for::testCreatePathAndSetValue
17,org.apache.commons.jxpath.ri.model.for::testCreatePathExpandNewCollection
17,org.apache.commons.jxpath.ri.model.for::testCreatePathAndSetValueExpandNewCollection
17,org.apache.commons.jxpath.ri.model.for::testCreatePathExpandExistingCollection
17,org.apache.commons.jxpath.ri.model.for::testCreatePathExpandExistingCollectionAndSetProperty
17,org.apache.commons.jxpath.ri.model.for::testCreatePathAndSetValueExpandExistingCollection
17,org.apache.commons.jxpath.ri.model.for::testCreatePathCreateBeanExpandCollection
17,org.apache.commons.jxpath.ri.model.for::testCreatePathAndSetValueCreateBeanExpandCollection
17,org.apache.commons.jxpath.ri.model.for::testRemovePathPropertyValue
17,org.apache.commons.jxpath.ri.model.for::testRemovePathArrayElement
17,org.apache.commons.jxpath.ri.model.for::testRemoveAllArrayElements
17,org.apache.commons.jxpath.ri.model.for::testRemoveAllListElements
17,org.apache.commons.jxpath.ri.model.for::testRemoveAllMapEntries
17,org.apache.commons.jxpath.ri.model.for::testRemovePathBeanValue
17,org.apache.commons.jxpath.ri.model.for::testRelativeContextRelativePath
17,org.apache.commons.jxpath.ri.model.for::testRelativeContextAbsolutePath
17,org.apache.commons.jxpath.ri.model.for::testRelativeContextParent
17,org.apache.commons.jxpath.ri.model.for::testRelativeContextInheritance
17,org.apache.commons.jxpath.ri.compiler.VariableTest::testVariables
17,org.apache.commons.jxpath.ri.compiler.VariableTest::testVariablesInExpressions
17,org.apache.commons.jxpath.ri.compiler.VariableTest::testInvalidVariableName
17,org.apache.commons.jxpath.ri.compiler.VariableTest::testNestedContext
17,org.apache.commons.jxpath.ri.compiler.VariableTest::testSetValue
17,org.apache.commons.jxpath.ri.compiler.VariableTest::testCreatePathDeclareVariable
17,org.apache.commons.jxpath.ri.compiler.VariableTest::testCreatePathAndSetValueDeclareVariable
17,org.apache.commons.jxpath.ri.compiler.VariableTest::testCreatePathDeclareVariableSetCollectionElement
17,org.apache.commons.jxpath.ri.compiler.VariableTest::testCreateAndSetValuePathDeclareVariableSetCollectionElement
17,org.apache.commons.jxpath.ri.compiler.VariableTest::testCreatePathExpandCollection
17,org.apache.commons.jxpath.ri.compiler.VariableTest::testCreatePathAndSetValueExpandCollection
17,org.apache.commons.jxpath.ri.compiler.VariableTest::testCreatePathDeclareVariableSetProperty
17,org.apache.commons.jxpath.ri.compiler.VariableTest::testCreatePathAndSetValueDeclareVariableSetProperty
17,org.apache.commons.jxpath.ri.compiler.VariableTest::testCreatePathDeclareVariableSetCollectionElementProperty
17,org.apache.commons.jxpath.ri.compiler.VariableTest::testCreatePathAndSetValueDeclVarSetCollectionElementProperty
17,org.apache.commons.jxpath.ri.compiler.VariableTest::testRemovePathUndeclareVariable
17,org.apache.commons.jxpath.ri.compiler.VariableTest::testRemovePathArrayElement
17,org.apache.commons.jxpath.ri.compiler.VariableTest::testRemovePathCollectionElement
17,org.apache.commons.jxpath.ri.compiler.VariableTest::testUnionOfVariableAndNode
17,org.apache.commons.jxpath.ri.compiler.VariableTest::testIterateVariable
17,org.apache.commons.jxpath.ri.compiler.ExtensionFunctionTest::testConstructorLookup
17,org.apache.commons.jxpath.ri.compiler.ExtensionFunctionTest::testConstructorLookupWithExpressionContext
17,org.apache.commons.jxpath.ri.compiler.ExtensionFunctionTest::testStaticMethodLookup
17,org.apache.commons.jxpath.ri.compiler.ExtensionFunctionTest::testStaticMethodLookupWithConversion
17,org.apache.commons.jxpath.ri.compiler.ExtensionFunctionTest::testMethodLookup
17,org.apache.commons.jxpath.ri.compiler.ExtensionFunctionTest::testStaticMethodLookupWithExpressionContext
17,org.apache.commons.jxpath.ri.compiler.ExtensionFunctionTest::testMethodLookupWithExpressionContext
17,org.apache.commons.jxpath.ri.compiler.ExtensionFunctionTest::testMethodLookupWithExpressionContextAndArgument
17,org.apache.commons.jxpath.ri.compiler.ExtensionFunctionTest::testAllocation
17,org.apache.commons.jxpath.ri.compiler.ExtensionFunctionTest::testMethodCall
17,org.apache.commons.jxpath.ri.compiler.ExtensionFunctionTest::testCollectionMethodCall
17,org.apache.commons.jxpath.ri.compiler.ExtensionFunctionTest::testStaticMethodCall
17,org.apache.commons.jxpath.ri.compiler.ExtensionFunctionTest::testExpressionContext
17,org.apache.commons.jxpath.ri.compiler.ExtensionFunctionTest::testCollectionReturn
17,org.apache.commons.jxpath.ri.compiler.ExtensionFunctionTest::testNodeSetReturn
17,org.apache.commons.jxpath.ri.compiler.ExtensionFunctionTest::testEstablishNodeSetBaseline
17,org.apache.commons.jxpath.ri.compiler.ExtensionFunctionTest::testBCNodeSetHack
17,org.apache.commons.jxpath.ri.compiler.CoreOperationTest::testInfoSetTypes
17,org.apache.commons.jxpath.ri.compiler.CoreOperationTest::testNodeSetOperations
17,org.apache.commons.jxpath.ri.compiler.CoreOperationTest::testEmptyNodeSetOperations
17,org.apache.commons.jxpath.ri.compiler.CoreOperationTest::testNan
17,org.apache.commons.jxpath.ri.compiler.CoreFunctionTest::testCoreFunctions
17,org.apache.commons.jxpath.ri.compiler.CoreFunctionTest::testIDFunction
17,org.apache.commons.jxpath.ri.compiler.CoreFunctionTest::testKeyFunction
17,org.apache.commons.jxpath.ri.compiler.CoreFunctionTest::testExtendedKeyFunction
17,org.apache.commons.jxpath.ri.compiler.CoreFunctionTest::testFormatNumberFunction
17,org.apache.commons.jxpath.ri.compiler.ContextDependencyTest::testContextDependency
17,org.apache.commons.jxpath.ri.compiler.ContextDependencyTest::testContextDependency
17,org.apache.commons.jxpath.ri.axes.SimplePathInterpreterTest::testDoStepNoPredicatesPropertyOwner
17,org.apache.commons.jxpath.ri.axes.SimplePathInterpreterTest::testDoStepNoPredicatesStandard
17,org.apache.commons.jxpath.ri.axes.SimplePathInterpreterTest::testDoStepPredicatesPropertyOwner
17,org.apache.commons.jxpath.ri.axes.SimplePathInterpreterTest::testDoStepPredicatesStandard
17,org.apache.commons.jxpath.ri.axes.SimplePathInterpreterTest::testDoPredicateName
17,org.apache.commons.jxpath.ri.axes.SimplePathInterpreterTest::testDoPredicatesStandard
17,org.apache.commons.jxpath.ri.axes.SimplePathInterpreterTest::testDoPredicateIndex
17,org.apache.commons.jxpath.ri.axes.SimplePathInterpreterTest::testInterpretExpressionPath
17,org.apache.commons.jxpath.ri.axes.RecursiveAxesTest::testInfiniteDescent
17,org.apache.commons.jxpath.ri.StressTest::testThreads
17,org.apache.commons.jxpath.ri.JXPathCompiledExpressionTest::testConstant
17,org.apache.commons.jxpath.ri.JXPathCompiledExpressionTest::testCoreFunction
17,org.apache.commons.jxpath.ri.JXPathCompiledExpressionTest::testCoreOperationAnd
17,org.apache.commons.jxpath.ri.JXPathCompiledExpressionTest::testCoreOperationOr
17,org.apache.commons.jxpath.ri.JXPathCompiledExpressionTest::testCoreOperationEqual
17,org.apache.commons.jxpath.ri.JXPathCompiledExpressionTest::testCoreOperationNameAttributeTest
17,org.apache.commons.jxpath.ri.JXPathCompiledExpressionTest::testCoreOperationNotEqual
17,org.apache.commons.jxpath.ri.JXPathCompiledExpressionTest::testCoreOperationLessThan
17,org.apache.commons.jxpath.ri.JXPathCompiledExpressionTest::testCoreOperationLessThanOrEqual
17,org.apache.commons.jxpath.ri.JXPathCompiledExpressionTest::testCoreOperationGreaterThan
17,org.apache.commons.jxpath.ri.JXPathCompiledExpressionTest::testCoreOperationGreaterThanOrEqual
17,org.apache.commons.jxpath.ri.JXPathCompiledExpressionTest::testCoreOperationDivide
17,org.apache.commons.jxpath.ri.JXPathCompiledExpressionTest::testCoreOperationMod
17,org.apache.commons.jxpath.ri.JXPathCompiledExpressionTest::testCoreOperationMultiply
17,org.apache.commons.jxpath.ri.JXPathCompiledExpressionTest::testCoreOperationMinus
17,org.apache.commons.jxpath.ri.JXPathCompiledExpressionTest::testCoreOperationSum
17,org.apache.commons.jxpath.ri.JXPathCompiledExpressionTest::testCoreOperationUnaryMinus
17,org.apache.commons.jxpath.ri.JXPathCompiledExpressionTest::testCoreOperationUnion
17,org.apache.commons.jxpath.ri.JXPathCompiledExpressionTest::testExpressionPath
17,org.apache.commons.jxpath.ri.JXPathCompiledExpressionTest::testExtensionFunction
17,org.apache.commons.jxpath.ri.JXPathCompiledExpressionTest::testLocationPathAxisSelf
17,org.apache.commons.jxpath.ri.JXPathCompiledExpressionTest::testLocationPathAxisChild
17,org.apache.commons.jxpath.ri.JXPathCompiledExpressionTest::testLocationPathAxisParent
17,org.apache.commons.jxpath.ri.JXPathCompiledExpressionTest::testLocationPathAxisAttribute
17,org.apache.commons.jxpath.ri.JXPathCompiledExpressionTest::testLocationPathAxisDescendant
17,org.apache.commons.jxpath.ri.JXPathCompiledExpressionTest::testLocationPathAxisDescendantOrSelf
17,org.apache.commons.jxpath.ri.JXPathCompiledExpressionTest::testLocationPathAxisOther
17,org.apache.commons.jxpath.ri.JXPathCompiledExpressionTest::testLocationPathNodeTest
17,org.apache.commons.jxpath.ri.JXPathCompiledExpressionTest::testVariableReference
17,org.apache.commons.jxpath.BasicNodeSetTest::testAdd
17,org.apache.commons.jxpath.BasicNodeSetTest::testRemove
17,org.apache.commons.jxpath.BasicNodeSetTest::testNodes
18,org.apache.commons.jxpath.util.BasicTypeConverterTest::testPrimitiveToString
18,org.apache.commons.jxpath.util.BasicTypeConverterTest::testArrayToList
18,org.apache.commons.jxpath.util.BasicTypeConverterTest::testArrayToArray
18,org.apache.commons.jxpath.util.BasicTypeConverterTest::testListToArray
18,org.apache.commons.jxpath.util.BasicTypeConverterTest::testInvalidConversion
18,org.apache.commons.jxpath.util.BasicTypeConverterTest::testSingletonCollectionToString
18,org.apache.commons.jxpath.util.BasicTypeConverterTest::testSingletonArrayToString
18,org.apache.commons.jxpath.util.BasicTypeConverterTest::testPointerToString
18,org.apache.commons.jxpath.util.BasicTypeConverterTest::testNodeSetToString
18,org.apache.commons.jxpath.util.BasicTypeConverterTest::testNodeSetToInteger
18,org.apache.commons.jxpath.util.BasicTypeConverterTest::testBeanUtilsConverter
18,org.apache.commons.jxpath.ri.model.for::testDocumentOrder
18,org.apache.commons.jxpath.ri.model.for::testSetValue
18,org.apache.commons.jxpath.ri.model.for::testCreatePath
18,org.apache.commons.jxpath.ri.model.for::testCreatePathAndSetValue
18,org.apache.commons.jxpath.ri.model.for::testRemovePath
18,org.apache.commons.jxpath.ri.model.for::testID
18,org.apache.commons.jxpath.ri.model.for::testAxisChild
18,org.apache.commons.jxpath.ri.model.for::testAxisChildIndexPredicate
18,org.apache.commons.jxpath.ri.model.for::testAxisDescendant
18,org.apache.commons.jxpath.ri.model.for::testAxisParent
18,org.apache.commons.jxpath.ri.model.for::testAxisFollowingSibling
18,org.apache.commons.jxpath.ri.model.for::testAxisPrecedingSibling
18,org.apache.commons.jxpath.ri.model.for::testAxisPreceding
18,org.apache.commons.jxpath.ri.model.for::testAxisAttribute
18,org.apache.commons.jxpath.ri.model.for::testAxisNamespace
18,org.apache.commons.jxpath.ri.model.for::testAxisAncestor
18,org.apache.commons.jxpath.ri.model.for::testAxisAncestorOrSelf
18,org.apache.commons.jxpath.ri.model.for::testAxisFollowing
18,org.apache.commons.jxpath.ri.model.for::testAxisSelf
18,org.apache.commons.jxpath.ri.model.for::testNodeTypeComment
18,org.apache.commons.jxpath.ri.model.for::testNodeTypeText
18,org.apache.commons.jxpath.ri.model.for::testNodeTypeProcessingInstruction
18,org.apache.commons.jxpath.ri.model.for::testLang
18,org.apache.commons.jxpath.ri.model.for::testDocument
18,org.apache.commons.jxpath.ri.model.for::testContainer
18,org.apache.commons.jxpath.ri.model.for::testElementInVariable
18,org.apache.commons.jxpath.ri.model.for::testTypeConversions
18,org.apache.commons.jxpath.ri.model.for::testBooleanFunction
18,org.apache.commons.jxpath.ri.model.for::testFunctionsLastAndPosition
18,org.apache.commons.jxpath.ri.model.for::testNamespaceMapping
18,org.apache.commons.jxpath.ri.model.for::testUnion
18,org.apache.commons.jxpath.ri.model.for::testNodes
18,org.apache.commons.jxpath.ri.model.jdom.JDOMModelTest::testGetNode
18,org.apache.commons.jxpath.ri.model.jdom.JDOMModelTest::testID
18,org.apache.commons.jxpath.ri.model.dynamic.DynamicPropertiesModelTest::testAxisChild
18,org.apache.commons.jxpath.ri.model.dynamic.DynamicPropertiesModelTest::testAxisDescendant
18,org.apache.commons.jxpath.ri.model.dynamic.DynamicPropertiesModelTest::testAttributeName
18,org.apache.commons.jxpath.ri.model.dynamic.DynamicPropertiesModelTest::testSetPrimitiveValue
18,org.apache.commons.jxpath.ri.model.dynamic.DynamicPropertiesModelTest::testSetCollection
18,org.apache.commons.jxpath.ri.model.dynamic.DynamicPropertiesModelTest::testSetNewKey
18,org.apache.commons.jxpath.ri.model.dynamic.DynamicPropertiesModelTest::testCreatePath
18,org.apache.commons.jxpath.ri.model.dynamic.DynamicPropertiesModelTest::testCreatePathAndSetValue
18,org.apache.commons.jxpath.ri.model.dynamic.DynamicPropertiesModelTest::testCreatePathCreateBean
18,org.apache.commons.jxpath.ri.model.dynamic.DynamicPropertiesModelTest::testCreatePathAndSetValueCreateBean
18,org.apache.commons.jxpath.ri.model.dynamic.DynamicPropertiesModelTest::testCreatePathCollectionElement
18,org.apache.commons.jxpath.ri.model.dynamic.DynamicPropertiesModelTest::testCreatePathAndSetValueCollectionElement
18,org.apache.commons.jxpath.ri.model.dynamic.DynamicPropertiesModelTest::testCreatePathNewCollectionElement
18,org.apache.commons.jxpath.ri.model.dynamic.DynamicPropertiesModelTest::testCreatePathAndSetValueNewCollectionElement
18,org.apache.commons.jxpath.ri.model.dynamic.DynamicPropertiesModelTest::testRemovePath
18,org.apache.commons.jxpath.ri.model.dynamic.DynamicPropertiesModelTest::testRemovePathArrayElement
18,org.apache.commons.jxpath.ri.model.dynamic.DynamicPropertiesModelTest::testCollectionOfMaps
18,org.apache.commons.jxpath.ri.model.dynamic.DynamicPropertiesModelTest::testMapOfMaps
18,org.apache.commons.jxpath.ri.model.dom.DOMModelTest::testGetNode
18,org.apache.commons.jxpath.ri.model.container.ContainerModelTest::testContainerVariableWithCollection
18,org.apache.commons.jxpath.ri.model.container.ContainerModelTest::testContainerPropertyWithCollection
18,org.apache.commons.jxpath.ri.model.container.ContainerModelTest::testContainerMapWithCollection
18,org.apache.commons.jxpath.ri.model.container.ContainerModelTest::testContainerRootWithCollection
18,org.apache.commons.jxpath.ri.model.beans.BeanModelTest::testIndexedProperty
18,org.apache.commons.jxpath.ri.model.beans.BadlyImplementedFactoryTest::testBadFactoryImplementation
18,org.apache.commons.jxpath.ri.model.XMLSpaceTest::testUnspecifiedDOM
18,org.apache.commons.jxpath.ri.model.XMLSpaceTest::testDefaultDOM
18,org.apache.commons.jxpath.ri.model.XMLSpaceTest::testPreserveDOM
18,org.apache.commons.jxpath.ri.model.XMLSpaceTest::testNestedDOM
18,org.apache.commons.jxpath.ri.model.XMLSpaceTest::testNestedWithCommentsDOM
18,org.apache.commons.jxpath.ri.model.XMLSpaceTest::testUnspecifiedJDOM
18,org.apache.commons.jxpath.ri.model.XMLSpaceTest::testDefaultJDOM
18,org.apache.commons.jxpath.ri.model.XMLSpaceTest::testPreserveJDOM
18,org.apache.commons.jxpath.ri.model.XMLSpaceTest::testNestedJDOM
18,org.apache.commons.jxpath.ri.model.XMLSpaceTest::testNestedWithCommentsJDOM
18,org.apache.commons.jxpath.ri.model.XMLPreserveSpaceTest::testUnspecifiedDOM
18,org.apache.commons.jxpath.ri.model.XMLPreserveSpaceTest::testDefaultDOM
18,org.apache.commons.jxpath.ri.model.XMLPreserveSpaceTest::testPreserveDOM
18,org.apache.commons.jxpath.ri.model.XMLPreserveSpaceTest::testNestedDOM
18,org.apache.commons.jxpath.ri.model.XMLPreserveSpaceTest::testNestedWithCommentsDOM
18,org.apache.commons.jxpath.ri.model.XMLPreserveSpaceTest::testUnspecifiedJDOM
18,org.apache.commons.jxpath.ri.model.XMLPreserveSpaceTest::testDefaultJDOM
18,org.apache.commons.jxpath.ri.model.XMLPreserveSpaceTest::testPreserveJDOM
18,org.apache.commons.jxpath.ri.model.XMLPreserveSpaceTest::testNestedJDOM
18,org.apache.commons.jxpath.ri.model.XMLPreserveSpaceTest::testNestedWithCommentsJDOM
18,org.apache.commons.jxpath.ri.model.MixedModelTest::testVar
18,org.apache.commons.jxpath.ri.model.MixedModelTest::testVarPrimitive
18,org.apache.commons.jxpath.ri.model.MixedModelTest::testVarBean
18,org.apache.commons.jxpath.ri.model.MixedModelTest::testVarMap
18,org.apache.commons.jxpath.ri.model.MixedModelTest::testVarList
18,org.apache.commons.jxpath.ri.model.MixedModelTest::testVarDocument
18,org.apache.commons.jxpath.ri.model.MixedModelTest::testVarElement
18,org.apache.commons.jxpath.ri.model.MixedModelTest::testVarContainer
18,org.apache.commons.jxpath.ri.model.MixedModelTest::testBeanPrimitive
18,org.apache.commons.jxpath.ri.model.MixedModelTest::testBeanBean
18,org.apache.commons.jxpath.ri.model.MixedModelTest::testBeanMap
18,org.apache.commons.jxpath.ri.model.MixedModelTest::testBeanList
18,org.apache.commons.jxpath.ri.model.MixedModelTest::testBeanDocument
18,org.apache.commons.jxpath.ri.model.MixedModelTest::testBeanElement
18,org.apache.commons.jxpath.ri.model.MixedModelTest::testBeanContainer
18,org.apache.commons.jxpath.ri.model.MixedModelTest::testMapPrimitive
18,org.apache.commons.jxpath.ri.model.MixedModelTest::testMapBean
18,org.apache.commons.jxpath.ri.model.MixedModelTest::testMapMap
18,org.apache.commons.jxpath.ri.model.MixedModelTest::testMapList
18,org.apache.commons.jxpath.ri.model.MixedModelTest::testMapDocument
18,org.apache.commons.jxpath.ri.model.MixedModelTest::testMapElement
18,org.apache.commons.jxpath.ri.model.MixedModelTest::testMapContainer
18,org.apache.commons.jxpath.ri.model.MixedModelTest::testListPrimitive
18,org.apache.commons.jxpath.ri.model.MixedModelTest::testListBean
18,org.apache.commons.jxpath.ri.model.MixedModelTest::testListMap
18,org.apache.commons.jxpath.ri.model.MixedModelTest::testListList
18,org.apache.commons.jxpath.ri.model.MixedModelTest::testListDocument
18,org.apache.commons.jxpath.ri.model.MixedModelTest::testListElement
18,org.apache.commons.jxpath.ri.model.MixedModelTest::testListContainer
18,org.apache.commons.jxpath.ri.model.MixedModelTest::testNull
18,org.apache.commons.jxpath.ri.model.MixedModelTest::testRootAsCollection
18,org.apache.commons.jxpath.ri.model.MixedModelTest::testCreatePath
18,org.apache.commons.jxpath.ri.model.MixedModelTest::testIterateArray
18,org.apache.commons.jxpath.ri.model.MixedModelTest::testIteratePointersArray
18,org.apache.commons.jxpath.ri.model.MixedModelTest::testIteratePointersArrayElementWithVariable
18,org.apache.commons.jxpath.ri.model.MixedModelTest::testIterateVector
18,org.apache.commons.jxpath.ri.model.MixedModelTest::testErrorProperty
18,org.apache.commons.jxpath.ri.model.MixedModelTest::testMatrix
18,org.apache.commons.jxpath.ri.model.MixedModelTest::testCreatePathAndSetValueWithMatrix
18,org.apache.commons.jxpath.ri.model.MixedModelTest::testCollectionPointer
18,org.apache.commons.jxpath.ri.model.ExternalXMLNamespaceTest::testAttributeDOM
18,org.apache.commons.jxpath.ri.model.ExternalXMLNamespaceTest::testElementDOM
18,org.apache.commons.jxpath.ri.model.ExternalXMLNamespaceTest::testCreateAndSetAttributeDOM
18,org.apache.commons.jxpath.ri.model.EmptyCollectionTest::testEmptyList
18,org.apache.commons.jxpath.ri.model.EmptyCollectionTest::testEmptyArray
18,org.apache.commons.jxpath.ri.model.EmptyCollectionTest::testEmptySet
18,org.apache.commons.jxpath.ri.model.EmptyCollectionTest::testEmptyChildList
18,org.apache.commons.jxpath.ri.model.EmptyCollectionTest::testEmptyChildArray
18,org.apache.commons.jxpath.ri.model.EmptyCollectionTest::testEmptyChildSet
18,org.apache.commons.jxpath.ri.model.EmbeddedColonMapKeysTest::testSelectNodes
18,org.apache.commons.jxpath.ri.model.EmbeddedColonMapKeysTest::testSelectSingleNode
18,org.apache.commons.jxpath.ri.model.for::testIndividualIterators
18,org.apache.commons.jxpath.ri.model.for::testMultipleIterators
18,org.apache.commons.jxpath.ri.model.for::testIteratePropertyArrayWithHasNext
18,org.apache.commons.jxpath.ri.model.for::testIteratePropertyArrayWithoutHasNext
18,org.apache.commons.jxpath.ri.model.for::testIterateAndSet
18,org.apache.commons.jxpath.ri.model.for::testIteratePointerSetValue
18,org.apache.commons.jxpath.ri.model.for::testRoot
18,org.apache.commons.jxpath.ri.model.for::testAxisAncestor
18,org.apache.commons.jxpath.ri.model.for::testAxisChild
18,org.apache.commons.jxpath.ri.model.for::testAxisChildNestedBean
18,org.apache.commons.jxpath.ri.model.for::testAxisChildNestedCollection
18,org.apache.commons.jxpath.ri.model.for::testIndexPredicate
18,org.apache.commons.jxpath.ri.model.for::testAxisDescendant
18,org.apache.commons.jxpath.ri.model.for::testAxisDescendantOrSelf
18,org.apache.commons.jxpath.ri.model.for::testAxisFollowing
18,org.apache.commons.jxpath.ri.model.for::testAxisFollowingSibling
18,org.apache.commons.jxpath.ri.model.for::testAxisParent
18,org.apache.commons.jxpath.ri.model.for::testAxisPreceding
18,org.apache.commons.jxpath.ri.model.for::testAxisPrecedingSibling
18,org.apache.commons.jxpath.ri.model.for::testAxisSelf
18,org.apache.commons.jxpath.ri.model.for::testUnion
18,org.apache.commons.jxpath.ri.model.for::testAxisAttribute
18,org.apache.commons.jxpath.ri.model.for::testAttributeName
18,org.apache.commons.jxpath.ri.model.for::testAttributeLang
18,org.apache.commons.jxpath.ri.model.for::testCoreFunctions
18,org.apache.commons.jxpath.ri.model.for::testBooleanPredicate
18,org.apache.commons.jxpath.ri.model.for::testDocumentOrder
18,org.apache.commons.jxpath.ri.model.for::testSetPropertyValue
18,org.apache.commons.jxpath.ri.model.for::testSetCollectionElement
18,org.apache.commons.jxpath.ri.model.for::testSetContextDependentNode
18,org.apache.commons.jxpath.ri.model.for::testSetNonPrimitiveValue
18,org.apache.commons.jxpath.ri.model.for::testCreatePath
18,org.apache.commons.jxpath.ri.model.for::testCreatePathAndSetValue
18,org.apache.commons.jxpath.ri.model.for::testCreatePathExpandNewCollection
18,org.apache.commons.jxpath.ri.model.for::testCreatePathAndSetValueExpandNewCollection
18,org.apache.commons.jxpath.ri.model.for::testCreatePathExpandExistingCollection
18,org.apache.commons.jxpath.ri.model.for::testCreatePathExpandExistingCollectionAndSetProperty
18,org.apache.commons.jxpath.ri.model.for::testCreatePathAndSetValueExpandExistingCollection
18,org.apache.commons.jxpath.ri.model.for::testCreatePathCreateBeanExpandCollection
18,org.apache.commons.jxpath.ri.model.for::testCreatePathAndSetValueCreateBeanExpandCollection
18,org.apache.commons.jxpath.ri.model.for::testRemovePathPropertyValue
18,org.apache.commons.jxpath.ri.model.for::testRemovePathArrayElement
18,org.apache.commons.jxpath.ri.model.for::testRemoveAllArrayElements
18,org.apache.commons.jxpath.ri.model.for::testRemoveAllListElements
18,org.apache.commons.jxpath.ri.model.for::testRemoveAllMapEntries
18,org.apache.commons.jxpath.ri.model.for::testRemovePathBeanValue
18,org.apache.commons.jxpath.ri.model.for::testRelativeContextRelativePath
18,org.apache.commons.jxpath.ri.model.for::testRelativeContextAbsolutePath
18,org.apache.commons.jxpath.ri.model.for::testRelativeContextParent
18,org.apache.commons.jxpath.ri.model.for::testRelativeContextInheritance
18,org.apache.commons.jxpath.ri.compiler.VariableTest::testVariables
18,org.apache.commons.jxpath.ri.compiler.VariableTest::testVariablesInExpressions
18,org.apache.commons.jxpath.ri.compiler.VariableTest::testInvalidVariableName
18,org.apache.commons.jxpath.ri.compiler.VariableTest::testNestedContext
18,org.apache.commons.jxpath.ri.compiler.VariableTest::testSetValue
18,org.apache.commons.jxpath.ri.compiler.VariableTest::testCreatePathDeclareVariable
18,org.apache.commons.jxpath.ri.compiler.VariableTest::testCreatePathAndSetValueDeclareVariable
18,org.apache.commons.jxpath.ri.compiler.VariableTest::testCreatePathDeclareVariableSetCollectionElement
18,org.apache.commons.jxpath.ri.compiler.VariableTest::testCreateAndSetValuePathDeclareVariableSetCollectionElement
18,org.apache.commons.jxpath.ri.compiler.VariableTest::testCreatePathExpandCollection
18,org.apache.commons.jxpath.ri.compiler.VariableTest::testCreatePathAndSetValueExpandCollection
18,org.apache.commons.jxpath.ri.compiler.VariableTest::testCreatePathDeclareVariableSetProperty
18,org.apache.commons.jxpath.ri.compiler.VariableTest::testCreatePathAndSetValueDeclareVariableSetProperty
18,org.apache.commons.jxpath.ri.compiler.VariableTest::testCreatePathDeclareVariableSetCollectionElementProperty
18,org.apache.commons.jxpath.ri.compiler.VariableTest::testCreatePathAndSetValueDeclVarSetCollectionElementProperty
18,org.apache.commons.jxpath.ri.compiler.VariableTest::testRemovePathUndeclareVariable
18,org.apache.commons.jxpath.ri.compiler.VariableTest::testRemovePathArrayElement
18,org.apache.commons.jxpath.ri.compiler.VariableTest::testRemovePathCollectionElement
18,org.apache.commons.jxpath.ri.compiler.VariableTest::testUnionOfVariableAndNode
18,org.apache.commons.jxpath.ri.compiler.VariableTest::testIterateVariable
18,org.apache.commons.jxpath.ri.compiler.ExtensionFunctionTest::testConstructorLookup
18,org.apache.commons.jxpath.ri.compiler.ExtensionFunctionTest::testConstructorLookupWithExpressionContext
18,org.apache.commons.jxpath.ri.compiler.ExtensionFunctionTest::testStaticMethodLookup
18,org.apache.commons.jxpath.ri.compiler.ExtensionFunctionTest::testStaticMethodLookupWithConversion
18,org.apache.commons.jxpath.ri.compiler.ExtensionFunctionTest::testMethodLookup
18,org.apache.commons.jxpath.ri.compiler.ExtensionFunctionTest::testStaticMethodLookupWithExpressionContext
18,org.apache.commons.jxpath.ri.compiler.ExtensionFunctionTest::testMethodLookupWithExpressionContext
18,org.apache.commons.jxpath.ri.compiler.ExtensionFunctionTest::testMethodLookupWithExpressionContextAndArgument
18,org.apache.commons.jxpath.ri.compiler.ExtensionFunctionTest::testAllocation
18,org.apache.commons.jxpath.ri.compiler.ExtensionFunctionTest::testMethodCall
18,org.apache.commons.jxpath.ri.compiler.ExtensionFunctionTest::testCollectionMethodCall
18,org.apache.commons.jxpath.ri.compiler.ExtensionFunctionTest::testStaticMethodCall
18,org.apache.commons.jxpath.ri.compiler.ExtensionFunctionTest::testExpressionContext
18,org.apache.commons.jxpath.ri.compiler.ExtensionFunctionTest::testCollectionReturn
18,org.apache.commons.jxpath.ri.compiler.ExtensionFunctionTest::testNodeSetReturn
18,org.apache.commons.jxpath.ri.compiler.ExtensionFunctionTest::testEstablishNodeSetBaseline
18,org.apache.commons.jxpath.ri.compiler.ExtensionFunctionTest::testBCNodeSetHack
18,org.apache.commons.jxpath.ri.compiler.CoreOperationTest::testInfoSetTypes
18,org.apache.commons.jxpath.ri.compiler.CoreOperationTest::testNodeSetOperations
18,org.apache.commons.jxpath.ri.compiler.CoreOperationTest::testEmptyNodeSetOperations
18,org.apache.commons.jxpath.ri.compiler.CoreOperationTest::testNan
18,org.apache.commons.jxpath.ri.compiler.CoreFunctionTest::testCoreFunctions
18,org.apache.commons.jxpath.ri.compiler.CoreFunctionTest::testIDFunction
18,org.apache.commons.jxpath.ri.compiler.CoreFunctionTest::testKeyFunction
18,org.apache.commons.jxpath.ri.compiler.CoreFunctionTest::testExtendedKeyFunction
18,org.apache.commons.jxpath.ri.compiler.CoreFunctionTest::testFormatNumberFunction
18,org.apache.commons.jxpath.ri.compiler.ContextDependencyTest::testContextDependency
18,org.apache.commons.jxpath.ri.compiler.ContextDependencyTest::testContextDependency
18,org.apache.commons.jxpath.ri.axes.SimplePathInterpreterTest::testDoStepNoPredicatesPropertyOwner
18,org.apache.commons.jxpath.ri.axes.SimplePathInterpreterTest::testDoStepNoPredicatesStandard
18,org.apache.commons.jxpath.ri.axes.SimplePathInterpreterTest::testDoStepPredicatesPropertyOwner
18,org.apache.commons.jxpath.ri.axes.SimplePathInterpreterTest::testDoStepPredicatesStandard
18,org.apache.commons.jxpath.ri.axes.SimplePathInterpreterTest::testDoPredicateName
18,org.apache.commons.jxpath.ri.axes.SimplePathInterpreterTest::testDoPredicatesStandard
18,org.apache.commons.jxpath.ri.axes.SimplePathInterpreterTest::testDoPredicateIndex
18,org.apache.commons.jxpath.ri.axes.SimplePathInterpreterTest::testInterpretExpressionPath
18,org.apache.commons.jxpath.ri.axes.RecursiveAxesTest::testInfiniteDescent
18,org.apache.commons.jxpath.ri.StressTest::testThreads
18,org.apache.commons.jxpath.ri.JXPathCompiledExpressionTest::testConstant
18,org.apache.commons.jxpath.ri.JXPathCompiledExpressionTest::testCoreFunction
18,org.apache.commons.jxpath.ri.JXPathCompiledExpressionTest::testCoreOperationAnd
18,org.apache.commons.jxpath.ri.JXPathCompiledExpressionTest::testCoreOperationOr
18,org.apache.commons.jxpath.ri.JXPathCompiledExpressionTest::testCoreOperationEqual
18,org.apache.commons.jxpath.ri.JXPathCompiledExpressionTest::testCoreOperationNameAttributeTest
18,org.apache.commons.jxpath.ri.JXPathCompiledExpressionTest::testCoreOperationNotEqual
18,org.apache.commons.jxpath.ri.JXPathCompiledExpressionTest::testCoreOperationLessThan
18,org.apache.commons.jxpath.ri.JXPathCompiledExpressionTest::testCoreOperationLessThanOrEqual
18,org.apache.commons.jxpath.ri.JXPathCompiledExpressionTest::testCoreOperationGreaterThan
18,org.apache.commons.jxpath.ri.JXPathCompiledExpressionTest::testCoreOperationGreaterThanOrEqual
18,org.apache.commons.jxpath.ri.JXPathCompiledExpressionTest::testCoreOperationDivide
18,org.apache.commons.jxpath.ri.JXPathCompiledExpressionTest::testCoreOperationMod
18,org.apache.commons.jxpath.ri.JXPathCompiledExpressionTest::testCoreOperationMultiply
18,org.apache.commons.jxpath.ri.JXPathCompiledExpressionTest::testCoreOperationMinus
18,org.apache.commons.jxpath.ri.JXPathCompiledExpressionTest::testCoreOperationSum
18,org.apache.commons.jxpath.ri.JXPathCompiledExpressionTest::testCoreOperationUnaryMinus
18,org.apache.commons.jxpath.ri.JXPathCompiledExpressionTest::testCoreOperationUnion
18,org.apache.commons.jxpath.ri.JXPathCompiledExpressionTest::testExpressionPath
18,org.apache.commons.jxpath.ri.JXPathCompiledExpressionTest::testExtensionFunction
18,org.apache.commons.jxpath.ri.JXPathCompiledExpressionTest::testLocationPathAxisSelf
18,org.apache.commons.jxpath.ri.JXPathCompiledExpressionTest::testLocationPathAxisChild
18,org.apache.commons.jxpath.ri.JXPathCompiledExpressionTest::testLocationPathAxisParent
18,org.apache.commons.jxpath.ri.JXPathCompiledExpressionTest::testLocationPathAxisAttribute
18,org.apache.commons.jxpath.ri.JXPathCompiledExpressionTest::testLocationPathAxisDescendant
18,org.apache.commons.jxpath.ri.JXPathCompiledExpressionTest::testLocationPathAxisDescendantOrSelf
18,org.apache.commons.jxpath.ri.JXPathCompiledExpressionTest::testLocationPathAxisOther
18,org.apache.commons.jxpath.ri.JXPathCompiledExpressionTest::testLocationPathNodeTest
18,org.apache.commons.jxpath.ri.JXPathCompiledExpressionTest::testVariableReference
18,org.apache.commons.jxpath.BasicNodeSetTest::testAdd
18,org.apache.commons.jxpath.BasicNodeSetTest::testRemove
18,org.apache.commons.jxpath.BasicNodeSetTest::testNodes
19,org.apache.commons.jxpath.util.ClassLoaderUtilTest::testClassLoadFailWithoutContextClassLoader
19,org.apache.commons.jxpath.util.ClassLoaderUtilTest::testClassLoadSuccessWithContextClassLoader
19,org.apache.commons.jxpath.util.ClassLoaderUtilTest::testCurrentClassLoaderFallback
19,org.apache.commons.jxpath.util.ClassLoaderUtilTest::testClassLoadSuccessWithoutContextClassLoader
19,org.apache.commons.jxpath.util.BasicTypeConverterTest::testPrimitiveToString
19,org.apache.commons.jxpath.util.BasicTypeConverterTest::testArrayToList
19,org.apache.commons.jxpath.util.BasicTypeConverterTest::testArrayToArray
19,org.apache.commons.jxpath.util.BasicTypeConverterTest::testListToArray
19,org.apache.commons.jxpath.util.BasicTypeConverterTest::testInvalidConversion
19,org.apache.commons.jxpath.util.BasicTypeConverterTest::testSingletonCollectionToString
19,org.apache.commons.jxpath.util.BasicTypeConverterTest::testSingletonArrayToString
19,org.apache.commons.jxpath.util.BasicTypeConverterTest::testPointerToString
19,org.apache.commons.jxpath.util.BasicTypeConverterTest::testNodeSetToString
19,org.apache.commons.jxpath.util.BasicTypeConverterTest::testNodeSetToInteger
19,org.apache.commons.jxpath.util.BasicTypeConverterTest::testBeanUtilsConverter
19,org.apache.commons.jxpath.servlet.JXPathServletContextTest::testServletContext
19,org.apache.commons.jxpath.servlet.JXPathServletContextTest::testServletRequest
19,org.apache.commons.jxpath.servlet.JXPathServletContextTest::testServletRequestWithoutSession
19,org.apache.commons.jxpath.servlet.JXPathServletContextTest::testPageContext
19,org.apache.commons.jxpath.ri.model.JxPath19DebugTest::testDebugPointers
19,org.apache.commons.jxpath.ri.model.AliasedNamespaceIterationTest::testIterateDOM
19,org.apache.commons.jxpath.ri.model.AliasedNamespaceIterationTest::testIterateJDOM
19,org.apache.commons.jxpath.ri.model.jdom.JDOMModelTest::testGetNode
19,org.apache.commons.jxpath.ri.model.jdom.JDOMModelTest::testGetElementDescendantOrSelf
19,org.apache.commons.jxpath.ri.model.jdom.JDOMModelTest::testID
19,org.apache.commons.jxpath.ri.model.dynamic.DynamicPropertiesModelTest::testAxisChild
19,org.apache.commons.jxpath.ri.model.dynamic.DynamicPropertiesModelTest::testAxisDescendant
19,org.apache.commons.jxpath.ri.model.dynamic.DynamicPropertiesModelTest::testAttributeName
19,org.apache.commons.jxpath.ri.model.dynamic.DynamicPropertiesModelTest::testSetPrimitiveValue
19,org.apache.commons.jxpath.ri.model.dynamic.DynamicPropertiesModelTest::testSetCollection
19,org.apache.commons.jxpath.ri.model.dynamic.DynamicPropertiesModelTest::testSetNewKey
19,org.apache.commons.jxpath.ri.model.dynamic.DynamicPropertiesModelTest::testCreatePath
19,org.apache.commons.jxpath.ri.model.dynamic.DynamicPropertiesModelTest::testCreatePathAndSetValue
19,org.apache.commons.jxpath.ri.model.dynamic.DynamicPropertiesModelTest::testCreatePathCreateBean
19,org.apache.commons.jxpath.ri.model.dynamic.DynamicPropertiesModelTest::testCreatePathAndSetValueCreateBean
19,org.apache.commons.jxpath.ri.model.dynamic.DynamicPropertiesModelTest::testCreatePathCollectionElement
19,org.apache.commons.jxpath.ri.model.dynamic.DynamicPropertiesModelTest::testCreatePathAndSetValueCollectionElement
19,org.apache.commons.jxpath.ri.model.dynamic.DynamicPropertiesModelTest::testCreatePathNewCollectionElement
19,org.apache.commons.jxpath.ri.model.dynamic.DynamicPropertiesModelTest::testCreatePathAndSetValueNewCollectionElement
19,org.apache.commons.jxpath.ri.model.dynamic.DynamicPropertiesModelTest::testRemovePath
19,org.apache.commons.jxpath.ri.model.dynamic.DynamicPropertiesModelTest::testRemovePathArrayElement
19,org.apache.commons.jxpath.ri.model.dynamic.DynamicPropertiesModelTest::testCollectionOfMaps
19,org.apache.commons.jxpath.ri.model.dynamic.DynamicPropertiesModelTest::testMapOfMaps
19,org.apache.commons.jxpath.ri.model.dom.DOMModelTest::testGetNode
19,org.apache.commons.jxpath.ri.model.dom.DOMModelTest::testGetElementDescendantOrSelf
19,org.apache.commons.jxpath.ri.model.container.ContainerModelTest::testContainerVariableWithCollection
19,org.apache.commons.jxpath.ri.model.container.ContainerModelTest::testContainerPropertyWithCollection
19,org.apache.commons.jxpath.ri.model.container.ContainerModelTest::testContainerMapWithCollection
19,org.apache.commons.jxpath.ri.model.container.ContainerModelTest::testContainerRootWithCollection
19,org.apache.commons.jxpath.ri.model.beans.BeanModelTest::testIndexedProperty
19,org.apache.commons.jxpath.ri.model.beans.BadlyImplementedFactoryTest::testBadFactoryImplementation
19,org.apache.commons.jxpath.ri.model.XMLSpaceTest::testUnspecifiedDOM
19,org.apache.commons.jxpath.ri.model.XMLSpaceTest::testDefaultDOM
19,org.apache.commons.jxpath.ri.model.XMLSpaceTest::testPreserveDOM
19,org.apache.commons.jxpath.ri.model.XMLSpaceTest::testNestedDOM
19,org.apache.commons.jxpath.ri.model.XMLSpaceTest::testNestedWithCommentsDOM
19,org.apache.commons.jxpath.ri.model.XMLSpaceTest::testUnspecifiedJDOM
19,org.apache.commons.jxpath.ri.model.XMLSpaceTest::testDefaultJDOM
19,org.apache.commons.jxpath.ri.model.XMLSpaceTest::testPreserveJDOM
19,org.apache.commons.jxpath.ri.model.XMLSpaceTest::testNestedJDOM
19,org.apache.commons.jxpath.ri.model.XMLSpaceTest::testNestedWithCommentsJDOM
19,org.apache.commons.jxpath.ri.model.XMLPreserveSpaceTest::testUnspecifiedDOM
19,org.apache.commons.jxpath.ri.model.XMLPreserveSpaceTest::testDefaultDOM
19,org.apache.commons.jxpath.ri.model.XMLPreserveSpaceTest::testPreserveDOM
19,org.apache.commons.jxpath.ri.model.XMLPreserveSpaceTest::testNestedDOM
19,org.apache.commons.jxpath.ri.model.XMLPreserveSpaceTest::testNestedWithCommentsDOM
19,org.apache.commons.jxpath.ri.model.XMLPreserveSpaceTest::testUnspecifiedJDOM
19,org.apache.commons.jxpath.ri.model.XMLPreserveSpaceTest::testDefaultJDOM
19,org.apache.commons.jxpath.ri.model.XMLPreserveSpaceTest::testPreserveJDOM
19,org.apache.commons.jxpath.ri.model.XMLPreserveSpaceTest::testNestedJDOM
19,org.apache.commons.jxpath.ri.model.XMLPreserveSpaceTest::testNestedWithCommentsJDOM
19,org.apache.commons.jxpath.ri.model.for::testDocumentOrder
19,org.apache.commons.jxpath.ri.model.for::testSetValue
19,org.apache.commons.jxpath.ri.model.for::testCreatePath
19,org.apache.commons.jxpath.ri.model.for::testCreatePathAndSetValue
19,org.apache.commons.jxpath.ri.model.for::testRemovePath
19,org.apache.commons.jxpath.ri.model.for::testID
19,org.apache.commons.jxpath.ri.model.for::testAxisChild
19,org.apache.commons.jxpath.ri.model.for::testAxisChildIndexPredicate
19,org.apache.commons.jxpath.ri.model.for::testAxisDescendant
19,org.apache.commons.jxpath.ri.model.for::testAxisParent
19,org.apache.commons.jxpath.ri.model.for::testAxisFollowingSibling
19,org.apache.commons.jxpath.ri.model.for::testAxisPrecedingSibling
19,org.apache.commons.jxpath.ri.model.for::testAxisPreceding
19,org.apache.commons.jxpath.ri.model.for::testAxisAttribute
19,org.apache.commons.jxpath.ri.model.for::testAxisNamespace
19,org.apache.commons.jxpath.ri.model.for::testAxisAncestor
19,org.apache.commons.jxpath.ri.model.for::testAxisAncestorOrSelf
19,org.apache.commons.jxpath.ri.model.for::testAxisFollowing
19,org.apache.commons.jxpath.ri.model.for::testAxisSelf
19,org.apache.commons.jxpath.ri.model.for::testNodeTypeComment
19,org.apache.commons.jxpath.ri.model.for::testNodeTypeText
19,org.apache.commons.jxpath.ri.model.for::testNodeTypeProcessingInstruction
19,org.apache.commons.jxpath.ri.model.for::testLang
19,org.apache.commons.jxpath.ri.model.for::testDocument
19,org.apache.commons.jxpath.ri.model.for::testContainer
19,org.apache.commons.jxpath.ri.model.for::testElementInVariable
19,org.apache.commons.jxpath.ri.model.for::testTypeConversions
19,org.apache.commons.jxpath.ri.model.for::testBooleanFunction
19,org.apache.commons.jxpath.ri.model.for::testFunctionsLastAndPosition
19,org.apache.commons.jxpath.ri.model.for::testNamespaceMapping
19,org.apache.commons.jxpath.ri.model.for::testUnion
19,org.apache.commons.jxpath.ri.model.for::testNodes
19,org.apache.commons.jxpath.ri.model.MixedModelTest::testVar
19,org.apache.commons.jxpath.ri.model.MixedModelTest::testVarPrimitive
19,org.apache.commons.jxpath.ri.model.MixedModelTest::testVarBean
19,org.apache.commons.jxpath.ri.model.MixedModelTest::testVarMap
19,org.apache.commons.jxpath.ri.model.MixedModelTest::testVarList
19,org.apache.commons.jxpath.ri.model.MixedModelTest::testVarDocument
19,org.apache.commons.jxpath.ri.model.MixedModelTest::testVarElement
19,org.apache.commons.jxpath.ri.model.MixedModelTest::testVarContainer
19,org.apache.commons.jxpath.ri.model.MixedModelTest::testBeanPrimitive
19,org.apache.commons.jxpath.ri.model.MixedModelTest::testBeanBean
19,org.apache.commons.jxpath.ri.model.MixedModelTest::testBeanMap
19,org.apache.commons.jxpath.ri.model.MixedModelTest::testBeanList
19,org.apache.commons.jxpath.ri.model.MixedModelTest::testBeanDocument
19,org.apache.commons.jxpath.ri.model.MixedModelTest::testBeanElement
19,org.apache.commons.jxpath.ri.model.MixedModelTest::testBeanContainer
19,org.apache.commons.jxpath.ri.model.MixedModelTest::testMapPrimitive
19,org.apache.commons.jxpath.ri.model.MixedModelTest::testMapBean
19,org.apache.commons.jxpath.ri.model.MixedModelTest::testMapMap
19,org.apache.commons.jxpath.ri.model.MixedModelTest::testMapList
19,org.apache.commons.jxpath.ri.model.MixedModelTest::testMapDocument
19,org.apache.commons.jxpath.ri.model.MixedModelTest::testMapElement
19,org.apache.commons.jxpath.ri.model.MixedModelTest::testMapContainer
19,org.apache.commons.jxpath.ri.model.MixedModelTest::testListPrimitive
19,org.apache.commons.jxpath.ri.model.MixedModelTest::testListBean
19,org.apache.commons.jxpath.ri.model.MixedModelTest::testListMap
19,org.apache.commons.jxpath.ri.model.MixedModelTest::testListList
19,org.apache.commons.jxpath.ri.model.MixedModelTest::testListDocument
19,org.apache.commons.jxpath.ri.model.MixedModelTest::testListElement
19,org.apache.commons.jxpath.ri.model.MixedModelTest::testListContainer
19,org.apache.commons.jxpath.ri.model.MixedModelTest::testNull
19,org.apache.commons.jxpath.ri.model.MixedModelTest::testRootAsCollection
19,org.apache.commons.jxpath.ri.model.MixedModelTest::testCreatePath
19,org.apache.commons.jxpath.ri.model.MixedModelTest::testIterateArray
19,org.apache.commons.jxpath.ri.model.MixedModelTest::testIteratePointersArray
19,org.apache.commons.jxpath.ri.model.MixedModelTest::testIteratePointersArrayElementWithVariable
19,org.apache.commons.jxpath.ri.model.MixedModelTest::testIterateVector
19,org.apache.commons.jxpath.ri.model.MixedModelTest::testErrorProperty
19,org.apache.commons.jxpath.ri.model.MixedModelTest::testMatrix
19,org.apache.commons.jxpath.ri.model.MixedModelTest::testCreatePathAndSetValueWithMatrix
19,org.apache.commons.jxpath.ri.model.MixedModelTest::testCollectionPointer
19,org.apache.commons.jxpath.ri.model.ExternalXMLNamespaceTest::testAttributeDOM
19,org.apache.commons.jxpath.ri.model.ExternalXMLNamespaceTest::testElementDOM
19,org.apache.commons.jxpath.ri.model.ExternalXMLNamespaceTest::testCreateAndSetAttributeDOM
19,org.apache.commons.jxpath.ri.model.EmptyCollectionTest::testEmptyList
19,org.apache.commons.jxpath.ri.model.EmptyCollectionTest::testEmptyArray
19,org.apache.commons.jxpath.ri.model.EmptyCollectionTest::testEmptySet
19,org.apache.commons.jxpath.ri.model.EmptyCollectionTest::testEmptyChildList
19,org.apache.commons.jxpath.ri.model.EmptyCollectionTest::testEmptyChildArray
19,org.apache.commons.jxpath.ri.model.EmptyCollectionTest::testEmptyChildSet
19,org.apache.commons.jxpath.ri.model.EmbeddedColonMapKeysTest::testSelectNodes
19,org.apache.commons.jxpath.ri.model.EmbeddedColonMapKeysTest::testSelectSingleNode
19,org.apache.commons.jxpath.ri.model.for::testIndividualIterators
19,org.apache.commons.jxpath.ri.model.for::testMultipleIterators
19,org.apache.commons.jxpath.ri.model.for::testIteratePropertyArrayWithHasNext
19,org.apache.commons.jxpath.ri.model.for::testIteratePropertyArrayWithoutHasNext
19,org.apache.commons.jxpath.ri.model.for::testIterateAndSet
19,org.apache.commons.jxpath.ri.model.for::testIteratePointerSetValue
19,org.apache.commons.jxpath.ri.model.for::testRoot
19,org.apache.commons.jxpath.ri.model.for::testAxisAncestor
19,org.apache.commons.jxpath.ri.model.for::testAxisChild
19,org.apache.commons.jxpath.ri.model.for::testAxisChildNestedBean
19,org.apache.commons.jxpath.ri.model.for::testAxisChildNestedCollection
19,org.apache.commons.jxpath.ri.model.for::testIndexPredicate
19,org.apache.commons.jxpath.ri.model.for::testAxisDescendant
19,org.apache.commons.jxpath.ri.model.for::testAxisDescendantOrSelf
19,org.apache.commons.jxpath.ri.model.for::testAxisFollowing
19,org.apache.commons.jxpath.ri.model.for::testAxisFollowingSibling
19,org.apache.commons.jxpath.ri.model.for::testAxisParent
19,org.apache.commons.jxpath.ri.model.for::testAxisPreceding
19,org.apache.commons.jxpath.ri.model.for::testAxisPrecedingSibling
19,org.apache.commons.jxpath.ri.model.for::testAxisSelf
19,org.apache.commons.jxpath.ri.model.for::testUnion
19,org.apache.commons.jxpath.ri.model.for::testAxisAttribute
19,org.apache.commons.jxpath.ri.model.for::testAttributeName
19,org.apache.commons.jxpath.ri.model.for::testAttributeLang
19,org.apache.commons.jxpath.ri.model.for::testCoreFunctions
19,org.apache.commons.jxpath.ri.model.for::testBooleanPredicate
19,org.apache.commons.jxpath.ri.model.for::testDocumentOrder
19,org.apache.commons.jxpath.ri.model.for::testSetPropertyValue
19,org.apache.commons.jxpath.ri.model.for::testSetCollectionElement
19,org.apache.commons.jxpath.ri.model.for::testSetContextDependentNode
19,org.apache.commons.jxpath.ri.model.for::testSetNonPrimitiveValue
19,org.apache.commons.jxpath.ri.model.for::testCreatePath
19,org.apache.commons.jxpath.ri.model.for::testCreatePathAndSetValue
19,org.apache.commons.jxpath.ri.model.for::testCreatePathExpandNewCollection
19,org.apache.commons.jxpath.ri.model.for::testCreatePathAndSetValueExpandNewCollection
19,org.apache.commons.jxpath.ri.model.for::testCreatePathExpandExistingCollection
19,org.apache.commons.jxpath.ri.model.for::testCreatePathExpandExistingCollectionAndSetProperty
19,org.apache.commons.jxpath.ri.model.for::testCreatePathAndSetValueExpandExistingCollection
19,org.apache.commons.jxpath.ri.model.for::testCreatePathCreateBeanExpandCollection
19,org.apache.commons.jxpath.ri.model.for::testCreatePathAndSetValueCreateBeanExpandCollection
19,org.apache.commons.jxpath.ri.model.for::testRemovePathPropertyValue
19,org.apache.commons.jxpath.ri.model.for::testRemovePathArrayElement
19,org.apache.commons.jxpath.ri.model.for::testRemoveAllArrayElements
19,org.apache.commons.jxpath.ri.model.for::testRemoveAllListElements
19,org.apache.commons.jxpath.ri.model.for::testRemoveAllMapEntries
19,org.apache.commons.jxpath.ri.model.for::testRemovePathBeanValue
19,org.apache.commons.jxpath.ri.model.for::testRelativeContextRelativePath
19,org.apache.commons.jxpath.ri.model.for::testRelativeContextAbsolutePath
19,org.apache.commons.jxpath.ri.model.for::testRelativeContextParent
19,org.apache.commons.jxpath.ri.model.for::testRelativeContextInheritance
19,org.apache.commons.jxpath.ri.compiler.VariableTest::testVariables
19,org.apache.commons.jxpath.ri.compiler.VariableTest::testVariablesInExpressions
19,org.apache.commons.jxpath.ri.compiler.VariableTest::testInvalidVariableName
19,org.apache.commons.jxpath.ri.compiler.VariableTest::testNestedContext
19,org.apache.commons.jxpath.ri.compiler.VariableTest::testSetValue
19,org.apache.commons.jxpath.ri.compiler.VariableTest::testCreatePathDeclareVariable
19,org.apache.commons.jxpath.ri.compiler.VariableTest::testCreatePathAndSetValueDeclareVariable
19,org.apache.commons.jxpath.ri.compiler.VariableTest::testCreatePathDeclareVariableSetCollectionElement
19,org.apache.commons.jxpath.ri.compiler.VariableTest::testCreateAndSetValuePathDeclareVariableSetCollectionElement
19,org.apache.commons.jxpath.ri.compiler.VariableTest::testCreatePathExpandCollection
19,org.apache.commons.jxpath.ri.compiler.VariableTest::testCreatePathAndSetValueExpandCollection
19,org.apache.commons.jxpath.ri.compiler.VariableTest::testCreatePathDeclareVariableSetProperty
19,org.apache.commons.jxpath.ri.compiler.VariableTest::testCreatePathAndSetValueDeclareVariableSetProperty
19,org.apache.commons.jxpath.ri.compiler.VariableTest::testCreatePathDeclareVariableSetCollectionElementProperty
19,org.apache.commons.jxpath.ri.compiler.VariableTest::testCreatePathAndSetValueDeclVarSetCollectionElementProperty
19,org.apache.commons.jxpath.ri.compiler.VariableTest::testRemovePathUndeclareVariable
19,org.apache.commons.jxpath.ri.compiler.VariableTest::testRemovePathArrayElement
19,org.apache.commons.jxpath.ri.compiler.VariableTest::testRemovePathCollectionElement
19,org.apache.commons.jxpath.ri.compiler.VariableTest::testUnionOfVariableAndNode
19,org.apache.commons.jxpath.ri.compiler.VariableTest::testIterateVariable
19,org.apache.commons.jxpath.ri.compiler.ExtensionFunctionTest::testConstructorLookup
19,org.apache.commons.jxpath.ri.compiler.ExtensionFunctionTest::testConstructorLookupWithExpressionContext
19,org.apache.commons.jxpath.ri.compiler.ExtensionFunctionTest::testStaticMethodLookup
19,org.apache.commons.jxpath.ri.compiler.ExtensionFunctionTest::testStaticMethodLookupWithConversion
19,org.apache.commons.jxpath.ri.compiler.ExtensionFunctionTest::testMethodLookup
19,org.apache.commons.jxpath.ri.compiler.ExtensionFunctionTest::testStaticMethodLookupWithExpressionContext
19,org.apache.commons.jxpath.ri.compiler.ExtensionFunctionTest::testMethodLookupWithExpressionContext
19,org.apache.commons.jxpath.ri.compiler.ExtensionFunctionTest::testMethodLookupWithExpressionContextAndArgument
19,org.apache.commons.jxpath.ri.compiler.ExtensionFunctionTest::testAllocation
19,org.apache.commons.jxpath.ri.compiler.ExtensionFunctionTest::testMethodCall
19,org.apache.commons.jxpath.ri.compiler.ExtensionFunctionTest::testCollectionMethodCall
19,org.apache.commons.jxpath.ri.compiler.ExtensionFunctionTest::testStaticMethodCall
19,org.apache.commons.jxpath.ri.compiler.ExtensionFunctionTest::testExpressionContext
19,org.apache.commons.jxpath.ri.compiler.ExtensionFunctionTest::testCollectionReturn
19,org.apache.commons.jxpath.ri.compiler.ExtensionFunctionTest::testNodeSetReturn
19,org.apache.commons.jxpath.ri.compiler.ExtensionFunctionTest::testEstablishNodeSetBaseline
19,org.apache.commons.jxpath.ri.compiler.ExtensionFunctionTest::testBCNodeSetHack
19,org.apache.commons.jxpath.ri.compiler.CoreOperationTest::testInfoSetTypes
19,org.apache.commons.jxpath.ri.compiler.CoreOperationTest::testNodeSetOperations
19,org.apache.commons.jxpath.ri.compiler.CoreOperationTest::testEmptyNodeSetOperations
19,org.apache.commons.jxpath.ri.compiler.CoreOperationTest::testNan
19,org.apache.commons.jxpath.ri.compiler.CoreFunctionTest::testCoreFunctions
19,org.apache.commons.jxpath.ri.compiler.CoreFunctionTest::testIDFunction
19,org.apache.commons.jxpath.ri.compiler.CoreFunctionTest::testKeyFunction
19,org.apache.commons.jxpath.ri.compiler.CoreFunctionTest::testExtendedKeyFunction
19,org.apache.commons.jxpath.ri.compiler.CoreFunctionTest::testFormatNumberFunction
19,org.apache.commons.jxpath.ri.compiler.ContextDependencyTest::testContextDependency
19,org.apache.commons.jxpath.ri.compiler.ContextDependencyTest::testContextDependency
19,org.apache.commons.jxpath.ri.axes.SimplePathInterpreterTest::testDoStepNoPredicatesPropertyOwner
19,org.apache.commons.jxpath.ri.axes.SimplePathInterpreterTest::testDoStepNoPredicatesStandard
19,org.apache.commons.jxpath.ri.axes.SimplePathInterpreterTest::testDoStepPredicatesPropertyOwner
19,org.apache.commons.jxpath.ri.axes.SimplePathInterpreterTest::testDoStepPredicatesStandard
19,org.apache.commons.jxpath.ri.axes.SimplePathInterpreterTest::testDoPredicateName
19,org.apache.commons.jxpath.ri.axes.SimplePathInterpreterTest::testDoPredicatesStandard
19,org.apache.commons.jxpath.ri.axes.SimplePathInterpreterTest::testDoPredicateIndex
19,org.apache.commons.jxpath.ri.axes.SimplePathInterpreterTest::testInterpretExpressionPath
19,org.apache.commons.jxpath.ri.axes.RecursiveAxesTest::testInfiniteDescent
19,org.apache.commons.jxpath.ri.StressTest::testThreads
19,org.apache.commons.jxpath.ri.JXPathCompiledExpressionTest::testConstant
19,org.apache.commons.jxpath.ri.JXPathCompiledExpressionTest::testCoreFunction
19,org.apache.commons.jxpath.ri.JXPathCompiledExpressionTest::testCoreOperationAnd
19,org.apache.commons.jxpath.ri.JXPathCompiledExpressionTest::testCoreOperationOr
19,org.apache.commons.jxpath.ri.JXPathCompiledExpressionTest::testCoreOperationEqual
19,org.apache.commons.jxpath.ri.JXPathCompiledExpressionTest::testCoreOperationNameAttributeTest
19,org.apache.commons.jxpath.ri.JXPathCompiledExpressionTest::testCoreOperationNotEqual
19,org.apache.commons.jxpath.ri.JXPathCompiledExpressionTest::testCoreOperationLessThan
19,org.apache.commons.jxpath.ri.JXPathCompiledExpressionTest::testCoreOperationLessThanOrEqual
19,org.apache.commons.jxpath.ri.JXPathCompiledExpressionTest::testCoreOperationGreaterThan
19,org.apache.commons.jxpath.ri.JXPathCompiledExpressionTest::testCoreOperationGreaterThanOrEqual
19,org.apache.commons.jxpath.ri.JXPathCompiledExpressionTest::testCoreOperationDivide
19,org.apache.commons.jxpath.ri.JXPathCompiledExpressionTest::testCoreOperationMod
19,org.apache.commons.jxpath.ri.JXPathCompiledExpressionTest::testCoreOperationMultiply
19,org.apache.commons.jxpath.ri.JXPathCompiledExpressionTest::testCoreOperationMinus
19,org.apache.commons.jxpath.ri.JXPathCompiledExpressionTest::testCoreOperationSum
19,org.apache.commons.jxpath.ri.JXPathCompiledExpressionTest::testCoreOperationUnaryMinus
19,org.apache.commons.jxpath.ri.JXPathCompiledExpressionTest::testCoreOperationUnion
19,org.apache.commons.jxpath.ri.JXPathCompiledExpressionTest::testExpressionPath
19,org.apache.commons.jxpath.ri.JXPathCompiledExpressionTest::testExtensionFunction
19,org.apache.commons.jxpath.ri.JXPathCompiledExpressionTest::testLocationPathAxisSelf
19,org.apache.commons.jxpath.ri.JXPathCompiledExpressionTest::testLocationPathAxisChild
19,org.apache.commons.jxpath.ri.JXPathCompiledExpressionTest::testLocationPathAxisParent
19,org.apache.commons.jxpath.ri.JXPathCompiledExpressionTest::testLocationPathAxisAttribute
19,org.apache.commons.jxpath.ri.JXPathCompiledExpressionTest::testLocationPathAxisDescendant
19,org.apache.commons.jxpath.ri.JXPathCompiledExpressionTest::testLocationPathAxisDescendantOrSelf
19,org.apache.commons.jxpath.ri.JXPathCompiledExpressionTest::testLocationPathAxisOther
19,org.apache.commons.jxpath.ri.JXPathCompiledExpressionTest::testLocationPathNodeTest
19,org.apache.commons.jxpath.ri.JXPathCompiledExpressionTest::testVariableReference
19,org.apache.commons.jxpath.BasicNodeSetTest::testAdd
19,org.apache.commons.jxpath.BasicNodeSetTest::testRemove
19,org.apache.commons.jxpath.BasicNodeSetTest::testNodes
20,org.apache.commons.jxpath.util.ClassLoaderUtilTest::testClassLoadFailWithoutContextClassLoader
20,org.apache.commons.jxpath.util.ClassLoaderUtilTest::testClassLoadSuccessWithContextClassLoader
20,org.apache.commons.jxpath.util.ClassLoaderUtilTest::testCurrentClassLoaderFallback
20,org.apache.commons.jxpath.util.ClassLoaderUtilTest::testClassLoadSuccessWithoutContextClassLoader
20,org.apache.commons.jxpath.util.BasicTypeConverterTest::testPrimitiveToString
20,org.apache.commons.jxpath.util.BasicTypeConverterTest::testArrayToList
20,org.apache.commons.jxpath.util.BasicTypeConverterTest::testArrayToArray
20,org.apache.commons.jxpath.util.BasicTypeConverterTest::testListToArray
20,org.apache.commons.jxpath.util.BasicTypeConverterTest::testInvalidConversion
20,org.apache.commons.jxpath.util.BasicTypeConverterTest::testSingletonCollectionToString
20,org.apache.commons.jxpath.util.BasicTypeConverterTest::testSingletonArrayToString
20,org.apache.commons.jxpath.util.BasicTypeConverterTest::testPointerToString
20,org.apache.commons.jxpath.util.BasicTypeConverterTest::testNodeSetToString
20,org.apache.commons.jxpath.util.BasicTypeConverterTest::testNodeSetToInteger
20,org.apache.commons.jxpath.util.BasicTypeConverterTest::testBeanUtilsConverter
20,org.apache.commons.jxpath.servlet.JXPathServletContextTest::testServletContext
20,org.apache.commons.jxpath.servlet.JXPathServletContextTest::testServletRequest
20,org.apache.commons.jxpath.servlet.JXPathServletContextTest::testServletRequestWithoutSession
20,org.apache.commons.jxpath.servlet.JXPathServletContextTest::testPageContext
20,org.apache.commons.jxpath.ri.model.jdom.JDOMModelTest::testGetNode
20,org.apache.commons.jxpath.ri.model.jdom.JDOMModelTest::testGetElementDescendantOrSelf
20,org.apache.commons.jxpath.ri.model.jdom.JDOMModelTest::testID
20,org.apache.commons.jxpath.ri.model.dynamic.DynamicPropertiesModelTest::testAxisChild
20,org.apache.commons.jxpath.ri.model.dynamic.DynamicPropertiesModelTest::testAxisDescendant
20,org.apache.commons.jxpath.ri.model.dynamic.DynamicPropertiesModelTest::testAttributeName
20,org.apache.commons.jxpath.ri.model.dynamic.DynamicPropertiesModelTest::testSetPrimitiveValue
20,org.apache.commons.jxpath.ri.model.dynamic.DynamicPropertiesModelTest::testSetCollection
20,org.apache.commons.jxpath.ri.model.dynamic.DynamicPropertiesModelTest::testSetNewKey
20,org.apache.commons.jxpath.ri.model.dynamic.DynamicPropertiesModelTest::testCreatePath
20,org.apache.commons.jxpath.ri.model.dynamic.DynamicPropertiesModelTest::testCreatePathAndSetValue
20,org.apache.commons.jxpath.ri.model.dynamic.DynamicPropertiesModelTest::testCreatePathCreateBean
20,org.apache.commons.jxpath.ri.model.dynamic.DynamicPropertiesModelTest::testCreatePathAndSetValueCreateBean
20,org.apache.commons.jxpath.ri.model.dynamic.DynamicPropertiesModelTest::testCreatePathCollectionElement
20,org.apache.commons.jxpath.ri.model.dynamic.DynamicPropertiesModelTest::testCreatePathAndSetValueCollectionElement
20,org.apache.commons.jxpath.ri.model.dynamic.DynamicPropertiesModelTest::testCreatePathNewCollectionElement
20,org.apache.commons.jxpath.ri.model.dynamic.DynamicPropertiesModelTest::testCreatePathAndSetValueNewCollectionElement
20,org.apache.commons.jxpath.ri.model.dynamic.DynamicPropertiesModelTest::testRemovePath
20,org.apache.commons.jxpath.ri.model.dynamic.DynamicPropertiesModelTest::testRemovePathArrayElement
20,org.apache.commons.jxpath.ri.model.dynamic.DynamicPropertiesModelTest::testCollectionOfMaps
20,org.apache.commons.jxpath.ri.model.dynamic.DynamicPropertiesModelTest::testMapOfMaps
20,org.apache.commons.jxpath.ri.model.dynabeans.LazyDynaBeanTest::testStrictLazyDynaBeanPropertyFactory
20,org.apache.commons.jxpath.ri.model.dom.DOMModelTest::testGetNode
20,org.apache.commons.jxpath.ri.model.dom.DOMModelTest::testGetElementDescendantOrSelf
20,org.apache.commons.jxpath.ri.model.container.ContainerModelTest::testContainerVariableWithCollection
20,org.apache.commons.jxpath.ri.model.container.ContainerModelTest::testContainerPropertyWithCollection
20,org.apache.commons.jxpath.ri.model.container.ContainerModelTest::testContainerMapWithCollection
20,org.apache.commons.jxpath.ri.model.container.ContainerModelTest::testContainerRootWithCollection
20,org.apache.commons.jxpath.ri.model.beans.BeanModelTest::testIndexedProperty
20,org.apache.commons.jxpath.ri.model.beans.BadlyImplementedFactoryTest::testBadFactoryImplementation
20,org.apache.commons.jxpath.ri.model.XMLUpperCaseElementsTest::testBasicGetDOM
20,org.apache.commons.jxpath.ri.model.XMLUpperCaseElementsTest::testBasicGetJDOM
20,org.apache.commons.jxpath.ri.model.XMLUpperCaseElementsTest::testBasicIterateDOM
20,org.apache.commons.jxpath.ri.model.XMLUpperCaseElementsTest::testBasicIterateJDOM
20,org.apache.commons.jxpath.ri.model.XMLSpaceTest::testUnspecifiedDOM
20,org.apache.commons.jxpath.ri.model.XMLSpaceTest::testDefaultDOM
20,org.apache.commons.jxpath.ri.model.XMLSpaceTest::testPreserveDOM
20,org.apache.commons.jxpath.ri.model.XMLSpaceTest::testNestedDOM
20,org.apache.commons.jxpath.ri.model.XMLSpaceTest::testNestedWithCommentsDOM
20,org.apache.commons.jxpath.ri.model.XMLSpaceTest::testUnspecifiedJDOM
20,org.apache.commons.jxpath.ri.model.XMLSpaceTest::testDefaultJDOM
20,org.apache.commons.jxpath.ri.model.XMLSpaceTest::testPreserveJDOM
20,org.apache.commons.jxpath.ri.model.XMLSpaceTest::testNestedJDOM
20,org.apache.commons.jxpath.ri.model.XMLSpaceTest::testNestedWithCommentsJDOM
20,org.apache.commons.jxpath.ri.model.XMLPreserveSpaceTest::testUnspecifiedDOM
20,org.apache.commons.jxpath.ri.model.XMLPreserveSpaceTest::testDefaultDOM
20,org.apache.commons.jxpath.ri.model.XMLPreserveSpaceTest::testPreserveDOM
20,org.apache.commons.jxpath.ri.model.XMLPreserveSpaceTest::testNestedDOM
20,org.apache.commons.jxpath.ri.model.XMLPreserveSpaceTest::testNestedWithCommentsDOM
20,org.apache.commons.jxpath.ri.model.XMLPreserveSpaceTest::testUnspecifiedJDOM
20,org.apache.commons.jxpath.ri.model.XMLPreserveSpaceTest::testDefaultJDOM
20,org.apache.commons.jxpath.ri.model.XMLPreserveSpaceTest::testPreserveJDOM
20,org.apache.commons.jxpath.ri.model.XMLPreserveSpaceTest::testNestedJDOM
20,org.apache.commons.jxpath.ri.model.XMLPreserveSpaceTest::testNestedWithCommentsJDOM
20,org.apache.commons.jxpath.ri.model.for::testDocumentOrder
20,org.apache.commons.jxpath.ri.model.for::testSetValue
20,org.apache.commons.jxpath.ri.model.for::testCreatePath
20,org.apache.commons.jxpath.ri.model.for::testCreatePathAndSetValue
20,org.apache.commons.jxpath.ri.model.for::testRemovePath
20,org.apache.commons.jxpath.ri.model.for::testID
20,org.apache.commons.jxpath.ri.model.for::testAxisChild
20,org.apache.commons.jxpath.ri.model.for::testAxisChildIndexPredicate
20,org.apache.commons.jxpath.ri.model.for::testAxisDescendant
20,org.apache.commons.jxpath.ri.model.for::testAxisParent
20,org.apache.commons.jxpath.ri.model.for::testAxisFollowingSibling
20,org.apache.commons.jxpath.ri.model.for::testAxisPrecedingSibling
20,org.apache.commons.jxpath.ri.model.for::testAxisPreceding
20,org.apache.commons.jxpath.ri.model.for::testAxisAttribute
20,org.apache.commons.jxpath.ri.model.for::testAxisNamespace
20,org.apache.commons.jxpath.ri.model.for::testAxisAncestor
20,org.apache.commons.jxpath.ri.model.for::testAxisAncestorOrSelf
20,org.apache.commons.jxpath.ri.model.for::testAxisFollowing
20,org.apache.commons.jxpath.ri.model.for::testAxisSelf
20,org.apache.commons.jxpath.ri.model.for::testNodeTypeComment
20,org.apache.commons.jxpath.ri.model.for::testNodeTypeText
20,org.apache.commons.jxpath.ri.model.for::testNodeTypeProcessingInstruction
20,org.apache.commons.jxpath.ri.model.for::testLang
20,org.apache.commons.jxpath.ri.model.for::testDocument
20,org.apache.commons.jxpath.ri.model.for::testContainer
20,org.apache.commons.jxpath.ri.model.for::testElementInVariable
20,org.apache.commons.jxpath.ri.model.for::testTypeConversions
20,org.apache.commons.jxpath.ri.model.for::testBooleanFunction
20,org.apache.commons.jxpath.ri.model.for::testFunctionsLastAndPosition
20,org.apache.commons.jxpath.ri.model.for::testNamespaceMapping
20,org.apache.commons.jxpath.ri.model.for::testUnion
20,org.apache.commons.jxpath.ri.model.for::testNodes
20,org.apache.commons.jxpath.ri.model.MixedModelTest::testVar
20,org.apache.commons.jxpath.ri.model.MixedModelTest::testVarPrimitive
20,org.apache.commons.jxpath.ri.model.MixedModelTest::testVarBean
20,org.apache.commons.jxpath.ri.model.MixedModelTest::testVarMap
20,org.apache.commons.jxpath.ri.model.MixedModelTest::testVarList
20,org.apache.commons.jxpath.ri.model.MixedModelTest::testVarDocument
20,org.apache.commons.jxpath.ri.model.MixedModelTest::testVarElement
20,org.apache.commons.jxpath.ri.model.MixedModelTest::testVarContainer
20,org.apache.commons.jxpath.ri.model.MixedModelTest::testBeanPrimitive
20,org.apache.commons.jxpath.ri.model.MixedModelTest::testBeanBean
20,org.apache.commons.jxpath.ri.model.MixedModelTest::testBeanMap
20,org.apache.commons.jxpath.ri.model.MixedModelTest::testBeanList
20,org.apache.commons.jxpath.ri.model.MixedModelTest::testBeanDocument
20,org.apache.commons.jxpath.ri.model.MixedModelTest::testBeanElement
20,org.apache.commons.jxpath.ri.model.MixedModelTest::testBeanContainer
20,org.apache.commons.jxpath.ri.model.MixedModelTest::testMapPrimitive
20,org.apache.commons.jxpath.ri.model.MixedModelTest::testMapBean
20,org.apache.commons.jxpath.ri.model.MixedModelTest::testMapMap
20,org.apache.commons.jxpath.ri.model.MixedModelTest::testMapList
20,org.apache.commons.jxpath.ri.model.MixedModelTest::testMapDocument
20,org.apache.commons.jxpath.ri.model.MixedModelTest::testMapElement
20,org.apache.commons.jxpath.ri.model.MixedModelTest::testMapContainer
20,org.apache.commons.jxpath.ri.model.MixedModelTest::testListPrimitive
20,org.apache.commons.jxpath.ri.model.MixedModelTest::testListBean
20,org.apache.commons.jxpath.ri.model.MixedModelTest::testListMap
20,org.apache.commons.jxpath.ri.model.MixedModelTest::testListList
20,org.apache.commons.jxpath.ri.model.MixedModelTest::testListDocument
20,org.apache.commons.jxpath.ri.model.MixedModelTest::testListElement
20,org.apache.commons.jxpath.ri.model.MixedModelTest::testListContainer
20,org.apache.commons.jxpath.ri.model.MixedModelTest::testNull
20,org.apache.commons.jxpath.ri.model.MixedModelTest::testRootAsCollection
20,org.apache.commons.jxpath.ri.model.MixedModelTest::testCreatePath
20,org.apache.commons.jxpath.ri.model.MixedModelTest::testIterateArray
20,org.apache.commons.jxpath.ri.model.MixedModelTest::testIteratePointersArray
20,org.apache.commons.jxpath.ri.model.MixedModelTest::testIteratePointersArrayElementWithVariable
20,org.apache.commons.jxpath.ri.model.MixedModelTest::testIterateVector
20,org.apache.commons.jxpath.ri.model.MixedModelTest::testErrorProperty
20,org.apache.commons.jxpath.ri.model.MixedModelTest::testMatrix
20,org.apache.commons.jxpath.ri.model.MixedModelTest::testCreatePathAndSetValueWithMatrix
20,org.apache.commons.jxpath.ri.model.MixedModelTest::testCollectionPointer
20,org.apache.commons.jxpath.ri.model.ExternalXMLNamespaceTest::testAttributeDOM
20,org.apache.commons.jxpath.ri.model.ExternalXMLNamespaceTest::testElementDOM
20,org.apache.commons.jxpath.ri.model.ExternalXMLNamespaceTest::testCreateAndSetAttributeDOM
20,org.apache.commons.jxpath.ri.model.EmptyCollectionTest::testEmptyList
20,org.apache.commons.jxpath.ri.model.EmptyCollectionTest::testEmptyArray
20,org.apache.commons.jxpath.ri.model.EmptyCollectionTest::testEmptySet
20,org.apache.commons.jxpath.ri.model.EmptyCollectionTest::testEmptyChildList
20,org.apache.commons.jxpath.ri.model.EmptyCollectionTest::testEmptyChildArray
20,org.apache.commons.jxpath.ri.model.EmptyCollectionTest::testEmptyChildSet
20,org.apache.commons.jxpath.ri.model.EmbeddedColonMapKeysTest::testSelectNodes
20,org.apache.commons.jxpath.ri.model.EmbeddedColonMapKeysTest::testSelectSingleNode
20,org.apache.commons.jxpath.ri.model.for::testIndividualIterators
20,org.apache.commons.jxpath.ri.model.for::testMultipleIterators
20,org.apache.commons.jxpath.ri.model.for::testIteratePropertyArrayWithHasNext
20,org.apache.commons.jxpath.ri.model.for::testIteratePropertyArrayWithoutHasNext
20,org.apache.commons.jxpath.ri.model.for::testIterateAndSet
20,org.apache.commons.jxpath.ri.model.for::testIteratePointerSetValue
20,org.apache.commons.jxpath.ri.model.for::testRoot
20,org.apache.commons.jxpath.ri.model.for::testAxisAncestor
20,org.apache.commons.jxpath.ri.model.for::testAxisChild
20,org.apache.commons.jxpath.ri.model.for::testAxisChildNestedBean
20,org.apache.commons.jxpath.ri.model.for::testAxisChildNestedCollection
20,org.apache.commons.jxpath.ri.model.for::testIndexPredicate
20,org.apache.commons.jxpath.ri.model.for::testAxisDescendant
20,org.apache.commons.jxpath.ri.model.for::testAxisDescendantOrSelf
20,org.apache.commons.jxpath.ri.model.for::testAxisFollowing
20,org.apache.commons.jxpath.ri.model.for::testAxisFollowingSibling
20,org.apache.commons.jxpath.ri.model.for::testAxisParent
20,org.apache.commons.jxpath.ri.model.for::testAxisPreceding
20,org.apache.commons.jxpath.ri.model.for::testAxisPrecedingSibling
20,org.apache.commons.jxpath.ri.model.for::testAxisSelf
20,org.apache.commons.jxpath.ri.model.for::testUnion
20,org.apache.commons.jxpath.ri.model.for::testAxisAttribute
20,org.apache.commons.jxpath.ri.model.for::testAttributeName
20,org.apache.commons.jxpath.ri.model.for::testAttributeLang
20,org.apache.commons.jxpath.ri.model.for::testCoreFunctions
20,org.apache.commons.jxpath.ri.model.for::testBooleanPredicate
20,org.apache.commons.jxpath.ri.model.for::testDocumentOrder
20,org.apache.commons.jxpath.ri.model.for::testSetPropertyValue
20,org.apache.commons.jxpath.ri.model.for::testSetCollectionElement
20,org.apache.commons.jxpath.ri.model.for::testSetContextDependentNode
20,org.apache.commons.jxpath.ri.model.for::testSetNonPrimitiveValue
20,org.apache.commons.jxpath.ri.model.for::testCreatePath
20,org.apache.commons.jxpath.ri.model.for::testCreatePathAndSetValue
20,org.apache.commons.jxpath.ri.model.for::testCreatePathExpandNewCollection
20,org.apache.commons.jxpath.ri.model.for::testCreatePathAndSetValueExpandNewCollection
20,org.apache.commons.jxpath.ri.model.for::testCreatePathExpandExistingCollection
20,org.apache.commons.jxpath.ri.model.for::testCreatePathExpandExistingCollectionAndSetProperty
20,org.apache.commons.jxpath.ri.model.for::testCreatePathAndSetValueExpandExistingCollection
20,org.apache.commons.jxpath.ri.model.for::testCreatePathCreateBeanExpandCollection
20,org.apache.commons.jxpath.ri.model.for::testCreatePathAndSetValueCreateBeanExpandCollection
20,org.apache.commons.jxpath.ri.model.for::testRemovePathPropertyValue
20,org.apache.commons.jxpath.ri.model.for::testRemovePathArrayElement
20,org.apache.commons.jxpath.ri.model.for::testRemoveAllArrayElements
20,org.apache.commons.jxpath.ri.model.for::testRemoveAllListElements
20,org.apache.commons.jxpath.ri.model.for::testRemoveAllMapEntries
20,org.apache.commons.jxpath.ri.model.for::testRemovePathBeanValue
20,org.apache.commons.jxpath.ri.model.for::testRelativeContextRelativePath
20,org.apache.commons.jxpath.ri.model.for::testRelativeContextAbsolutePath
20,org.apache.commons.jxpath.ri.model.for::testRelativeContextParent
20,org.apache.commons.jxpath.ri.model.for::testRelativeContextInheritance
20,org.apache.commons.jxpath.ri.model.AliasedNamespaceIterationTest::testIterateDOM
20,org.apache.commons.jxpath.ri.model.AliasedNamespaceIterationTest::testIterateJDOM
20,org.apache.commons.jxpath.ri.compiler.JXPath149Test::testComplexOperationWithVariables
20,org.apache.commons.jxpath.ri.compiler.VariableTest::testVariables
20,org.apache.commons.jxpath.ri.compiler.VariableTest::testVariablesInExpressions
20,org.apache.commons.jxpath.ri.compiler.VariableTest::testInvalidVariableName
20,org.apache.commons.jxpath.ri.compiler.VariableTest::testNestedContext
20,org.apache.commons.jxpath.ri.compiler.VariableTest::testSetValue
20,org.apache.commons.jxpath.ri.compiler.VariableTest::testCreatePathDeclareVariable
20,org.apache.commons.jxpath.ri.compiler.VariableTest::testCreatePathAndSetValueDeclareVariable
20,org.apache.commons.jxpath.ri.compiler.VariableTest::testCreatePathDeclareVariableSetCollectionElement
20,org.apache.commons.jxpath.ri.compiler.VariableTest::testCreateAndSetValuePathDeclareVariableSetCollectionElement
20,org.apache.commons.jxpath.ri.compiler.VariableTest::testCreatePathExpandCollection
20,org.apache.commons.jxpath.ri.compiler.VariableTest::testCreatePathAndSetValueExpandCollection
20,org.apache.commons.jxpath.ri.compiler.VariableTest::testCreatePathDeclareVariableSetProperty
20,org.apache.commons.jxpath.ri.compiler.VariableTest::testCreatePathAndSetValueDeclareVariableSetProperty
20,org.apache.commons.jxpath.ri.compiler.VariableTest::testCreatePathDeclareVariableSetCollectionElementProperty
20,org.apache.commons.jxpath.ri.compiler.VariableTest::testCreatePathAndSetValueDeclVarSetCollectionElementProperty
20,org.apache.commons.jxpath.ri.compiler.VariableTest::testRemovePathUndeclareVariable
20,org.apache.commons.jxpath.ri.compiler.VariableTest::testRemovePathArrayElement
20,org.apache.commons.jxpath.ri.compiler.VariableTest::testRemovePathCollectionElement
20,org.apache.commons.jxpath.ri.compiler.VariableTest::testUnionOfVariableAndNode
20,org.apache.commons.jxpath.ri.compiler.VariableTest::testIterateVariable
20,org.apache.commons.jxpath.ri.compiler.ExtensionFunctionTest::testConstructorLookup
20,org.apache.commons.jxpath.ri.compiler.ExtensionFunctionTest::testConstructorLookupWithExpressionContext
20,org.apache.commons.jxpath.ri.compiler.ExtensionFunctionTest::testStaticMethodLookup
20,org.apache.commons.jxpath.ri.compiler.ExtensionFunctionTest::testStaticMethodLookupWithConversion
20,org.apache.commons.jxpath.ri.compiler.ExtensionFunctionTest::testMethodLookup
20,org.apache.commons.jxpath.ri.compiler.ExtensionFunctionTest::testStaticMethodLookupWithExpressionContext
20,org.apache.commons.jxpath.ri.compiler.ExtensionFunctionTest::testMethodLookupWithExpressionContext
20,org.apache.commons.jxpath.ri.compiler.ExtensionFunctionTest::testMethodLookupWithExpressionContextAndArgument
20,org.apache.commons.jxpath.ri.compiler.ExtensionFunctionTest::testAllocation
20,org.apache.commons.jxpath.ri.compiler.ExtensionFunctionTest::testMethodCall
20,org.apache.commons.jxpath.ri.compiler.ExtensionFunctionTest::testCollectionMethodCall
20,org.apache.commons.jxpath.ri.compiler.ExtensionFunctionTest::testStaticMethodCall
20,org.apache.commons.jxpath.ri.compiler.ExtensionFunctionTest::testExpressionContext
20,org.apache.commons.jxpath.ri.compiler.ExtensionFunctionTest::testCollectionReturn
20,org.apache.commons.jxpath.ri.compiler.ExtensionFunctionTest::testNodeSetReturn
20,org.apache.commons.jxpath.ri.compiler.ExtensionFunctionTest::testEstablishNodeSetBaseline
20,org.apache.commons.jxpath.ri.compiler.ExtensionFunctionTest::testBCNodeSetHack
20,org.apache.commons.jxpath.ri.compiler.CoreOperationTest::testInfoSetTypes
20,org.apache.commons.jxpath.ri.compiler.CoreOperationTest::testNodeSetOperations
20,org.apache.commons.jxpath.ri.compiler.CoreOperationTest::testEmptyNodeSetOperations
20,org.apache.commons.jxpath.ri.compiler.CoreOperationTest::testNan
20,org.apache.commons.jxpath.ri.compiler.CoreFunctionTest::testCoreFunctions
20,org.apache.commons.jxpath.ri.compiler.CoreFunctionTest::testIDFunction
20,org.apache.commons.jxpath.ri.compiler.CoreFunctionTest::testKeyFunction
20,org.apache.commons.jxpath.ri.compiler.CoreFunctionTest::testExtendedKeyFunction
20,org.apache.commons.jxpath.ri.compiler.CoreFunctionTest::testFormatNumberFunction
20,org.apache.commons.jxpath.ri.compiler.ContextDependencyTest::testContextDependency
20,org.apache.commons.jxpath.ri.compiler.ContextDependencyTest::testContextDependency
20,org.apache.commons.jxpath.ri.axes.SimplePathInterpreterTest::testDoStepNoPredicatesPropertyOwner
20,org.apache.commons.jxpath.ri.axes.SimplePathInterpreterTest::testDoStepNoPredicatesStandard
20,org.apache.commons.jxpath.ri.axes.SimplePathInterpreterTest::testDoStepPredicatesPropertyOwner
20,org.apache.commons.jxpath.ri.axes.SimplePathInterpreterTest::testDoStepPredicatesStandard
20,org.apache.commons.jxpath.ri.axes.SimplePathInterpreterTest::testDoPredicateName
20,org.apache.commons.jxpath.ri.axes.SimplePathInterpreterTest::testDoPredicatesStandard
20,org.apache.commons.jxpath.ri.axes.SimplePathInterpreterTest::testDoPredicateIndex
20,org.apache.commons.jxpath.ri.axes.SimplePathInterpreterTest::testInterpretExpressionPath
20,org.apache.commons.jxpath.ri.axes.RecursiveAxesTest::testInfiniteDescent
20,org.apache.commons.jxpath.ri.StressTest::testThreads
20,org.apache.commons.jxpath.ri.JXPathCompiledExpressionTest::testConstant
20,org.apache.commons.jxpath.ri.JXPathCompiledExpressionTest::testCoreFunction
20,org.apache.commons.jxpath.ri.JXPathCompiledExpressionTest::testCoreOperationAnd
20,org.apache.commons.jxpath.ri.JXPathCompiledExpressionTest::testCoreOperationOr
20,org.apache.commons.jxpath.ri.JXPathCompiledExpressionTest::testCoreOperationEqual
20,org.apache.commons.jxpath.ri.JXPathCompiledExpressionTest::testCoreOperationNameAttributeTest
20,org.apache.commons.jxpath.ri.JXPathCompiledExpressionTest::testCoreOperationNotEqual
20,org.apache.commons.jxpath.ri.JXPathCompiledExpressionTest::testCoreOperationLessThan
20,org.apache.commons.jxpath.ri.JXPathCompiledExpressionTest::testCoreOperationLessThanOrEqual
20,org.apache.commons.jxpath.ri.JXPathCompiledExpressionTest::testCoreOperationGreaterThan
20,org.apache.commons.jxpath.ri.JXPathCompiledExpressionTest::testCoreOperationGreaterThanOrEqual
20,org.apache.commons.jxpath.ri.JXPathCompiledExpressionTest::testCoreOperationDivide
20,org.apache.commons.jxpath.ri.JXPathCompiledExpressionTest::testCoreOperationMod
20,org.apache.commons.jxpath.ri.JXPathCompiledExpressionTest::testCoreOperationMultiply
20,org.apache.commons.jxpath.ri.JXPathCompiledExpressionTest::testCoreOperationMinus
20,org.apache.commons.jxpath.ri.JXPathCompiledExpressionTest::testCoreOperationSum
20,org.apache.commons.jxpath.ri.JXPathCompiledExpressionTest::testCoreOperationUnaryMinus
20,org.apache.commons.jxpath.ri.JXPathCompiledExpressionTest::testCoreOperationUnion
20,org.apache.commons.jxpath.ri.JXPathCompiledExpressionTest::testExpressionPath
20,org.apache.commons.jxpath.ri.JXPathCompiledExpressionTest::testExtensionFunction
20,org.apache.commons.jxpath.ri.JXPathCompiledExpressionTest::testLocationPathAxisSelf
20,org.apache.commons.jxpath.ri.JXPathCompiledExpressionTest::testLocationPathAxisChild
20,org.apache.commons.jxpath.ri.JXPathCompiledExpressionTest::testLocationPathAxisParent
20,org.apache.commons.jxpath.ri.JXPathCompiledExpressionTest::testLocationPathAxisAttribute
20,org.apache.commons.jxpath.ri.JXPathCompiledExpressionTest::testLocationPathAxisDescendant
20,org.apache.commons.jxpath.ri.JXPathCompiledExpressionTest::testLocationPathAxisDescendantOrSelf
20,org.apache.commons.jxpath.ri.JXPathCompiledExpressionTest::testLocationPathAxisOther
20,org.apache.commons.jxpath.ri.JXPathCompiledExpressionTest::testLocationPathNodeTest
20,org.apache.commons.jxpath.ri.JXPathCompiledExpressionTest::testVariableReference
20,org.apache.commons.jxpath.ri.ExceptionHandlerTest::testHandleFoo
20,org.apache.commons.jxpath.ri.ExceptionHandlerTest::testHandleBarBaz
20,org.apache.commons.jxpath.BasicNodeSetTest::testAdd
20,org.apache.commons.jxpath.BasicNodeSetTest::testRemove
20,org.apache.commons.jxpath.BasicNodeSetTest::testNodes
21,org.apache.commons.jxpath.util.ClassLoaderUtilTest::testClassLoadFailWithoutContextClassLoader
21,org.apache.commons.jxpath.util.ClassLoaderUtilTest::testClassLoadSuccessWithContextClassLoader
21,org.apache.commons.jxpath.util.ClassLoaderUtilTest::testCurrentClassLoaderFallback
21,org.apache.commons.jxpath.util.ClassLoaderUtilTest::testClassLoadSuccessWithoutContextClassLoader
21,org.apache.commons.jxpath.util.BasicTypeConverterTest::testPrimitiveToString
21,org.apache.commons.jxpath.util.BasicTypeConverterTest::testArrayToList
21,org.apache.commons.jxpath.util.BasicTypeConverterTest::testArrayToArray
21,org.apache.commons.jxpath.util.BasicTypeConverterTest::testListToArray
21,org.apache.commons.jxpath.util.BasicTypeConverterTest::testInvalidConversion
21,org.apache.commons.jxpath.util.BasicTypeConverterTest::testSingletonCollectionToString
21,org.apache.commons.jxpath.util.BasicTypeConverterTest::testSingletonArrayToString
21,org.apache.commons.jxpath.util.BasicTypeConverterTest::testPointerToString
21,org.apache.commons.jxpath.util.BasicTypeConverterTest::testNodeSetToString
21,org.apache.commons.jxpath.util.BasicTypeConverterTest::testNodeSetToInteger
21,org.apache.commons.jxpath.util.BasicTypeConverterTest::testBeanUtilsConverter
21,org.apache.commons.jxpath.servlet.JXPathServletContextTest::testServletContext
21,org.apache.commons.jxpath.servlet.JXPathServletContextTest::testServletRequest
21,org.apache.commons.jxpath.servlet.JXPathServletContextTest::testServletRequestWithoutSession
21,org.apache.commons.jxpath.servlet.JXPathServletContextTest::testPageContext
21,org.apache.commons.jxpath.ri.model.MixedModelTest::testVar
21,org.apache.commons.jxpath.ri.model.MixedModelTest::testVarPrimitive
21,org.apache.commons.jxpath.ri.model.MixedModelTest::testVarBean
21,org.apache.commons.jxpath.ri.model.MixedModelTest::testVarMap
21,org.apache.commons.jxpath.ri.model.MixedModelTest::testVarList
21,org.apache.commons.jxpath.ri.model.MixedModelTest::testVarDocument
21,org.apache.commons.jxpath.ri.model.MixedModelTest::testVarElement
21,org.apache.commons.jxpath.ri.model.MixedModelTest::testVarContainer
21,org.apache.commons.jxpath.ri.model.MixedModelTest::testBeanPrimitive
21,org.apache.commons.jxpath.ri.model.MixedModelTest::testBeanBean
21,org.apache.commons.jxpath.ri.model.MixedModelTest::testBeanMap
21,org.apache.commons.jxpath.ri.model.MixedModelTest::testBeanList
21,org.apache.commons.jxpath.ri.model.MixedModelTest::testBeanDocument
21,org.apache.commons.jxpath.ri.model.MixedModelTest::testBeanElement
21,org.apache.commons.jxpath.ri.model.MixedModelTest::testBeanContainer
21,org.apache.commons.jxpath.ri.model.MixedModelTest::testMapPrimitive
21,org.apache.commons.jxpath.ri.model.MixedModelTest::testMapBean
21,org.apache.commons.jxpath.ri.model.MixedModelTest::testMapMap
21,org.apache.commons.jxpath.ri.model.MixedModelTest::testMapList
21,org.apache.commons.jxpath.ri.model.MixedModelTest::testMapDocument
21,org.apache.commons.jxpath.ri.model.MixedModelTest::testMapElement
21,org.apache.commons.jxpath.ri.model.MixedModelTest::testMapContainer
21,org.apache.commons.jxpath.ri.model.MixedModelTest::testListPrimitive
21,org.apache.commons.jxpath.ri.model.MixedModelTest::testListBean
21,org.apache.commons.jxpath.ri.model.MixedModelTest::testListMap
21,org.apache.commons.jxpath.ri.model.MixedModelTest::testListList
21,org.apache.commons.jxpath.ri.model.MixedModelTest::testListDocument
21,org.apache.commons.jxpath.ri.model.MixedModelTest::testListElement
21,org.apache.commons.jxpath.ri.model.MixedModelTest::testListContainer
21,org.apache.commons.jxpath.ri.model.MixedModelTest::testNull
21,org.apache.commons.jxpath.ri.model.MixedModelTest::testRootAsCollection
21,org.apache.commons.jxpath.ri.model.MixedModelTest::testCreatePath
21,org.apache.commons.jxpath.ri.model.MixedModelTest::testIterateArray
21,org.apache.commons.jxpath.ri.model.MixedModelTest::testIteratePointersArray
21,org.apache.commons.jxpath.ri.model.MixedModelTest::testIteratePointersArrayElementWithVariable
21,org.apache.commons.jxpath.ri.model.MixedModelTest::testIterateVector
21,org.apache.commons.jxpath.ri.model.MixedModelTest::testErrorProperty
21,org.apache.commons.jxpath.ri.model.MixedModelTest::testMatrix
21,org.apache.commons.jxpath.ri.model.MixedModelTest::testCreatePathAndSetValueWithMatrix
21,org.apache.commons.jxpath.ri.model.MixedModelTest::testCollectionPointer
21,org.apache.commons.jxpath.ri.model.JXPath151Test::testMapValueEquality
21,org.apache.commons.jxpath.ri.model.JXPath151Test::testMapValueEqualityUsingNameAttribute
21,org.apache.commons.jxpath.ri.model.jdom.JDOMModelTest::testGetNode
21,org.apache.commons.jxpath.ri.model.jdom.JDOMModelTest::testGetElementDescendantOrSelf
21,org.apache.commons.jxpath.ri.model.jdom.JDOMModelTest::testID
21,org.apache.commons.jxpath.ri.model.dynamic.DynamicPropertiesModelTest::testAxisChild
21,org.apache.commons.jxpath.ri.model.dynamic.DynamicPropertiesModelTest::testAxisDescendant
21,org.apache.commons.jxpath.ri.model.dynamic.DynamicPropertiesModelTest::testAttributeName
21,org.apache.commons.jxpath.ri.model.dynamic.DynamicPropertiesModelTest::testSetPrimitiveValue
21,org.apache.commons.jxpath.ri.model.dynamic.DynamicPropertiesModelTest::testSetCollection
21,org.apache.commons.jxpath.ri.model.dynamic.DynamicPropertiesModelTest::testSetNewKey
21,org.apache.commons.jxpath.ri.model.dynamic.DynamicPropertiesModelTest::testCreatePath
21,org.apache.commons.jxpath.ri.model.dynamic.DynamicPropertiesModelTest::testCreatePathAndSetValue
21,org.apache.commons.jxpath.ri.model.dynamic.DynamicPropertiesModelTest::testCreatePathCreateBean
21,org.apache.commons.jxpath.ri.model.dynamic.DynamicPropertiesModelTest::testCreatePathAndSetValueCreateBean
21,org.apache.commons.jxpath.ri.model.dynamic.DynamicPropertiesModelTest::testCreatePathCollectionElement
21,org.apache.commons.jxpath.ri.model.dynamic.DynamicPropertiesModelTest::testCreatePathAndSetValueCollectionElement
21,org.apache.commons.jxpath.ri.model.dynamic.DynamicPropertiesModelTest::testCreatePathNewCollectionElement
21,org.apache.commons.jxpath.ri.model.dynamic.DynamicPropertiesModelTest::testCreatePathAndSetValueNewCollectionElement
21,org.apache.commons.jxpath.ri.model.dynamic.DynamicPropertiesModelTest::testRemovePath
21,org.apache.commons.jxpath.ri.model.dynamic.DynamicPropertiesModelTest::testRemovePathArrayElement
21,org.apache.commons.jxpath.ri.model.dynamic.DynamicPropertiesModelTest::testCollectionOfMaps
21,org.apache.commons.jxpath.ri.model.dynamic.DynamicPropertiesModelTest::testMapOfMaps
21,org.apache.commons.jxpath.ri.model.dynabeans.LazyDynaBeanTest::testStrictLazyDynaBeanPropertyFactory
21,org.apache.commons.jxpath.ri.model.dom.DOMModelTest::testGetNode
21,org.apache.commons.jxpath.ri.model.dom.DOMModelTest::testGetElementDescendantOrSelf
21,org.apache.commons.jxpath.ri.model.container.ContainerModelTest::testContainerVariableWithCollection
21,org.apache.commons.jxpath.ri.model.container.ContainerModelTest::testContainerPropertyWithCollection
21,org.apache.commons.jxpath.ri.model.container.ContainerModelTest::testContainerMapWithCollection
21,org.apache.commons.jxpath.ri.model.container.ContainerModelTest::testContainerRootWithCollection
21,org.apache.commons.jxpath.ri.model.beans.BeanModelTest::testIndexedProperty
21,org.apache.commons.jxpath.ri.model.beans.BadlyImplementedFactoryTest::testBadFactoryImplementation
21,org.apache.commons.jxpath.ri.model.XMLUpperCaseElementsTest::testBasicGetDOM
21,org.apache.commons.jxpath.ri.model.XMLUpperCaseElementsTest::testBasicGetJDOM
21,org.apache.commons.jxpath.ri.model.XMLUpperCaseElementsTest::testBasicIterateDOM
21,org.apache.commons.jxpath.ri.model.XMLUpperCaseElementsTest::testBasicIterateJDOM
21,org.apache.commons.jxpath.ri.model.XMLSpaceTest::testUnspecifiedDOM
21,org.apache.commons.jxpath.ri.model.XMLSpaceTest::testDefaultDOM
21,org.apache.commons.jxpath.ri.model.XMLSpaceTest::testPreserveDOM
21,org.apache.commons.jxpath.ri.model.XMLSpaceTest::testNestedDOM
21,org.apache.commons.jxpath.ri.model.XMLSpaceTest::testNestedWithCommentsDOM
21,org.apache.commons.jxpath.ri.model.XMLSpaceTest::testUnspecifiedJDOM
21,org.apache.commons.jxpath.ri.model.XMLSpaceTest::testDefaultJDOM
21,org.apache.commons.jxpath.ri.model.XMLSpaceTest::testPreserveJDOM
21,org.apache.commons.jxpath.ri.model.XMLSpaceTest::testNestedJDOM
21,org.apache.commons.jxpath.ri.model.XMLSpaceTest::testNestedWithCommentsJDOM
21,org.apache.commons.jxpath.ri.model.XMLPreserveSpaceTest::testUnspecifiedDOM
21,org.apache.commons.jxpath.ri.model.XMLPreserveSpaceTest::testDefaultDOM
21,org.apache.commons.jxpath.ri.model.XMLPreserveSpaceTest::testPreserveDOM
21,org.apache.commons.jxpath.ri.model.XMLPreserveSpaceTest::testNestedDOM
21,org.apache.commons.jxpath.ri.model.XMLPreserveSpaceTest::testNestedWithCommentsDOM
21,org.apache.commons.jxpath.ri.model.XMLPreserveSpaceTest::testUnspecifiedJDOM
21,org.apache.commons.jxpath.ri.model.XMLPreserveSpaceTest::testDefaultJDOM
21,org.apache.commons.jxpath.ri.model.XMLPreserveSpaceTest::testPreserveJDOM
21,org.apache.commons.jxpath.ri.model.XMLPreserveSpaceTest::testNestedJDOM
21,org.apache.commons.jxpath.ri.model.XMLPreserveSpaceTest::testNestedWithCommentsJDOM
21,org.apache.commons.jxpath.ri.model.for::testDocumentOrder
21,org.apache.commons.jxpath.ri.model.for::testSetValue
21,org.apache.commons.jxpath.ri.model.for::testCreatePath
21,org.apache.commons.jxpath.ri.model.for::testCreatePathAndSetValue
21,org.apache.commons.jxpath.ri.model.for::testRemovePath
21,org.apache.commons.jxpath.ri.model.for::testID
21,org.apache.commons.jxpath.ri.model.for::testAxisChild
21,org.apache.commons.jxpath.ri.model.for::testAxisChildIndexPredicate
21,org.apache.commons.jxpath.ri.model.for::testAxisDescendant
21,org.apache.commons.jxpath.ri.model.for::testAxisParent
21,org.apache.commons.jxpath.ri.model.for::testAxisFollowingSibling
21,org.apache.commons.jxpath.ri.model.for::testAxisPrecedingSibling
21,org.apache.commons.jxpath.ri.model.for::testAxisPreceding
21,org.apache.commons.jxpath.ri.model.for::testAxisAttribute
21,org.apache.commons.jxpath.ri.model.for::testAxisNamespace
21,org.apache.commons.jxpath.ri.model.for::testAxisAncestor
21,org.apache.commons.jxpath.ri.model.for::testAxisAncestorOrSelf
21,org.apache.commons.jxpath.ri.model.for::testAxisFollowing
21,org.apache.commons.jxpath.ri.model.for::testAxisSelf
21,org.apache.commons.jxpath.ri.model.for::testNodeTypeComment
21,org.apache.commons.jxpath.ri.model.for::testNodeTypeText
21,org.apache.commons.jxpath.ri.model.for::testNodeTypeProcessingInstruction
21,org.apache.commons.jxpath.ri.model.for::testLang
21,org.apache.commons.jxpath.ri.model.for::testDocument
21,org.apache.commons.jxpath.ri.model.for::testContainer
21,org.apache.commons.jxpath.ri.model.for::testElementInVariable
21,org.apache.commons.jxpath.ri.model.for::testTypeConversions
21,org.apache.commons.jxpath.ri.model.for::testBooleanFunction
21,org.apache.commons.jxpath.ri.model.for::testFunctionsLastAndPosition
21,org.apache.commons.jxpath.ri.model.for::testNamespaceMapping
21,org.apache.commons.jxpath.ri.model.for::testUnion
21,org.apache.commons.jxpath.ri.model.for::testNodes
21,org.apache.commons.jxpath.ri.model.ExternalXMLNamespaceTest::testAttributeDOM
21,org.apache.commons.jxpath.ri.model.ExternalXMLNamespaceTest::testElementDOM
21,org.apache.commons.jxpath.ri.model.ExternalXMLNamespaceTest::testCreateAndSetAttributeDOM
21,org.apache.commons.jxpath.ri.model.EmptyCollectionTest::testEmptyList
21,org.apache.commons.jxpath.ri.model.EmptyCollectionTest::testEmptyArray
21,org.apache.commons.jxpath.ri.model.EmptyCollectionTest::testEmptySet
21,org.apache.commons.jxpath.ri.model.EmptyCollectionTest::testEmptyChildList
21,org.apache.commons.jxpath.ri.model.EmptyCollectionTest::testEmptyChildArray
21,org.apache.commons.jxpath.ri.model.EmptyCollectionTest::testEmptyChildSet
21,org.apache.commons.jxpath.ri.model.EmbeddedColonMapKeysTest::testSelectNodes
21,org.apache.commons.jxpath.ri.model.EmbeddedColonMapKeysTest::testSelectSingleNode
21,org.apache.commons.jxpath.ri.model.for::testIndividualIterators
21,org.apache.commons.jxpath.ri.model.for::testMultipleIterators
21,org.apache.commons.jxpath.ri.model.for::testIteratePropertyArrayWithHasNext
21,org.apache.commons.jxpath.ri.model.for::testIteratePropertyArrayWithoutHasNext
21,org.apache.commons.jxpath.ri.model.for::testIterateAndSet
21,org.apache.commons.jxpath.ri.model.for::testIteratePointerSetValue
21,org.apache.commons.jxpath.ri.model.for::testRoot
21,org.apache.commons.jxpath.ri.model.for::testAxisAncestor
21,org.apache.commons.jxpath.ri.model.for::testAxisChild
21,org.apache.commons.jxpath.ri.model.for::testAxisChildNestedBean
21,org.apache.commons.jxpath.ri.model.for::testAxisChildNestedCollection
21,org.apache.commons.jxpath.ri.model.for::testIndexPredicate
21,org.apache.commons.jxpath.ri.model.for::testAxisDescendant
21,org.apache.commons.jxpath.ri.model.for::testAxisDescendantOrSelf
21,org.apache.commons.jxpath.ri.model.for::testAxisFollowing
21,org.apache.commons.jxpath.ri.model.for::testAxisFollowingSibling
21,org.apache.commons.jxpath.ri.model.for::testAxisParent
21,org.apache.commons.jxpath.ri.model.for::testAxisPreceding
21,org.apache.commons.jxpath.ri.model.for::testAxisPrecedingSibling
21,org.apache.commons.jxpath.ri.model.for::testAxisSelf
21,org.apache.commons.jxpath.ri.model.for::testUnion
21,org.apache.commons.jxpath.ri.model.for::testAxisAttribute
21,org.apache.commons.jxpath.ri.model.for::testAttributeName
21,org.apache.commons.jxpath.ri.model.for::testAttributeLang
21,org.apache.commons.jxpath.ri.model.for::testCoreFunctions
21,org.apache.commons.jxpath.ri.model.for::testBooleanPredicate
21,org.apache.commons.jxpath.ri.model.for::testDocumentOrder
21,org.apache.commons.jxpath.ri.model.for::testSetPropertyValue
21,org.apache.commons.jxpath.ri.model.for::testSetCollectionElement
21,org.apache.commons.jxpath.ri.model.for::testSetContextDependentNode
21,org.apache.commons.jxpath.ri.model.for::testSetNonPrimitiveValue
21,org.apache.commons.jxpath.ri.model.for::testCreatePath
21,org.apache.commons.jxpath.ri.model.for::testCreatePathAndSetValue
21,org.apache.commons.jxpath.ri.model.for::testCreatePathExpandNewCollection
21,org.apache.commons.jxpath.ri.model.for::testCreatePathAndSetValueExpandNewCollection
21,org.apache.commons.jxpath.ri.model.for::testCreatePathExpandExistingCollection
21,org.apache.commons.jxpath.ri.model.for::testCreatePathExpandExistingCollectionAndSetProperty
21,org.apache.commons.jxpath.ri.model.for::testCreatePathAndSetValueExpandExistingCollection
21,org.apache.commons.jxpath.ri.model.for::testCreatePathCreateBeanExpandCollection
21,org.apache.commons.jxpath.ri.model.for::testCreatePathAndSetValueCreateBeanExpandCollection
21,org.apache.commons.jxpath.ri.model.for::testRemovePathPropertyValue
21,org.apache.commons.jxpath.ri.model.for::testRemovePathArrayElement
21,org.apache.commons.jxpath.ri.model.for::testRemoveAllArrayElements
21,org.apache.commons.jxpath.ri.model.for::testRemoveAllListElements
21,org.apache.commons.jxpath.ri.model.for::testRemoveAllMapEntries
21,org.apache.commons.jxpath.ri.model.for::testRemovePathBeanValue
21,org.apache.commons.jxpath.ri.model.for::testRelativeContextRelativePath
21,org.apache.commons.jxpath.ri.model.for::testRelativeContextAbsolutePath
21,org.apache.commons.jxpath.ri.model.for::testRelativeContextParent
21,org.apache.commons.jxpath.ri.model.for::testRelativeContextInheritance
21,org.apache.commons.jxpath.ri.model.AliasedNamespaceIterationTest::testIterateDOM
21,org.apache.commons.jxpath.ri.model.AliasedNamespaceIterationTest::testIterateJDOM
21,org.apache.commons.jxpath.ri.compiler.VariableTest::testVariables
21,org.apache.commons.jxpath.ri.compiler.VariableTest::testVariablesInExpressions
21,org.apache.commons.jxpath.ri.compiler.VariableTest::testInvalidVariableName
21,org.apache.commons.jxpath.ri.compiler.VariableTest::testNestedContext
21,org.apache.commons.jxpath.ri.compiler.VariableTest::testSetValue
21,org.apache.commons.jxpath.ri.compiler.VariableTest::testCreatePathDeclareVariable
21,org.apache.commons.jxpath.ri.compiler.VariableTest::testCreatePathAndSetValueDeclareVariable
21,org.apache.commons.jxpath.ri.compiler.VariableTest::testCreatePathDeclareVariableSetCollectionElement
21,org.apache.commons.jxpath.ri.compiler.VariableTest::testCreateAndSetValuePathDeclareVariableSetCollectionElement
21,org.apache.commons.jxpath.ri.compiler.VariableTest::testCreatePathExpandCollection
21,org.apache.commons.jxpath.ri.compiler.VariableTest::testCreatePathAndSetValueExpandCollection
21,org.apache.commons.jxpath.ri.compiler.VariableTest::testCreatePathDeclareVariableSetProperty
21,org.apache.commons.jxpath.ri.compiler.VariableTest::testCreatePathAndSetValueDeclareVariableSetProperty
21,org.apache.commons.jxpath.ri.compiler.VariableTest::testCreatePathDeclareVariableSetCollectionElementProperty
21,org.apache.commons.jxpath.ri.compiler.VariableTest::testCreatePathAndSetValueDeclVarSetCollectionElementProperty
21,org.apache.commons.jxpath.ri.compiler.VariableTest::testRemovePathUndeclareVariable
21,org.apache.commons.jxpath.ri.compiler.VariableTest::testRemovePathArrayElement
21,org.apache.commons.jxpath.ri.compiler.VariableTest::testRemovePathCollectionElement
21,org.apache.commons.jxpath.ri.compiler.VariableTest::testUnionOfVariableAndNode
21,org.apache.commons.jxpath.ri.compiler.VariableTest::testIterateVariable
21,org.apache.commons.jxpath.ri.compiler.JXPath149Test::testComplexOperationWithVariables
21,org.apache.commons.jxpath.ri.compiler.ExtensionFunctionTest::testConstructorLookup
21,org.apache.commons.jxpath.ri.compiler.ExtensionFunctionTest::testConstructorLookupWithExpressionContext
21,org.apache.commons.jxpath.ri.compiler.ExtensionFunctionTest::testStaticMethodLookup
21,org.apache.commons.jxpath.ri.compiler.ExtensionFunctionTest::testStaticMethodLookupWithConversion
21,org.apache.commons.jxpath.ri.compiler.ExtensionFunctionTest::testMethodLookup
21,org.apache.commons.jxpath.ri.compiler.ExtensionFunctionTest::testStaticMethodLookupWithExpressionContext
21,org.apache.commons.jxpath.ri.compiler.ExtensionFunctionTest::testMethodLookupWithExpressionContext
21,org.apache.commons.jxpath.ri.compiler.ExtensionFunctionTest::testMethodLookupWithExpressionContextAndArgument
21,org.apache.commons.jxpath.ri.compiler.ExtensionFunctionTest::testAllocation
21,org.apache.commons.jxpath.ri.compiler.ExtensionFunctionTest::testMethodCall
21,org.apache.commons.jxpath.ri.compiler.ExtensionFunctionTest::testCollectionMethodCall
21,org.apache.commons.jxpath.ri.compiler.ExtensionFunctionTest::testStaticMethodCall
21,org.apache.commons.jxpath.ri.compiler.ExtensionFunctionTest::testExpressionContext
21,org.apache.commons.jxpath.ri.compiler.ExtensionFunctionTest::testCollectionReturn
21,org.apache.commons.jxpath.ri.compiler.ExtensionFunctionTest::testNodeSetReturn
21,org.apache.commons.jxpath.ri.compiler.ExtensionFunctionTest::testEstablishNodeSetBaseline
21,org.apache.commons.jxpath.ri.compiler.ExtensionFunctionTest::testBCNodeSetHack
21,org.apache.commons.jxpath.ri.compiler.CoreOperationTest::testInfoSetTypes
21,org.apache.commons.jxpath.ri.compiler.CoreOperationTest::testNodeSetOperations
21,org.apache.commons.jxpath.ri.compiler.CoreOperationTest::testEmptyNodeSetOperations
21,org.apache.commons.jxpath.ri.compiler.CoreOperationTest::testNan
21,org.apache.commons.jxpath.ri.compiler.CoreFunctionTest::testCoreFunctions
21,org.apache.commons.jxpath.ri.compiler.CoreFunctionTest::testIDFunction
21,org.apache.commons.jxpath.ri.compiler.CoreFunctionTest::testKeyFunction
21,org.apache.commons.jxpath.ri.compiler.CoreFunctionTest::testExtendedKeyFunction
21,org.apache.commons.jxpath.ri.compiler.CoreFunctionTest::testFormatNumberFunction
21,org.apache.commons.jxpath.ri.compiler.ContextDependencyTest::testContextDependency
21,org.apache.commons.jxpath.ri.compiler.ContextDependencyTest::testContextDependency
21,org.apache.commons.jxpath.ri.axes.SimplePathInterpreterTest::testDoStepNoPredicatesPropertyOwner
21,org.apache.commons.jxpath.ri.axes.SimplePathInterpreterTest::testDoStepNoPredicatesStandard
21,org.apache.commons.jxpath.ri.axes.SimplePathInterpreterTest::testDoStepPredicatesPropertyOwner
21,org.apache.commons.jxpath.ri.axes.SimplePathInterpreterTest::testDoStepPredicatesStandard
21,org.apache.commons.jxpath.ri.axes.SimplePathInterpreterTest::testDoPredicateName
21,org.apache.commons.jxpath.ri.axes.SimplePathInterpreterTest::testDoPredicatesStandard
21,org.apache.commons.jxpath.ri.axes.SimplePathInterpreterTest::testDoPredicateIndex
21,org.apache.commons.jxpath.ri.axes.SimplePathInterpreterTest::testInterpretExpressionPath
21,org.apache.commons.jxpath.ri.axes.RecursiveAxesTest::testInfiniteDescent
21,org.apache.commons.jxpath.ri.StressTest::testThreads
21,org.apache.commons.jxpath.ri.JXPathCompiledExpressionTest::testConstant
21,org.apache.commons.jxpath.ri.JXPathCompiledExpressionTest::testCoreFunction
21,org.apache.commons.jxpath.ri.JXPathCompiledExpressionTest::testCoreOperationAnd
21,org.apache.commons.jxpath.ri.JXPathCompiledExpressionTest::testCoreOperationOr
21,org.apache.commons.jxpath.ri.JXPathCompiledExpressionTest::testCoreOperationEqual
21,org.apache.commons.jxpath.ri.JXPathCompiledExpressionTest::testCoreOperationNameAttributeTest
21,org.apache.commons.jxpath.ri.JXPathCompiledExpressionTest::testCoreOperationNotEqual
21,org.apache.commons.jxpath.ri.JXPathCompiledExpressionTest::testCoreOperationLessThan
21,org.apache.commons.jxpath.ri.JXPathCompiledExpressionTest::testCoreOperationLessThanOrEqual
21,org.apache.commons.jxpath.ri.JXPathCompiledExpressionTest::testCoreOperationGreaterThan
21,org.apache.commons.jxpath.ri.JXPathCompiledExpressionTest::testCoreOperationGreaterThanOrEqual
21,org.apache.commons.jxpath.ri.JXPathCompiledExpressionTest::testCoreOperationDivide
21,org.apache.commons.jxpath.ri.JXPathCompiledExpressionTest::testCoreOperationMod
21,org.apache.commons.jxpath.ri.JXPathCompiledExpressionTest::testCoreOperationMultiply
21,org.apache.commons.jxpath.ri.JXPathCompiledExpressionTest::testCoreOperationMinus
21,org.apache.commons.jxpath.ri.JXPathCompiledExpressionTest::testCoreOperationSum
21,org.apache.commons.jxpath.ri.JXPathCompiledExpressionTest::testCoreOperationUnaryMinus
21,org.apache.commons.jxpath.ri.JXPathCompiledExpressionTest::testCoreOperationUnion
21,org.apache.commons.jxpath.ri.JXPathCompiledExpressionTest::testExpressionPath
21,org.apache.commons.jxpath.ri.JXPathCompiledExpressionTest::testExtensionFunction
21,org.apache.commons.jxpath.ri.JXPathCompiledExpressionTest::testLocationPathAxisSelf
21,org.apache.commons.jxpath.ri.JXPathCompiledExpressionTest::testLocationPathAxisChild
21,org.apache.commons.jxpath.ri.JXPathCompiledExpressionTest::testLocationPathAxisParent
21,org.apache.commons.jxpath.ri.JXPathCompiledExpressionTest::testLocationPathAxisAttribute
21,org.apache.commons.jxpath.ri.JXPathCompiledExpressionTest::testLocationPathAxisDescendant
21,org.apache.commons.jxpath.ri.JXPathCompiledExpressionTest::testLocationPathAxisDescendantOrSelf
21,org.apache.commons.jxpath.ri.JXPathCompiledExpressionTest::testLocationPathAxisOther
21,org.apache.commons.jxpath.ri.JXPathCompiledExpressionTest::testLocationPathNodeTest
21,org.apache.commons.jxpath.ri.JXPathCompiledExpressionTest::testVariableReference
21,org.apache.commons.jxpath.ri.ExceptionHandlerTest::testHandleFoo
21,org.apache.commons.jxpath.ri.ExceptionHandlerTest::testHandleBarBaz
21,org.apache.commons.jxpath.BasicNodeSetTest::testAdd
21,org.apache.commons.jxpath.BasicNodeSetTest::testRemove
21,org.apache.commons.jxpath.BasicNodeSetTest::testNodes
22,org.apache.commons.jxpath.util.ClassLoaderUtilTest::testClassLoadFailWithoutContextClassLoader
22,org.apache.commons.jxpath.util.ClassLoaderUtilTest::testClassLoadSuccessWithContextClassLoader
22,org.apache.commons.jxpath.util.ClassLoaderUtilTest::testCurrentClassLoaderFallback
22,org.apache.commons.jxpath.util.ClassLoaderUtilTest::testClassLoadSuccessWithoutContextClassLoader
22,org.apache.commons.jxpath.util.BasicTypeConverterTest::testPrimitiveToString
22,org.apache.commons.jxpath.util.BasicTypeConverterTest::testArrayToList
22,org.apache.commons.jxpath.util.BasicTypeConverterTest::testArrayToArray
22,org.apache.commons.jxpath.util.BasicTypeConverterTest::testListToArray
22,org.apache.commons.jxpath.util.BasicTypeConverterTest::testInvalidConversion
22,org.apache.commons.jxpath.util.BasicTypeConverterTest::testSingletonCollectionToString
22,org.apache.commons.jxpath.util.BasicTypeConverterTest::testSingletonArrayToString
22,org.apache.commons.jxpath.util.BasicTypeConverterTest::testPointerToString
22,org.apache.commons.jxpath.util.BasicTypeConverterTest::testNodeSetToString
22,org.apache.commons.jxpath.util.BasicTypeConverterTest::testNodeSetToInteger
22,org.apache.commons.jxpath.util.BasicTypeConverterTest::testBeanUtilsConverter
22,org.apache.commons.jxpath.servlet.JXPathServletContextTest::testServletContext
22,org.apache.commons.jxpath.servlet.JXPathServletContextTest::testServletRequest
22,org.apache.commons.jxpath.servlet.JXPathServletContextTest::testServletRequestWithoutSession
22,org.apache.commons.jxpath.servlet.JXPathServletContextTest::testPageContext
22,org.apache.commons.jxpath.ri.model.JXPath154Test::testInnerEmptyNamespaceDOM
22,org.apache.commons.jxpath.ri.model.JXPath154Test::testInnerEmptyNamespaceJDOM
22,org.apache.commons.jxpath.ri.model.jdom.JDOMModelTest::testGetNode
22,org.apache.commons.jxpath.ri.model.jdom.JDOMModelTest::testGetElementDescendantOrSelf
22,org.apache.commons.jxpath.ri.model.jdom.JDOMModelTest::testID
22,org.apache.commons.jxpath.ri.model.dynamic.DynamicPropertiesModelTest::testAxisChild
22,org.apache.commons.jxpath.ri.model.dynamic.DynamicPropertiesModelTest::testAxisDescendant
22,org.apache.commons.jxpath.ri.model.dynamic.DynamicPropertiesModelTest::testAttributeName
22,org.apache.commons.jxpath.ri.model.dynamic.DynamicPropertiesModelTest::testSetPrimitiveValue
22,org.apache.commons.jxpath.ri.model.dynamic.DynamicPropertiesModelTest::testSetCollection
22,org.apache.commons.jxpath.ri.model.dynamic.DynamicPropertiesModelTest::testSetNewKey
22,org.apache.commons.jxpath.ri.model.dynamic.DynamicPropertiesModelTest::testCreatePath
22,org.apache.commons.jxpath.ri.model.dynamic.DynamicPropertiesModelTest::testCreatePathAndSetValue
22,org.apache.commons.jxpath.ri.model.dynamic.DynamicPropertiesModelTest::testCreatePathCreateBean
22,org.apache.commons.jxpath.ri.model.dynamic.DynamicPropertiesModelTest::testCreatePathAndSetValueCreateBean
22,org.apache.commons.jxpath.ri.model.dynamic.DynamicPropertiesModelTest::testCreatePathCollectionElement
22,org.apache.commons.jxpath.ri.model.dynamic.DynamicPropertiesModelTest::testCreatePathAndSetValueCollectionElement
22,org.apache.commons.jxpath.ri.model.dynamic.DynamicPropertiesModelTest::testCreatePathNewCollectionElement
22,org.apache.commons.jxpath.ri.model.dynamic.DynamicPropertiesModelTest::testCreatePathAndSetValueNewCollectionElement
22,org.apache.commons.jxpath.ri.model.dynamic.DynamicPropertiesModelTest::testRemovePath
22,org.apache.commons.jxpath.ri.model.dynamic.DynamicPropertiesModelTest::testRemovePathArrayElement
22,org.apache.commons.jxpath.ri.model.dynamic.DynamicPropertiesModelTest::testCollectionOfMaps
22,org.apache.commons.jxpath.ri.model.dynamic.DynamicPropertiesModelTest::testMapOfMaps
22,org.apache.commons.jxpath.ri.model.dynabeans.LazyDynaBeanTest::testStrictLazyDynaBeanPropertyFactory
22,org.apache.commons.jxpath.ri.model.dom.DOMModelTest::testGetNode
22,org.apache.commons.jxpath.ri.model.dom.DOMModelTest::testGetElementDescendantOrSelf
22,org.apache.commons.jxpath.ri.model.container.ContainerModelTest::testContainerVariableWithCollection
22,org.apache.commons.jxpath.ri.model.container.ContainerModelTest::testContainerPropertyWithCollection
22,org.apache.commons.jxpath.ri.model.container.ContainerModelTest::testContainerMapWithCollection
22,org.apache.commons.jxpath.ri.model.container.ContainerModelTest::testContainerRootWithCollection
22,org.apache.commons.jxpath.ri.model.beans.BeanModelTest::testIndexedProperty
22,org.apache.commons.jxpath.ri.model.beans.BadlyImplementedFactoryTest::testBadFactoryImplementation
22,org.apache.commons.jxpath.ri.model.XMLUpperCaseElementsTest::testBasicGetDOM
22,org.apache.commons.jxpath.ri.model.XMLUpperCaseElementsTest::testBasicGetJDOM
22,org.apache.commons.jxpath.ri.model.XMLUpperCaseElementsTest::testBasicIterateDOM
22,org.apache.commons.jxpath.ri.model.XMLUpperCaseElementsTest::testBasicIterateJDOM
22,org.apache.commons.jxpath.ri.model.XMLSpaceTest::testUnspecifiedDOM
22,org.apache.commons.jxpath.ri.model.XMLSpaceTest::testDefaultDOM
22,org.apache.commons.jxpath.ri.model.XMLSpaceTest::testPreserveDOM
22,org.apache.commons.jxpath.ri.model.XMLSpaceTest::testNestedDOM
22,org.apache.commons.jxpath.ri.model.XMLSpaceTest::testNestedWithCommentsDOM
22,org.apache.commons.jxpath.ri.model.XMLSpaceTest::testUnspecifiedJDOM
22,org.apache.commons.jxpath.ri.model.XMLSpaceTest::testDefaultJDOM
22,org.apache.commons.jxpath.ri.model.XMLSpaceTest::testPreserveJDOM
22,org.apache.commons.jxpath.ri.model.XMLSpaceTest::testNestedJDOM
22,org.apache.commons.jxpath.ri.model.XMLSpaceTest::testNestedWithCommentsJDOM
22,org.apache.commons.jxpath.ri.model.XMLPreserveSpaceTest::testUnspecifiedDOM
22,org.apache.commons.jxpath.ri.model.XMLPreserveSpaceTest::testDefaultDOM
22,org.apache.commons.jxpath.ri.model.XMLPreserveSpaceTest::testPreserveDOM
22,org.apache.commons.jxpath.ri.model.XMLPreserveSpaceTest::testNestedDOM
22,org.apache.commons.jxpath.ri.model.XMLPreserveSpaceTest::testNestedWithCommentsDOM
22,org.apache.commons.jxpath.ri.model.XMLPreserveSpaceTest::testUnspecifiedJDOM
22,org.apache.commons.jxpath.ri.model.XMLPreserveSpaceTest::testDefaultJDOM
22,org.apache.commons.jxpath.ri.model.XMLPreserveSpaceTest::testPreserveJDOM
22,org.apache.commons.jxpath.ri.model.XMLPreserveSpaceTest::testNestedJDOM
22,org.apache.commons.jxpath.ri.model.XMLPreserveSpaceTest::testNestedWithCommentsJDOM
22,org.apache.commons.jxpath.ri.model.for::testDocumentOrder
22,org.apache.commons.jxpath.ri.model.for::testSetValue
22,org.apache.commons.jxpath.ri.model.for::testCreatePath
22,org.apache.commons.jxpath.ri.model.for::testCreatePathAndSetValue
22,org.apache.commons.jxpath.ri.model.for::testRemovePath
22,org.apache.commons.jxpath.ri.model.for::testID
22,org.apache.commons.jxpath.ri.model.for::testAxisChild
22,org.apache.commons.jxpath.ri.model.for::testAxisChildIndexPredicate
22,org.apache.commons.jxpath.ri.model.for::testAxisDescendant
22,org.apache.commons.jxpath.ri.model.for::testAxisParent
22,org.apache.commons.jxpath.ri.model.for::testAxisFollowingSibling
22,org.apache.commons.jxpath.ri.model.for::testAxisPrecedingSibling
22,org.apache.commons.jxpath.ri.model.for::testAxisPreceding
22,org.apache.commons.jxpath.ri.model.for::testAxisAttribute
22,org.apache.commons.jxpath.ri.model.for::testAxisNamespace
22,org.apache.commons.jxpath.ri.model.for::testAxisAncestor
22,org.apache.commons.jxpath.ri.model.for::testAxisAncestorOrSelf
22,org.apache.commons.jxpath.ri.model.for::testAxisFollowing
22,org.apache.commons.jxpath.ri.model.for::testAxisSelf
22,org.apache.commons.jxpath.ri.model.for::testNodeTypeComment
22,org.apache.commons.jxpath.ri.model.for::testNodeTypeText
22,org.apache.commons.jxpath.ri.model.for::testNodeTypeProcessingInstruction
22,org.apache.commons.jxpath.ri.model.for::testLang
22,org.apache.commons.jxpath.ri.model.for::testDocument
22,org.apache.commons.jxpath.ri.model.for::testContainer
22,org.apache.commons.jxpath.ri.model.for::testElementInVariable
22,org.apache.commons.jxpath.ri.model.for::testTypeConversions
22,org.apache.commons.jxpath.ri.model.for::testBooleanFunction
22,org.apache.commons.jxpath.ri.model.for::testFunctionsLastAndPosition
22,org.apache.commons.jxpath.ri.model.for::testNamespaceMapping
22,org.apache.commons.jxpath.ri.model.for::testUnion
22,org.apache.commons.jxpath.ri.model.for::testNodes
22,org.apache.commons.jxpath.ri.model.MixedModelTest::testVar
22,org.apache.commons.jxpath.ri.model.MixedModelTest::testVarPrimitive
22,org.apache.commons.jxpath.ri.model.MixedModelTest::testVarBean
22,org.apache.commons.jxpath.ri.model.MixedModelTest::testVarMap
22,org.apache.commons.jxpath.ri.model.MixedModelTest::testVarList
22,org.apache.commons.jxpath.ri.model.MixedModelTest::testVarDocument
22,org.apache.commons.jxpath.ri.model.MixedModelTest::testVarElement
22,org.apache.commons.jxpath.ri.model.MixedModelTest::testVarContainer
22,org.apache.commons.jxpath.ri.model.MixedModelTest::testBeanPrimitive
22,org.apache.commons.jxpath.ri.model.MixedModelTest::testBeanBean
22,org.apache.commons.jxpath.ri.model.MixedModelTest::testBeanMap
22,org.apache.commons.jxpath.ri.model.MixedModelTest::testBeanList
22,org.apache.commons.jxpath.ri.model.MixedModelTest::testBeanDocument
22,org.apache.commons.jxpath.ri.model.MixedModelTest::testBeanElement
22,org.apache.commons.jxpath.ri.model.MixedModelTest::testBeanContainer
22,org.apache.commons.jxpath.ri.model.MixedModelTest::testMapPrimitive
22,org.apache.commons.jxpath.ri.model.MixedModelTest::testMapBean
22,org.apache.commons.jxpath.ri.model.MixedModelTest::testMapMap
22,org.apache.commons.jxpath.ri.model.MixedModelTest::testMapList
22,org.apache.commons.jxpath.ri.model.MixedModelTest::testMapDocument
22,org.apache.commons.jxpath.ri.model.MixedModelTest::testMapElement
22,org.apache.commons.jxpath.ri.model.MixedModelTest::testMapContainer
22,org.apache.commons.jxpath.ri.model.MixedModelTest::testListPrimitive
22,org.apache.commons.jxpath.ri.model.MixedModelTest::testListBean
22,org.apache.commons.jxpath.ri.model.MixedModelTest::testListMap
22,org.apache.commons.jxpath.ri.model.MixedModelTest::testListList
22,org.apache.commons.jxpath.ri.model.MixedModelTest::testListDocument
22,org.apache.commons.jxpath.ri.model.MixedModelTest::testListElement
22,org.apache.commons.jxpath.ri.model.MixedModelTest::testListContainer
22,org.apache.commons.jxpath.ri.model.MixedModelTest::testNull
22,org.apache.commons.jxpath.ri.model.MixedModelTest::testRootAsCollection
22,org.apache.commons.jxpath.ri.model.MixedModelTest::testCreatePath
22,org.apache.commons.jxpath.ri.model.MixedModelTest::testIterateArray
22,org.apache.commons.jxpath.ri.model.MixedModelTest::testIteratePointersArray
22,org.apache.commons.jxpath.ri.model.MixedModelTest::testIteratePointersArrayElementWithVariable
22,org.apache.commons.jxpath.ri.model.MixedModelTest::testIterateVector
22,org.apache.commons.jxpath.ri.model.MixedModelTest::testErrorProperty
22,org.apache.commons.jxpath.ri.model.MixedModelTest::testMatrix
22,org.apache.commons.jxpath.ri.model.MixedModelTest::testCreatePathAndSetValueWithMatrix
22,org.apache.commons.jxpath.ri.model.MixedModelTest::testCollectionPointer
22,org.apache.commons.jxpath.ri.model.JXPath151Test::testMapValueEquality
22,org.apache.commons.jxpath.ri.model.JXPath151Test::testMapValueEqualityUsingNameAttribute
22,org.apache.commons.jxpath.ri.model.ExternalXMLNamespaceTest::testAttributeDOM
22,org.apache.commons.jxpath.ri.model.ExternalXMLNamespaceTest::testElementDOM
22,org.apache.commons.jxpath.ri.model.ExternalXMLNamespaceTest::testCreateAndSetAttributeDOM
22,org.apache.commons.jxpath.ri.model.EmptyCollectionTest::testEmptyList
22,org.apache.commons.jxpath.ri.model.EmptyCollectionTest::testEmptyArray
22,org.apache.commons.jxpath.ri.model.EmptyCollectionTest::testEmptySet
22,org.apache.commons.jxpath.ri.model.EmptyCollectionTest::testEmptyChildList
22,org.apache.commons.jxpath.ri.model.EmptyCollectionTest::testEmptyChildArray
22,org.apache.commons.jxpath.ri.model.EmptyCollectionTest::testEmptyChildSet
22,org.apache.commons.jxpath.ri.model.EmbeddedColonMapKeysTest::testSelectNodes
22,org.apache.commons.jxpath.ri.model.EmbeddedColonMapKeysTest::testSelectSingleNode
22,org.apache.commons.jxpath.ri.model.for::testIndividualIterators
22,org.apache.commons.jxpath.ri.model.for::testMultipleIterators
22,org.apache.commons.jxpath.ri.model.for::testIteratePropertyArrayWithHasNext
22,org.apache.commons.jxpath.ri.model.for::testIteratePropertyArrayWithoutHasNext
22,org.apache.commons.jxpath.ri.model.for::testIterateAndSet
22,org.apache.commons.jxpath.ri.model.for::testIteratePointerSetValue
22,org.apache.commons.jxpath.ri.model.for::testRoot
22,org.apache.commons.jxpath.ri.model.for::testAxisAncestor
22,org.apache.commons.jxpath.ri.model.for::testAxisChild
22,org.apache.commons.jxpath.ri.model.for::testAxisChildNestedBean
22,org.apache.commons.jxpath.ri.model.for::testAxisChildNestedCollection
22,org.apache.commons.jxpath.ri.model.for::testIndexPredicate
22,org.apache.commons.jxpath.ri.model.for::testAxisDescendant
22,org.apache.commons.jxpath.ri.model.for::testAxisDescendantOrSelf
22,org.apache.commons.jxpath.ri.model.for::testAxisFollowing
22,org.apache.commons.jxpath.ri.model.for::testAxisFollowingSibling
22,org.apache.commons.jxpath.ri.model.for::testAxisParent
22,org.apache.commons.jxpath.ri.model.for::testAxisPreceding
22,org.apache.commons.jxpath.ri.model.for::testAxisPrecedingSibling
22,org.apache.commons.jxpath.ri.model.for::testAxisSelf
22,org.apache.commons.jxpath.ri.model.for::testUnion
22,org.apache.commons.jxpath.ri.model.for::testAxisAttribute
22,org.apache.commons.jxpath.ri.model.for::testAttributeName
22,org.apache.commons.jxpath.ri.model.for::testAttributeLang
22,org.apache.commons.jxpath.ri.model.for::testCoreFunctions
22,org.apache.commons.jxpath.ri.model.for::testBooleanPredicate
22,org.apache.commons.jxpath.ri.model.for::testDocumentOrder
22,org.apache.commons.jxpath.ri.model.for::testSetPropertyValue
22,org.apache.commons.jxpath.ri.model.for::testSetCollectionElement
22,org.apache.commons.jxpath.ri.model.for::testSetContextDependentNode
22,org.apache.commons.jxpath.ri.model.for::testSetNonPrimitiveValue
22,org.apache.commons.jxpath.ri.model.for::testCreatePath
22,org.apache.commons.jxpath.ri.model.for::testCreatePathAndSetValue
22,org.apache.commons.jxpath.ri.model.for::testCreatePathExpandNewCollection
22,org.apache.commons.jxpath.ri.model.for::testCreatePathAndSetValueExpandNewCollection
22,org.apache.commons.jxpath.ri.model.for::testCreatePathExpandExistingCollection
22,org.apache.commons.jxpath.ri.model.for::testCreatePathExpandExistingCollectionAndSetProperty
22,org.apache.commons.jxpath.ri.model.for::testCreatePathAndSetValueExpandExistingCollection
22,org.apache.commons.jxpath.ri.model.for::testCreatePathCreateBeanExpandCollection
22,org.apache.commons.jxpath.ri.model.for::testCreatePathAndSetValueCreateBeanExpandCollection
22,org.apache.commons.jxpath.ri.model.for::testRemovePathPropertyValue
22,org.apache.commons.jxpath.ri.model.for::testRemovePathArrayElement
22,org.apache.commons.jxpath.ri.model.for::testRemoveAllArrayElements
22,org.apache.commons.jxpath.ri.model.for::testRemoveAllListElements
22,org.apache.commons.jxpath.ri.model.for::testRemoveAllMapEntries
22,org.apache.commons.jxpath.ri.model.for::testRemovePathBeanValue
22,org.apache.commons.jxpath.ri.model.for::testRelativeContextRelativePath
22,org.apache.commons.jxpath.ri.model.for::testRelativeContextAbsolutePath
22,org.apache.commons.jxpath.ri.model.for::testRelativeContextParent
22,org.apache.commons.jxpath.ri.model.for::testRelativeContextInheritance
22,org.apache.commons.jxpath.ri.model.AliasedNamespaceIterationTest::testIterateDOM
22,org.apache.commons.jxpath.ri.model.AliasedNamespaceIterationTest::testIterateJDOM
22,org.apache.commons.jxpath.ri.compiler.VariableTest::testVariables
22,org.apache.commons.jxpath.ri.compiler.VariableTest::testVariablesInExpressions
22,org.apache.commons.jxpath.ri.compiler.VariableTest::testInvalidVariableName
22,org.apache.commons.jxpath.ri.compiler.VariableTest::testNestedContext
22,org.apache.commons.jxpath.ri.compiler.VariableTest::testSetValue
22,org.apache.commons.jxpath.ri.compiler.VariableTest::testCreatePathDeclareVariable
22,org.apache.commons.jxpath.ri.compiler.VariableTest::testCreatePathAndSetValueDeclareVariable
22,org.apache.commons.jxpath.ri.compiler.VariableTest::testCreatePathDeclareVariableSetCollectionElement
22,org.apache.commons.jxpath.ri.compiler.VariableTest::testCreateAndSetValuePathDeclareVariableSetCollectionElement
22,org.apache.commons.jxpath.ri.compiler.VariableTest::testCreatePathExpandCollection
22,org.apache.commons.jxpath.ri.compiler.VariableTest::testCreatePathAndSetValueExpandCollection
22,org.apache.commons.jxpath.ri.compiler.VariableTest::testCreatePathDeclareVariableSetProperty
22,org.apache.commons.jxpath.ri.compiler.VariableTest::testCreatePathAndSetValueDeclareVariableSetProperty
22,org.apache.commons.jxpath.ri.compiler.VariableTest::testCreatePathDeclareVariableSetCollectionElementProperty
22,org.apache.commons.jxpath.ri.compiler.VariableTest::testCreatePathAndSetValueDeclVarSetCollectionElementProperty
22,org.apache.commons.jxpath.ri.compiler.VariableTest::testRemovePathUndeclareVariable
22,org.apache.commons.jxpath.ri.compiler.VariableTest::testRemovePathArrayElement
22,org.apache.commons.jxpath.ri.compiler.VariableTest::testRemovePathCollectionElement
22,org.apache.commons.jxpath.ri.compiler.VariableTest::testUnionOfVariableAndNode
22,org.apache.commons.jxpath.ri.compiler.VariableTest::testIterateVariable
22,org.apache.commons.jxpath.ri.compiler.JXPath149Test::testComplexOperationWithVariables
22,org.apache.commons.jxpath.ri.compiler.ExtensionFunctionTest::testConstructorLookup
22,org.apache.commons.jxpath.ri.compiler.ExtensionFunctionTest::testConstructorLookupWithExpressionContext
22,org.apache.commons.jxpath.ri.compiler.ExtensionFunctionTest::testStaticMethodLookup
22,org.apache.commons.jxpath.ri.compiler.ExtensionFunctionTest::testStaticMethodLookupWithConversion
22,org.apache.commons.jxpath.ri.compiler.ExtensionFunctionTest::testMethodLookup
22,org.apache.commons.jxpath.ri.compiler.ExtensionFunctionTest::testStaticMethodLookupWithExpressionContext
22,org.apache.commons.jxpath.ri.compiler.ExtensionFunctionTest::testMethodLookupWithExpressionContext
22,org.apache.commons.jxpath.ri.compiler.ExtensionFunctionTest::testMethodLookupWithExpressionContextAndArgument
22,org.apache.commons.jxpath.ri.compiler.ExtensionFunctionTest::testAllocation
22,org.apache.commons.jxpath.ri.compiler.ExtensionFunctionTest::testMethodCall
22,org.apache.commons.jxpath.ri.compiler.ExtensionFunctionTest::testCollectionMethodCall
22,org.apache.commons.jxpath.ri.compiler.ExtensionFunctionTest::testStaticMethodCall
22,org.apache.commons.jxpath.ri.compiler.ExtensionFunctionTest::testExpressionContext
22,org.apache.commons.jxpath.ri.compiler.ExtensionFunctionTest::testCollectionReturn
22,org.apache.commons.jxpath.ri.compiler.ExtensionFunctionTest::testNodeSetReturn
22,org.apache.commons.jxpath.ri.compiler.ExtensionFunctionTest::testEstablishNodeSetBaseline
22,org.apache.commons.jxpath.ri.compiler.ExtensionFunctionTest::testBCNodeSetHack
22,org.apache.commons.jxpath.ri.compiler.CoreOperationTest::testInfoSetTypes
22,org.apache.commons.jxpath.ri.compiler.CoreOperationTest::testNodeSetOperations
22,org.apache.commons.jxpath.ri.compiler.CoreOperationTest::testEmptyNodeSetOperations
22,org.apache.commons.jxpath.ri.compiler.CoreOperationTest::testNan
22,org.apache.commons.jxpath.ri.compiler.CoreFunctionTest::testCoreFunctions
22,org.apache.commons.jxpath.ri.compiler.CoreFunctionTest::testIDFunction
22,org.apache.commons.jxpath.ri.compiler.CoreFunctionTest::testKeyFunction
22,org.apache.commons.jxpath.ri.compiler.CoreFunctionTest::testExtendedKeyFunction
22,org.apache.commons.jxpath.ri.compiler.CoreFunctionTest::testFormatNumberFunction
22,org.apache.commons.jxpath.ri.compiler.ContextDependencyTest::testContextDependency
22,org.apache.commons.jxpath.ri.compiler.ContextDependencyTest::testContextDependency
22,org.apache.commons.jxpath.ri.axes.SimplePathInterpreterTest::testDoStepNoPredicatesPropertyOwner
22,org.apache.commons.jxpath.ri.axes.SimplePathInterpreterTest::testDoStepNoPredicatesStandard
22,org.apache.commons.jxpath.ri.axes.SimplePathInterpreterTest::testDoStepPredicatesPropertyOwner
22,org.apache.commons.jxpath.ri.axes.SimplePathInterpreterTest::testDoStepPredicatesStandard
22,org.apache.commons.jxpath.ri.axes.SimplePathInterpreterTest::testDoPredicateName
22,org.apache.commons.jxpath.ri.axes.SimplePathInterpreterTest::testDoPredicatesStandard
22,org.apache.commons.jxpath.ri.axes.SimplePathInterpreterTest::testDoPredicateIndex
22,org.apache.commons.jxpath.ri.axes.SimplePathInterpreterTest::testInterpretExpressionPath
22,org.apache.commons.jxpath.ri.axes.RecursiveAxesTest::testInfiniteDescent
22,org.apache.commons.jxpath.ri.StressTest::testThreads
22,org.apache.commons.jxpath.ri.JXPathCompiledExpressionTest::testConstant
22,org.apache.commons.jxpath.ri.JXPathCompiledExpressionTest::testCoreFunction
22,org.apache.commons.jxpath.ri.JXPathCompiledExpressionTest::testCoreOperationAnd
22,org.apache.commons.jxpath.ri.JXPathCompiledExpressionTest::testCoreOperationOr
22,org.apache.commons.jxpath.ri.JXPathCompiledExpressionTest::testCoreOperationEqual
22,org.apache.commons.jxpath.ri.JXPathCompiledExpressionTest::testCoreOperationNameAttributeTest
22,org.apache.commons.jxpath.ri.JXPathCompiledExpressionTest::testCoreOperationNotEqual
22,org.apache.commons.jxpath.ri.JXPathCompiledExpressionTest::testCoreOperationLessThan
22,org.apache.commons.jxpath.ri.JXPathCompiledExpressionTest::testCoreOperationLessThanOrEqual
22,org.apache.commons.jxpath.ri.JXPathCompiledExpressionTest::testCoreOperationGreaterThan
22,org.apache.commons.jxpath.ri.JXPathCompiledExpressionTest::testCoreOperationGreaterThanOrEqual
22,org.apache.commons.jxpath.ri.JXPathCompiledExpressionTest::testCoreOperationDivide
22,org.apache.commons.jxpath.ri.JXPathCompiledExpressionTest::testCoreOperationMod
22,org.apache.commons.jxpath.ri.JXPathCompiledExpressionTest::testCoreOperationMultiply
22,org.apache.commons.jxpath.ri.JXPathCompiledExpressionTest::testCoreOperationMinus
22,org.apache.commons.jxpath.ri.JXPathCompiledExpressionTest::testCoreOperationSum
22,org.apache.commons.jxpath.ri.JXPathCompiledExpressionTest::testCoreOperationUnaryMinus
22,org.apache.commons.jxpath.ri.JXPathCompiledExpressionTest::testCoreOperationUnion
22,org.apache.commons.jxpath.ri.JXPathCompiledExpressionTest::testExpressionPath
22,org.apache.commons.jxpath.ri.JXPathCompiledExpressionTest::testExtensionFunction
22,org.apache.commons.jxpath.ri.JXPathCompiledExpressionTest::testLocationPathAxisSelf
22,org.apache.commons.jxpath.ri.JXPathCompiledExpressionTest::testLocationPathAxisChild
22,org.apache.commons.jxpath.ri.JXPathCompiledExpressionTest::testLocationPathAxisParent
22,org.apache.commons.jxpath.ri.JXPathCompiledExpressionTest::testLocationPathAxisAttribute
22,org.apache.commons.jxpath.ri.JXPathCompiledExpressionTest::testLocationPathAxisDescendant
22,org.apache.commons.jxpath.ri.JXPathCompiledExpressionTest::testLocationPathAxisDescendantOrSelf
22,org.apache.commons.jxpath.ri.JXPathCompiledExpressionTest::testLocationPathAxisOther
22,org.apache.commons.jxpath.ri.JXPathCompiledExpressionTest::testLocationPathNodeTest
22,org.apache.commons.jxpath.ri.JXPathCompiledExpressionTest::testVariableReference
22,org.apache.commons.jxpath.ri.ExceptionHandlerTest::testHandleFoo
22,org.apache.commons.jxpath.ri.ExceptionHandlerTest::testHandleBarBaz
22,org.apache.commons.jxpath.BasicNodeSetTest::testAdd
22,org.apache.commons.jxpath.BasicNodeSetTest::testRemove
22,org.apache.commons.jxpath.BasicNodeSetTest::testNodes
